kategori,judul,link,waktu_lengkap,waktu_relatif,gambar,isi_berita
Raket,Kevin Sanjaya Antusias Lihat Semangat Talenta Bulutangkis Indonesia,https://sport.detik.com/raket/d-8656218/kevin-sanjaya-antusias-lihat-semangat-talenta-bulutangkis-indonesia,"Kamis, 10 Sep 2026 01:15 WIB",2 jam yang lalu,https://awsimages.detik.net.id/community/media/visual/2026/09/09/bulutangkis-1788970895814_43.jpeg?w=210&q=90,"Audisi Umum PB Djarum 2026 sedang berlangsung di Kudus.Kevin Sanjayajadi teringat momen saat dirinya berupaya mengejar mimpi.

Audisi Umum PB Djarum 2026 Kudus dihelat di GOR Djarum, Jati, pada Rabu (9/9) hingga Minggu (13/9). Tak kurang, sebanyak 1.601 peserta yang berasal dari berbagai penjuru Indonesia mulai dari Sumatera hingga Papua.

Mantan atlet bulutangkis Indonesia ternama, Kevin Sanjaya, ikut terlibat dalam Tim Pencari Bakat PB Djarum. Dia juga merupakan sosok legenda di PB Djarum.

""Hadir di GOR Jati membuat saya bernostalgia semasa pertama kali mengikuti Audisi Umum PB Djarum di tahun 2006 lalu. Saya senang melihat perjuangan adik-adik yang begitu gigih. Menurut saya, mentalitas bertanding dan siap akan hasil apapun di lapangan menjadi poin penting untuk menjadi pebulutangkis andal. Jadi antara keinginan untuk menang dan rasa takut kalah itu harus seimbang,"" kata Kevin dalam rilis yang diterima detikSport.

""Melihat antusiasme yang luar biasa dari adik-adik di audisi kali ini, saya rasa ini merupakan angin segar bagi regenerasi bulutangkis kita karena merekalah calon-calon pahlawan olahraga untuk Indonesia di masa depan,"" sambungnya.

Para bibit potensial ini tersebar di tiga kategori usia yaitu U-11, KU-11, dan KU-12 baik putra maupun putri. Adapun Kudus menjadi kota ketiga pelaksanaan proses seleksi pebulutangkis muda berkualitas super setelah lebih dahulu diadakan di Pekanbaru (Juli) dan Makassar (Agustus).

""Bertepatan dengan Hari Olahraga Nasional, kami ingin terus mengambil peran dalam mendukung kemajuan olahraga Indonesia melalui pembinaan atlet sejak usia dini. Audisi Umum PB Djarum menjadi salah satu langkah untuk menemukan talenta-talenta muda potensial dari berbagai daerah,"" kata Program Director Bakti Olahraga Djarum Foundation sekaligus Ketua PB Djarum, Yoppy Rosimin."
Sport Lain,Atlet Muda Modern Pentathlon Punya Kesempatan Karier di Militer,https://sport.detik.com/sport-lain/d-8656170/atlet-muda-modern-pentathlon-punya-kesempatan-karier-di-militer,"Rabu, 09 Sep 2026 23:50 WIB",3 jam yang lalu,https://awsimages.detik.net.id/community/media/visual/2023/07/06/modern-pentathlon-indonesia_43.jpeg?w=210&q=90,"Modern Pentathlonakan dipertandingkan dalam momen Hari Ulang Tahun (HUT) TNI ke-81. Ketua Umum Pengurus Pusat Modern Pentathlon Indonesia (PP MPI), Marsekal Muda (Marsda) TNI Purwoko Aji Prabowo, menyampaikan apresiasi.

Modern Pentathlon adalah cabang olahraga Olimpiade yang menggabungkan lima disiplin berbeda: anggar, renang, lari, menembak, dan rintangan (obstacle) yang menggantikan disiplin berkuda mulai tahun 2025.

Modern Pentathlon Indonesia Open 2026 yang memperebutkan Piala Panglima TNI ini dijadwalkan akan berlangsung di Akademi Angkatan Udara (AAU) Yogyakarta, 23-25 September 2026.

""Merupakan suatu kehormatan modern pentathlon menjadi satu dari delapan cabang olahraga yang dipertandingkan dalam rangka memperingati HUT ke-81 TNI tahun 2026. Kami siap mensukseskan Modern Pentathlon Indonesia Open 2026 memperebutkan Piala Panglima TNI,"" kata Purwoko Aji Prabowo yang mendampingi Panglima Koopsudnas (Pangkoopsudnas) Marsekal Madya (Marsdya) TNI Minggit Tribowo.

""Keberadaan Modern Pentathlon Indonesia Open 2026 ini mewujudkan keinginan kami untuk terus menggemakan pembinaan Modern Pentathlon yang mampu membentuk karakter generasi muda yang berdisiplin tinggi, berdaya juang, dan bertalenta juara,"" sambungnya dalam wawancara dengan medai di Ruang Leo Watimena Koopsudnas, Lanud Halim Perdanakusuma, Jakarta Timur, Selasa (8/9/2026).

Purwoko Aji Prabowo juga menyampaikan kabar gembira bagi para atlet muda Modern Pentathlon yang tampil dalam perebutan Piala Panglima TNI. Dia memastikan PP MPI akan mengawal serta memfasilitasi para pemenang di kategori U-19 yang memiliki minat untuk melanjutkan karier di dunia militer melalui jalur prestasi.

""Kami membuka kesempatan bagi para juara di kategori U-19, jika tertarik bergabung menjadi anggota TNI, akan coba kami fasilitasi. Kesempatan dari Panglima TNI ini terbuka lebar bagi bibit-bibit muda berprestasi,"" pungkas Marsda TNI Purwoko Aji.

Kejuaraan Piala Panglima TNI 2026 membuka persaingan untuk kategori Senior serta U-19 (putra dan putri). Tiga nomor utama yang siap menguji ketahanan fisik dan mental para atlet meliputi: Pentathlon, Triathle, dan Biathle.

Lebih jauh Purwoko Aji menyampaiakan, perkembangan prestasi Modern Pentathlon Indonesia mengalami peningkatan prestasi cukup signifikan. Pada SEA Games Thailand 2025 lalu, Timnas Modern Pentathlon Indonesia telah menyumbangkan 1 medali emas, 3 perak, dan 1 perunggu. Kini, PP MPI sudah menyiapkan 5 atlet yang bakal tampil di Asian Games Aichi-Nagoya 2026.

""Kita sudah mempersiapkan kelima atlet Modern Petathlon Indonesia dengan maksimal sehingga bisa memberikan yang terbaik pada saat tampil di Asian Games 2026 nanti. Khusus Modern Pentathlon Indonesia Open 2026 ini, kita berharap muncul bibit-bibit potensial yang akan dibina untuk persiapan menghadapi single dan multi event internasional ke depan,"" tutupnya."
Sport Lain,Romy Tahrizi Juara Nasional Shifter 2026 Bersama Dewa United,https://sport.detik.com/sport-lain/d-8656176/romy-tahrizi-juara-nasional-shifter-2026-bersama-dewa-united,"Rabu, 09 Sep 2026 23:15 WIB",4 jam yang lalu,https://awsimages.detik.net.id/community/media/visual/2026/09/09/gokart-1788967053972_43.jpeg?w=210&q=90,"Kejuaraan Nasional Gokart 2026yang berlangsung dalam enam putaran menghadirkan persaingan ketat hingga seri terakhir. Romy Tahrizi berhasil menjadi Juara Nasional Shifter 150 tahun 2026 bersama Dewa United Motorsport setelah melalui perjuangan sepanjang musim.

Kepastian tersebut diraih Romy pada Final Race Round 6 yang berlangsung pada 5-6 September 2026. Sebelumnya, pembalap yang juga berprofesi sebagai Lawyer di Kantor AHHN Lawyers tersebut masih menempati posisi kedua klasemen sementara dengan selisih 15 poin dari pemuncak klasemen.

Dengan tampil konsisten dan mampu mengamankan posisinya hingga balapan berakhir, Romy berhasil mengungguli pesaing terdekatnya sekaligus mengumpulkan poin terbanyak sepanjang musim. Hasil tersebut mengantarkannya menjadi pemuncak klasemen akhir Kejuaraan Nasional Gokart 2026 kelas Shifter 150.

Pencapaian ini menjadi hasil dari proses panjang yang tidak mudah. Sebagai pembalap dengan usia 37 tahun sekaligus salah satu pembalap paling senior di kelas Shifter 150, Romy harus mempersiapkan kondisi fisik dan mental secara optimal. Balapan gokart dengan intensitas tinggi membutuhkan stamina, konsentrasi, serta daya tahan fisik yang prima, terutama dalam menghadapi rangkaian kompetisi selama satu musim.

Sepanjang enam putaran yang berlangsung sejak Januari hingga September 2026, Romy mencatatkan empat kemenangan, satu kali finis sebagai runner-up, dan satu kali gagal menyelesaikan balapan. Dengan torehan tersebut, Romy berhasil mengoleksi lima podium dan memastikan gelar Juara Nasional Shifter 150 tahun 2026.

Performa Romy tidak terlepas dari dukungan penuh Dewa United Motorsport yang secara konsisten memberikan persiapan dan setting gokart terbaik di setiap putaran. Kolaborasi antara pembalap dan tim menjadi salah satu faktor penting dalam menjaga performa hingga akhirnya mampu mengamankan gelar juara nasional.

Kebahagiaan semakin lengkap karena keberhasilan Romy juga turut mengantarkan Dewa United Motorsport menjadi Juara Nasional Tim pada Kejuaraan Nasional Gokart 2026. Romy bersama para pembalap Dewa United Motorsport yang dikenal dengan sebutan ""Anak Dewa"" berhasil memberikan kontribusi penting terhadap pencapaian tersebut.

Persaingan pada putaran terakhir juga berlangsung dalam kondisi yang penuh tantangan. Balapan sempat terancam ditiadakan akibat abu vulkanik dari erupsi Anak Krakatau yang mencapai kawasan Sentul Karting Circuit. Kondisi tersebut membuat permukaan lintasan menjadi berdebu dan jarak pandang pembalap sangat terbatas.

Setelah mengalami penundaan selama hampir empat jam, balapan akhirnya dapat dilangsungkan setelah dilakukan penanggulangan oleh pihak organizer bersama petugas pemadam kebakaran yang melakukan penyemprotan di seluruh permukaan lintasan. Kondisi tersebut menambah tantangan bagi para pembalap dalam menentukan strategi dan menjaga konsentrasi hingga balapan berakhir.

""Gelar ini tentu sangat berarti bagi saya karena perjuangannya tidak mudah. Sepanjang musim kami harus menjaga konsistensi, mempersiapkan fisik, menjaga fokus, dan terus melakukan evaluasi dari satu seri ke seri berikutnya. Apalagi persaingan di kelas Shifter 150 sangat ketat dan saya juga harus mampu menjaga kondisi di tengah kesibukan sebagai lawyer,"" kata Romy Tahrizi dalam pernyataan resminya.

""Saya bersyukur kerja keras bersama tim akhirnya membuahkan hasil. Terima kasih yang sebesar-besarnya untuk Dewa United Motorsport yang selalu memberikan support dan setting terbaik di setiap seri. Gelar ini bukan hanya milik saya, tetapi juga milik seluruh tim, keluarga, sponsor, dan semua pihak yang terus memberikan dukungan,"" lanjutnya.

Romy juga menegaskan bahwa keberhasilan meraih gelar juara nasional bukan menjadi akhir dari perjalanan, melainkan motivasi untuk menghadapi tantangan berikutnya.

""Saya ingin menjadikan pencapaian tahun ini sebagai motivasi untuk terus berkembang. Target ke depan tentu mempertahankan gelar dan, jika ada kesempatan, mencoba berkompetisi di level internasional. Saya percaya selama kita mau bekerja keras, terus belajar, dan tidak mudah menyerah, masih banyak hal yang bisa dicapai. Mudah-mudahan saya bisa terus memberikan prestasi terbaik bersama Dewa United Motorsport,"" kata Romy.

Ke depan, Romy Tahrizi bertekad mempertahankan gelar Juara Nasional sekaligus membuka peluang untuk tampil di kompetisi gokart internasional. Komitmen tersebut akan terus dijalankan bersama Dewa United Motorsport yang telah memberikan kepercayaan dan dukungan sepanjang musim 2026.

Atas pencapaian tersebut, Romy menyampaikan apresiasi kepada seluruh jajaran Dewa United Motorsport, sponsor, keluarga, kerabat, serta seluruh pihak yang telah memberikan dukungan dan kepercayaan selama perjalanan kompetisinya hingga berhasil meraih gelar Juara Nasional Shifter 150 tahun 2026."
Sport Lain,Asian Games: Ketum PBTI Yakin Taekwondo Bisa Berkontribusi untuk Indonesia,https://sport.detik.com/sport-lain/d-8656181/asian-games-ketum-pbti-yakin-taekwondo-bisa-berkontribusi-untuk-indonesia,"Rabu, 09 Sep 2026 22:22 WIB",5 jam yang lalu,https://awsimages.detik.net.id/community/media/visual/2026/09/09/taekwondo-1788964543964_43.jpeg?w=210&q=90,"Asian Games 2026tak lama lagi akan dimulai.Ketua Umum Pengurus Besar Taekwondo Indonesia (PBTI), Letjen TNI Richard Tampubolon, menyampaikan optimismennya terkait cabang olahraga yang dia pimpin.

Asian Games 2026 berlangsung di Aichi-Nagoya, Jepang. Ajang multi-event olahraga Asia itu akan resmi dibuka pada 19 September dan ditutup pada 4 Oktober 2026.

Presiden RI Prabowo Subianto secara resmi melepas kontingen Indonesia di Istana Kepresidenan, Jakarta Pusat, Rabu (9/9/2026). Ketua Umum Pengurus Besar Taekwondo Indonesia (PBTI) Letjen TNI Richard Tampubolon turut hadir dalam acara tersebut.

Dalam kesempatan tersebut, Prabowo berpesan kepada para atlet untuk menjaga konsistensi latihan. Orang nomor satu di Indonesia itu juga berharap para perwakilan Indonesia bisa memperlihatkan karakter bangsa.

""Kunci utama untuk meraih prestasi tertinggi adalah konsistensi dalam berlatih dan semangat pantang menyerah. Ia berharap para atlet dapat menunjukkan karakter bangsa Indonesia yang tangguh saat bertanding di Jepang nanti,"" kata PRabowo.

Pesan tersebut menjadi motivasi bagi para atlet Indonesia, termasuk para wakil Taekwondo Indonesia yang akan membawa Merah Putih di Aichi-Nagoya.

""Dengan persiapan dan evaluasi yang berkesinambungan, saya yakin para atlet Taekwondo dapat memberikan kontribusi maksimal untuk kejayaan Indonesia,"" kata Richard Tampubolon.

Asian Games Aichi-Nagoya 2026 akan menjadi salah satu panggung penting bagi Taekwondo Indonesia. Hasil baik nantinya bisa menjadibukti keberhasilanPBTI dalam pembinaan dan persiapan yang telah dilakukan sebelum menghadapi persaingan di level Asia."
Raket,BNI Dukung Skuad Bulutangkis Indonesia Menuju Asian Games 2026,https://sport.detik.com/raket/d-8656150/bni-dukung-skuad-bulutangkis-indonesia-menuju-asian-games-2026,"Rabu, 09 Sep 2026 21:53 WIB",5 jam yang lalu,https://awsimages.detik.net.id/community/media/visual/2026/09/09/bni-1788965592572_43.jpeg?w=210&q=90,"PT Bank Negara Indonesia (Persero) Tbk atau BNI kembali memberikan dukungan terhadap perjuangan bulutangkis Indonesia di panggung internasional. Hal ini seiring ditetapkannya 20 pebulu tangkis yang akan memperkuat Merah Putih pada Asian Games 2026 Aichi-Nagoya, Jepang.

Dari 20 pemain yang dipilih Persatuan Bulutangkis Seluruh Indonesia (PP PBSI), sebanyak 13 pemain akan menjalani debut di Asian Games. Mereka antara lain Alwi Farhan, Moh Zaki Ubaidillah, Muhammad Shohibul Fikri, Nikolaus Joaquin, Mutiara Ayu Puspitasari, Rachel Allessya Rose, hingga Nita Violina Marwah.

Sementara itu, tujuh pemain lainnya telah memiliki pengalaman tampil di Asian Games, yakni Jonatan Christie, Fajar Alfian, Leo Rolly Carnando, Daniel Marthin, Putri Kusuma Wardani, Febriana Dwipuji Kusuma, dan Siti Fadia Silva Ramadhanti.

Corporate Secretary BNI Okki Rushartomo mengatakan komposisi pemain berpengalaman dan debutan menunjukkan proses regenerasi yang terus berlangsung dalam bulutangkis Indonesia. Asian Games Aichi-Nagoya menjadi kesempatan bagi para pemain untuk menguji kemampuan sekaligus menambah pengalaman di level internasional.

""BNI berharap seluruh atlet yang memperkuat Indonesia dapat memberikan kemampuan terbaiknya. Kehadiran para pemain berpengalaman sekaligus debutan menunjukkan bahwa regenerasi terus berjalan dan menjadi bagian penting dalam menjaga kesinambungan prestasi bulutangkis Indonesia,"" ujar Okki dalam keterangan tertulis, Rabu (9/9/2026).

Asian Games 2026 juga menghadirkan kombinasi baru di sektor ganda campuran. Nikolaus Joaquin dan Siti Fadia Silva Ramadhanti dijadwalkan tampil sebagai pasangan pada ajang tersebut setelah sebelumnya masing-masing berkompetisi dengan pasangan berbeda.

Menurut Okki, hadirnya kombinasi pemain baru memberikan kesempatan untuk memperluas pengalaman bertanding sekaligus menambah alternatif bagi Indonesia dalam menghadapi persaingan di level Asia.

""Yang paling utama, kami berharap tim Indonesia dapat tampil maksimal pada nomor beregu, baik putra maupun putri. Setelah itu, kami juga berharap para atlet mampu menunjukkan performa terbaik pada nomor perorangan,"" kata Okki.

Nomor beregu bulutangkis Asian Games 2026 dijadwalkan berlangsung pada 20-24 September 2026, kemudian dilanjutkan dengan nomor perorangan pada 25-29 September 2026.

Dukungan terhadap perjuangan para atlet tersebut juga bertepatan dengan momentum Hari Olahraga Nasional (Haornas) yang diperingati setiap 9 September. Bagi BNI, Haornas menjadi pengingat pentingnya dukungan berkelanjutan terhadap pembinaan atlet dan pengembangan olahraga nasional.

BNI meyakini perjuangan para atlet di Asian Games 2026 dapat menjadi inspirasi bagi generasi muda untuk terus berprestasi sekaligus membawa nama Indonesia di tingkat Asia dan dunia."
Moto Gp,"Tebak Sirkuit MotoGP Bisa Dapat Saldo E-Wallet Rp 750 Ribu, Mau?",https://sport.detik.com/moto-gp/d-8656147/tebak-sirkuit-motogp-bisa-dapat-saldo-e-wallet-rp-750-ribu-mau,"Rabu, 09 Sep 2026 21:49 WIB",5 jam yang lalu,https://awsimages.detik.net.id/community/media/visual/2026/09/09/la-bold-1788965342999_43.png?w=210&q=90,"Buat kamu yang mengikuti MotoGP dan merasa hafal dengan karakter berbagai sirkuit, ada tantangan menarik yang bisa diikuti. Bold Riders bersama detikcom menghadirkan kuis tebak sirkuit MotoGP dengan hadiah saldo e-wallet total Rp750 ribu.

Dalam kuis ini, peserta ditantang menebak nama-nama sirkuit berdasarkan siluet pada postingan kuis. Tantangan tersebut bisa menjadi kesempatan untuk menguji seberapa jauh pengetahuan peserta terhadap berbagai lintasan MotoGP.

Menariknya, kuis ini tidak hanya mengandalkan jawaban yang tepat. Peserta juga perlu mengikuti sejumlah mekanisme yang telah ditentukan agar dapat mengikuti kuis sesuai ketentuan.

Untuk mengikuti kuis, peserta perlu memastikan beberapa persyaratan telah dilakukan. Berikut mekanismenya:

Follow akun Instagram @detikcom dan @boldriders.

Tulis nama-nama sirkuit yang sesuai dengan siluet pada slide 2 postingan kuis di kolom komentar.

Mention @detikcom, @boldriders, dan dua teman terdekat untuk ikut meramaikan kuis.

Pastikan jawaban dan seluruh mekanisme telah dilakukan sesuai ketentuan.

Kuis ini menguji kemampuan peserta dalam mengenali sirkuit hanya melalui tampilan siluet. Bagi penggemar yang terbiasa mengikuti balapan MotoGP, bentuk lintasan dan karakter tikungan dapat menjadi petunjuk untuk menentukan jawaban.

Selain menguji pengetahuan tentang sirkuit MotoGP, kuis ini juga menawarkan hadiah menarik. Tiga detikers dengan jawaban yang benar akan mendapatkan saldo e-wallet.

Masing-masing pemenang berhak mendapatkan saldo e-wallet sebesar Rp250 ribu, sehingga total hadiah yang disiapkan mencapai Rp750 ribu.

Jadi, buat kamu yang merasa jago mengenali sirkuit MotoGP, jangan lewatkan kesempatan untuk ikut menjawab tantangan ini. Siapkan jawaban terbaik, ikuti seluruh mekanisme yang berlaku, dan buktikan seberapa kenal kamu dengan berbagai lintasan MotoGP.

Bold Ridershadir sebagai wadah komunitas motormultigenre. Apa punbrandatau jenis motornya, semua bisa bergabung di bawah satu semangat yang sama:brotherhood. Sejalan dengan keberanian memacu adrenalin dan mengambil risiko di sirkuit, Bold Riders juga dengan bangga menjadi sponsor resmiGresini Racing Teamdi ajang MotoGP.

Lebih dari sekadar komunitas, Bold Riders mendukung penuh nilai-nilai yang menjadi jiwa dari MotoGP dan para pecinta roda dua untuk selalu berani tampil beda (Live Bold):

Keberanian mengambil keputusan dalam hitungan detik.

Mentalitas untuk terus maju dan berkembang.

Passionyang kuat terhadap dunia roda dua.

Dedikasi dalam menghargai proses, latihan, dan disiplin.

Prinsip untuk menjadikan setiap perjalanan sebagai pengalaman yang berarti.

Semangatbrotherhoodyang solid dan merangkul semua genre motor tanpa sekat.

Jangan sampai ketinggalan keseruannya!Followakun@boldriderssekarang untukupdateinfo terbaru seputar dunia motor dan MotoGP.

[Gambas:Instagram]"
Sport Lain,Pelatih Timnas Voli Putra RI Targetkan Medali di Asian Games 2026,https://sport.detik.com/sport-lain/d-8655872/pelatih-timnas-voli-putra-ri-targetkan-medali-di-asian-games-2026,"Rabu, 09 Sep 2026 20:50 WIB",6 jam yang lalu,https://awsimages.detik.net.id/community/media/visual/2026/09/09/reidel-toiran-1788942972203_43.jpeg?w=210&q=90,"Pelatih Timnas voli putra Indonesia, Reidel Toiran, memasang target medali di Asian Games 2026. Dia optimistis timnya bisa memberikan kejutan besar.

Timnas voli putra Indonesia saat ini diperkuat 12 pemain. Sejumlah pemain berpengalaman tetap menjadi bagian dari skuad, di antaranya Dio Zulfikri, Farhan Halim, dan Fahri Septian.

""Target kami dapat medali. Anak-anak semangat semua. Jadi, optimis nanti kompetisi ini kita bisa surprise (memberi kejutan) besar,"" kata Reidel saat ditemui di Wisma Serba Guna, GBK, Rabu (9/9/2026).

Menurut Reidel, timnya masih menjalani latihan berat. Waktu kurang dari dua pekan akan dimanfaatkan untuk memaksimalkan kondisi fisik para pemain sebelum berangkat ke Asian Games 2026.

""Sekarang masih latihan berat, masih ada panjang latihan, jadi belum lepas fisik. Ya, maksimalkan waktu karena kita ada evaluasi fisik kurang. Sekarang di fase untuk memaksimalkan taktik kita,"" kata Reidel.

Menyoal persaingan, Reidel menyebut Jepang, India, dan China bakal menjadi lawan berat Indonesia. Di sisi lain dia juga menilai performa timnya juga terus mengalami peningkatan.

Indonesia sebelumnya berhasil menjuarai AVC Men's Cup 2026. Tim Merah Putih mengalahkan Korea Selatan 3-0 pada pertandingan final di India.

""Ya, ada tim-tim terbaik. Ada Jepang, ada India, ada China juga lumayan bagus. Dan kita sudah mulai naik,"" tuturnya.

Pada Asian Games 2026, Indonesia tergabung di Pool B bersama Iran, Thailand, dan Kirgizstan. Reidel berharap dukungan masyarakat Indonesia untuk perjuangan timnas voli putra di Asian Games 2026.

""Ya, untuk masyarakat Indonesia terima kasih sampai sekarang sudah mendukung. Kami akan maksimal di pertandingan dan berharap maju,"" ujar Reidel."
Sport Lain,Ketum KOI Memastikan Atlet Terlayani dengan Baik di Nagoya,https://sport.detik.com/sport-lain/d-8656039/ketum-koi-memastikan-atlet-terlayani-dengan-baik-di-nagoya,"Rabu, 09 Sep 2026 20:22 WIB",7 jam yang lalu,https://awsimages.detik.net.id/community/media/visual/2026/08/11/ilustrasi-logo-asian-games-2026-1786440969672_43.jpeg?w=210&q=90,"Ketua UmumKomite Olimpiade Indonesia (KOI),Raja Sapta Oktohari, memastikan atlet terlayani dengan baik setibanya di Nagoya, Jepang. Ini untuk menjawab kondisi yang tengah terjadi di kota tersebut.

Nagoya tengah diterpa banjir besar yang mengakibatkan ratusan atlet Asian Games di Jepang dievakuasi dari tempat penginapan mereka.

Bahkan, menurut prakiraan cuaca menunjukkan akan ada lebih banyak hujan dalam beberapa hari ke depan, padahal pertandingan Asian Games akan dimulai 10 September, dan pembukaan resmi multievent empat tahunan itu baru dilakukan 19 September.""Hubungan kami dengan NOC Jepang cukup baik. Koordinasi tetap kami lakukan dan khusus Nagoya, tim CdM cukup intensif berkomunikasi, baik dengan pemerintahnya mapun LOC Aichi-Nagoya,"" kata Okto saat ditemui di Wisma Serba Guna, GBK, Rabu (9/9/2026).

""InsyaAllah kita akan berupaya terus supaya ada kepastian para atlet bisa terlayani dengan baik,"" tambahnya.

Selain banjir besar di wilayah Asian Games akan berlangsung, faktanya Indonesia juga diterpa tantangan lain.Mulai dari kebakaran di Kalimantan, banjir di Sumatra, hingga gunung erupsi di beberapa titik di Indonesia. Namun begitu, Okto berharap, tantangan ini bisa dijawab atlet dengan prestasi olahraga Indonesia.

""Kami menyampaikan kepada para atlet bahwa semua tantangan ini harus dijawab dengan prestasi. Harapannya dari prestasi itu bisa menjadi penguat semangat masyarakat Indonesia menghadapi semua tantangan yang sedang kita hadapi ini,"" ujarnya.

""Kita bangsa besar, kita tak mungkin akan menjadi kecil, cuma karena tantangan-tantangan ini. Jawabannya harus menang,"" tegas Okto.

Okto juga menilai tim CdM memiliki rencana cadangan dalam setiap situasi yang dihadapi. Termasuk terkait Timnas basket yang turut berdampak karena adanya banjir besar di Nagoya.""Hal seperti ini bukan pertama kali. Saya pernah jadi CdM di Olimpiade 2016, setiap situasi ada kondisi plan. Dan saya yakin pak Todotua Padaribu dari olahraga basket, sehingga saya sangat pede pasti setiap permasalahan akan dicarikan solusinya yang terbaik untuk para atletnya,"" tegasnya.

Begitu pun soal skema keberangkatan tim Asian Games untuk kloter berikutnya.""Skemanya memaksimalkan menyesuaikan keadaan. Bahwa kemarin pada saat mau berangkat airport ditutup, kami cari solusi dan komunikasikan dengan atlet dan ofisial. Jika mereka setuju dengan skema itu kami laksanakan karena yang paling utama memastikan pelayanan kepada atlet sehingga mereka bisa tampil maksimal,"" kata Okto."
Sportstyle,"Dari Hyrox ke 10K, Fanny Ghassani Pilih Pace Santai",https://sport.detik.com/sportstyle/d-8655787/dari-hyrox-ke-10k-fanny-ghassani-pilih-pace-santai,"Rabu, 09 Sep 2026 18:50 WIB",8 jam yang lalu,https://awsimages.detik.net.id/community/media/visual/2026/09/09/fanny-ghassani-1788947995421_43.jpeg?w=210&q=90,"Demam olahraga lari terus menjalar ke kalangan selebritas. Salah satu yang kini menggemari olahraga tersebut adalah Fanny Ghassani.

Setelah dua kali menjajal race, Fanny kini naik level. Sports enthusiast itu akan menjalani debut di nomor 10K RunXperience yang digelar pada awal Oktober 2026.

""Saya lari 5K sudah, 8K sudah, jadi habis itu 10K saja. Ini perdana bagi saya ikut di nomor tersebut,"" kata Fanny saat ditemui di kawasan Semanggi, Rabu (9/9/2026).

Bagi Fanny, 10K menjadi langkah sebelum nantinya mencoba Half Marathon atau Full Marathon. Namun, dia belum memasang target waktu dan memilih menikmati perlombaan.

""Enggak ada target sih. Saya kalau lari tuh inginnya menganggap lari tuh sesuatu yang fun gitu. Tidak pernah ada target. Saya belum sampai di tahap misalnya lari 10K harus satu jam gitu,"" dia mengungkapkan.

Kesibukan sebagai artis menjadi salah satu alasan Fanny tidak bisa memiliki waktu latihan yang teratur seperti pelari yang serius menekuni olahraga tersebut.

""Daripada saya terbebani dengan berapa waktu yang akan saya capai nanti, lebih baik yang penting larinya fun aja. Karena mengingat waktu latihan itu juga enggak akan bisa sama kayak mereka yang serius lari. Kerjaan kita kan tidak kayak pekerja kantoran pada umumnya,"" kata Fanny.

Kegemaran Fanny terhadap lari juga didorong kebutuhannya meningkatkan kemampuan fisik untuk mengikuti Hyrox, kompetisi kebugaran yang memadukan lari dan latihan fungsional.

Sadar membutuhkan fisik yang lebih kuat untuk Hyrox, Fanny mau tak mau menambah latihan, khususnya dalam program lari. Dia bahkan sudah dua kali menjajal race untuk meningkatkan kemampuan fisiknya.

""Sebenarnya dari dulu aku penasaran kenapa tidak bisa lari. Karena kayak kok aku bisa enggak suka lari, di saat semua orang suka lari,"" tuturnya.

""Sampai akhirnya aku seriusi lari karena hyrox. Di hyrox itu aku harus delapan kali lari, delapan kali station, jadi mau enggak mau, aku harus belajar bagaimana caranya lari cepat. Di situ lah aku memaksa diri lari.""

""Jadi kalau ditanya siapa yang ajak (lari)? Enggak ada, dari diri sendiri saja. Kalau tak latihan lari, aku pasti KO. Sebab, habis lari, lalu narik, jadi harus di-combine,"" tegasnya.

Meski kini mulai serius berlari, selebritas berusia 35 tahun itu tidak ingin terlalu ngoyo dalam mengikuti kompetisi lari, terutama dalam mengejar catatan waktu.

Fanny menyadari tujuan utama olahraga yang dilakukannya adalah menjaga kebugaran dan kesehatan.

""Aku ekspetasinya gitu (berdampak pada hyrox) tapi lebih dari itu lari buat kesehatan otot jantung. Sementara angkat beban lebih ke tulang, otot, yang dibentuk. Jadi aku juga perlu latihan untuk cardionya. Jadi aku mau,"" ujarnya.

""Tapi aku tak mau memaksakan diri mengingat aku bukan atlet atau waktu aku. Ini bukan pekerjaan aku, ya sadar diri saja. Jadi pace santai-santai tapi enggak pelan, enggak kencang juga,"" pungkasnya.

RunXperience 2026 digelar di dua kota. Setelah Surabaya pada 19 Juli 2026, gelaran tersebut akan berlanjut di Jakarta pada 4 Oktober 2026.

Di Surabaya, RunXperience digelar di kawasan Balai Kota Surabaya dan diikuti 3.500 peserta. Ajang tersebut mempertandingkan kategori 2,5K, 5K, dan 10K. Sementara di Jakarta, kategori yang tersedia adalah 2,5K Fun Run, 5K, 10K, dan 21K atau Half Marathon."
Sport Lain,Asian Games 2026: Prabowo Janjikan Bonus Rp 3 M untuk Peraih Emas,https://sport.detik.com/sport-lain/d-8655779/asian-games-2026-prabowo-janjikan-bonus-rp-3-m-untuk-peraih-emas,"Rabu, 09 Sep 2026 18:10 WIB",9 jam yang lalu,https://awsimages.detik.net.id/community/media/visual/2026/09/09/presiden-ri-prabowo-subianto-melepas-atlet-yang-akan-bertanding-di-asian-games-2026-di-aichi-nagoya-jepang-1788944191685_43.jpeg?w=210&q=90,"Kontingen Indonesia bersiap menatapAsian Games 2026di Jepang. Presiden RI,Prabowo Subianto, menjanjikan bonus Rp 3 miliar untuk peraih medali emas.

Asian Games 2026 berlangsung di Aichi-Nagoya, Jepang. Ajang multi-event olahraga Asia itu akan resmi dibuka pada 19 September dan ditutup pada 4 Oktober 2026.

Prabowo secara resmi melepas kontingen Indonesia di Istana Kepresidenan, Jakarta Pusat, Rabu (9/9/2026). Pada momen itu, Prabowo berpidato dan menyampaikan bonus untuk atlet peraih medali emas.

[Gambas:Instagram]

""Dan saya nggak lupa, saya diberi laporan Pak Erick, pak untuk Sea Games medali emas dapat Rp 1 miliar, tapi ini Asian Games medali Rp 3 miliar,"" kata Prabowo.

""Tanya semua pemimpin olahraga yang kemarin medali perak, medali perunggu pun karier-kariernya kita semua percepat. Ada yang 'Pak saya sudah sekian tahun belum baik pangkat', termasuk pelatih-pelatih,"" sambungnya.

Sebagai catatan, pada edisi Asian Games sebelumnya, pemerintah memberikan bonus kepada peraih emas nomor perorangan Rp 1.575.000.000, perak mendapatkan Rp 525.000.000, lalu perunggu mendapatkan Rp 262.500.000.

Tidak hanya kepada atlet, pelatih dan asisten pelatih juga pada saat itu diganjar bonus oleh pemerintah. Jumlahnya untuk pelatih yang atletnya meraih medali emas perorangan/ganda sebesar Rp 472.500.000, kemudian perak Rp 157.500.000, sementara perunggu sebesar Rp 78.750.000."
Sport Lain,"Rizki Juniansyah Siap Debut di Asian Games 2026, Naik Kelas ke 85 Kg",https://sport.detik.com/sport-lain/d-8655636/rizki-juniansyah-siap-debut-di-asian-games-2026-naik-kelas-ke-85-kg,"Rabu, 09 Sep 2026 17:30 WIB",10 jam yang lalu,https://awsimages.detik.net.id/community/media/visual/2026/09/09/rizki-juniansyah-1788940526540_43.jpeg?w=210&q=90,"Rizki Juniansyah siap menjalani debut di Asian Games 2026. Peraih medali emas Olimpiade Paris 2024 itu mengaku sudah pulih 100 persen setelah sempat mengalami cedera bahu bulan lalu.

Rizki akan tampil di kelas 85 kg putra. Dia menjadi salah satu andalan angkat besi Indonesia untuk meraih medali di Asian Games Aichi-Nagoya 2026, Jepang.

""Alhamdullilah cukup baik. Untui Asian Games ini, saya baru pemulihan lagi, angkatan juga sudah balik lagi, insyaAllah saya akan bertanding maksimal di Asian Games nanti,"" ujar Rizki saat ditemui di Wisma Serba Guna, GBK, Rabu (9/9/2026).

Berbeda dengan Olimpiade Paris 2024, Rizki akan turun di kelas 85 kg pada Asian Games 2026. Saat meraih emas Olimpiade, dia tampil di kelas 73 kg.

""Di Asian Games 2023 memang saya tidak main karena usus buntu (absen) alhamdullilah ini Asian Games pertama saya. Saya turun di kelas 85kg karena saya change dengan senior saya (Rahmat Erwin Abdullah), dan memang jatahnya satu orang satu kelas dan akhirnya saya yang 85kg,"" jelasnya.

Bagi Rizki, yang kini berusia 23 tahun, kenaikan kelas bukan perkara mudah. Dia harus menyesuaikan berat badan sekaligus meningkatkan power untuk menghadapi persaingan di kelas 85 kg.

""Yang pasti lebih berat lagi lawan-lawannya. Saya harus menjaga pola makan karena menaikkan berat badan harus (meningkatkan) seperti apa, nutrisi, protein dan lain-lainnya,"" ujarnya.

""Pertama makanan, kedua latihan harus full power lagi, ketiga kondisinya harus lebih baik lagi karena menaikkan berat badan bukan asal naik saja tapi kita harus punya power yang bermanfaat buat tanding,"" tuturnya.

Rizki mengungkapkan berat badannya saat ini masih 78 kg. Dia pun belum mencapai 80 kg. ""Jujur berat badan saya 78kg, enggak nyampe 80kg. Tapi tak masalah bagi saya, yang penting nanti pertandingan bisa maksimal dengan keadaan dan berat badan saya seperti ini,"" katanya.

Menyoal peta persaingan di kelas 85 kg, Rizki menyoroti lima negara yang dinilainya bakal menjadi tantangan berat. Mereka adalah Korea Utara, China, Iran, Thailand, dan Korea Selatan.

Meski persaingan berat, Rizki bertekad memberikan performa terbaik. Statusnya sebagai peraih medali emas Olimpiade juga membuat ekspektasi terhadap dirinya cukup tinggi.

""Ya sebenarnya bukan beban bagi saya tapi motivasi untuk semangat bertanding karena buat apa dijadikan beban. Kalau beban saya akan jelek di pertandingan.""

""Jadi saya tetap enjoy, walau negara menargetkan harus emas atau apa, lalu PB PABSI juga harus ini, yang penting saya enjoy dan jalan sendiri, dan berusaha yang terbaik buat Indonesia,"" pungkasnya."
Sport Lain,CdM Todotua: Kami Monitoring Terus Kondisi di Nagoya,https://sport.detik.com/sport-lain/d-8655308/cdm-todotua-kami-monitoring-terus-kondisi-di-nagoya,"Rabu, 09 Sep 2026 14:30 WIB",13 jam yang lalu,https://awsimages.detik.net.id/community/media/visual/2026/09/09/todotua-pasaribu-1788937099568_43.jpeg?w=210&q=90,"Chef de Mission (CdM) Indonesia Todotua Pasaributerus memonitoring kondisi di Nagoya, Jepang jelangAsian Games 2026.Itu setelah adanya banjir besar yang menimpa kota tersebut.

Hal tersebut ditekankan Todo, sapaan karibnya, karena berkaitan dengan kontingen Indonesia yang akan tampil di Asian Games 2026.

Mengutip lamanStraitstimes, ratusan atlet Asian Games di Jepang sempat dievakuasi dari tempat penginapan mereka akibat hujan lebat yang melanda kota tuan rumah Nagoya dengan kompetisi yang akan dimulai pada 10 September.

Air hujan juga merembes ke beberapa venue pertandingan, sementara prakiraan cuaca menunjukkan akan ada lebih banyak hujan dalam beberapa hari ke depan.

Sekitar 104 mm hujan turun dalam satu jam di Nagoya pada 8 September, yang mendorong pejabat pemerintah kota untuk mengeluarkan perintah evakuasi bagi beberapa wilayah di kota tersebut.

""Kami memonitoring terus sejak tadi malam. Memang kondisi pagi ini dari pemerintah Nagoya, ofisial dari pemerintah provinsi Nagoya sudah mengeluarkan warning untuk me-lock seluruh kegiatan yang ada di Nagoya,"" kata Todotua saat ditemui di Wisma Serba Guna, GBK, pada Rabu (9/9/2026).Kondisi ini, kata Todo, tak hanya berdampak pada kontingen Indonesia, tapi semua yang hadir di Nagoya.

Diketahui, Timnas basket menjadi kontingen cabor pertama dari Indonesia yang terbang ke Nagoya. Mereka bertolak pada Senin (7/9) malam dari Surabaya, kemudian ke Singapura, dan tiba di Jepang pada Selasa (8/9).

""Jadi impact-nya bukan cuma kita tapi semua yang hadir di sana. Kami dengan tim manajer di sana memikirkan untuk mencari tempat latihan darurat,"" tuturnya.

""Tapi secara prinsip ini keputusan pemerintah setempat provinsi Nagoya memang lock semua, tak hanya sport tapi tempat pelayanan umum, sekolah juga,"" kata Todo.

Ia juga menegaskan pihaknya akan terus memonitor perkembangan bersama panitia.

""Seperti Pak Menpora sampaikan ini bukan hal dibuat-buat, kita tetap memonitor kondisi yang ada,"" pungkas Todotua.

Simak juga Video Bicara Kesiapan Atlet untuk Asian Games, Mensesneg: Persiapan Sangat Baik

[Gambas:Video 20detik]"
Sport Lain,"Asian Games 2026: Banjir Landa Nagoya, Menpora Yakin Jepang Punya Plan B",https://sport.detik.com/sport-lain/d-8655303/asian-games-2026-banjir-landa-nagoya-menpora-yakin-jepang-punya-plan-b,"Rabu, 09 Sep 2026 13:50 WIB",13 jam yang lalu,https://awsimages.detik.net.id/community/media/visual/2026/09/09/menpora-erick-thohir-1788935963224_43.jpeg?w=210&q=90,"Banjir besar melanda Nagoya, Jepang, menjelang Asian Games 2026. Kondisi tersebut menjadi perhatian Menteri Pemuda dan Olahraga (Menpora) Erick Thohir. Tapi ia yakin pemerintah Jepang sudah menyiapkan langkah antisipasi.

Asian Games 2026 akan digelar di Aichi-Nagoya pada 19 September hingga 4 Oktober mendatang. Banjir yang melanda Nagoya menyebabkan sejumlah aktivitas dan transportasi di kota tersebut terganggu. Meski demikian, kondisi venue Asian Games dilaporkan tetap aman dan penyelenggaraan masih berjalan sesuai rencana.

Erick mengatakan pihaknya telah mendapat penjelasan mengenai rencana pemerintah Jepang untuk menghadapi situasi tersebut.

""Alhamdulillah kemarin CdM, Ketua Komite Olimpiade Indonesia (KOI), kami, diundang oleh duta besar Jepang, serta dijelaskan plan A dan plan B dari pemerintah Jepang,"" kata Erick saat ditemui di Wisma Serba Guna, GBK, Rabu (9/9/2026).

""Saya yakin pemerintah Jepang adalah pemerintah yang sama seperti pemerintah Indonesia yang mawas dan peduli pada rakyatnya,"" ujarnya.

Erick juga menilai Jepang memiliki pengalaman dalam menggelar ajang olahraga internasional besar sehingga diyakini sudah memiliki persiapan menghadapi kondisi darurat.

""Dan tentu ketika ada event sebesar ini mereka punya pengalaman. Kita dukung lah. Yang penting tadi CdM, Ketua KOI, sudah sampaikan tadi untuk fokus (karena) tinggal 10 hari lagi. Jaga makan, kesehatan, yang lain-lain serahkan kepada ahlinya,"" tegasnya.

Erick turut meminta masyarakat Indonesia memberikan dukungan kepada tuan rumah Asian Games 2026.

""Saya kira kita harus dukung juga tuan rumah pemerintah Jepang. Pasti mereka ada kendala, kita harus dukung. Nanti apa keputusan panitia, CdM akan melobi dan beri pandangan seperti apa solusinya,"" kata Erick.

Erick menegaskan kontingen Indonesia saat ini perlu tetap fokus mempersiapkan diri menghadapi Asian Games. Keputusan terkait kondisi di lapangan nantinya diserahkan kepada pihak yang berwenang. Indonesia sendiri akan ambil bagian dalam Asian Games 2026 yang digelar di Aichi-Nagoya mulai 19 September mendatang.

Simak juga Video: Bicara Kesiapan Atlet untuk Asian Games, Mensesneg: Persiapan Sangat Baik

[Gambas:Video 20detik]"
Sport Lain,Ketum KOI dan Menpora Mengukuhkan Tim Indonesia untuk Asian Games 2026,https://sport.detik.com/sport-lain/d-8655067/ketum-koi-dan-menpora-mengukuhkan-tim-indonesia-untuk-asian-games-2026,"Rabu, 09 Sep 2026 11:50 WIB",15 jam yang lalu,https://awsimages.detik.net.id/community/media/visual/2026/09/09/tim-indonesia-untuk-asian-games-2026-1788929227175_43.jpeg?w=210&q=90,"Ketua Umum Komite Olimpiade Indonesia (KOI)Raja Sapta Oktoharidan MenporaErick Thohirmengukuhkan Tim Indonesia untukAsian Games Aichi-Nagoya 2026.Siap beraksi!

Pelaksanaan pengukuhan berlangsung di Wisma Serba Guna, Gelora Bung Karno (GBK), pada Rabu (9/9/2026). Indonesia akan mengirimkan 430 atlet, 145 ofisial dari 35 cabang olahraga.

""Dengan mengucapkan Bismillahirrahmanirrahim maka Tim Indonesia untuk Asian Games Aichi-Nagoya dikukuhkan,"" ucap Okto.

Dalam kesempatan tersebut,Menpora Erick Thohiryang turut hadir juga memberikan pesan dan harapannya kepada para atlet dari 35 cabang olahraga yang akan tampil di multievent terbesar se-Asia tersebut.

""Indonesia sudah banyak mengibarkan Merah Putih di manca negara. Kita mendapatkan 98 emas, ini karena para pendahulu kita, dan tentu sebagian yang ada di sini. Tepuk tangan untuk kalian semua,"" buka Erick.

""Namun, kita belum pantas berpuas diri. Kalau kita lihat negara tetangga, selama Asian Games mereka sudah mengumpulkan 141 emas. Kalau kita bicara besarnya negara Indonesia, kita yang terbesar di Asian Games, baik segi penduduk, politik, ekonomi, kita ada semua.""

""Karena itu saya menatang semua yang hadir termasuk saya bisa enggak kita mempersiapkan Asian Games ini dengan baik, bisa tidak mengibarkan Merah Putih sebanyak-banyaknya di Asian Games ini?"" ajaknya.

Menpora berusia 56 tahun itu kemudian menanyakan kepada atlet yang hadir. 'Siapa yang mau dapat medali emas?' tanyanya. Seraya kemudian atlet menunjuk tangan secara serempak.

""Buktikan, buktikan buat diri Anda yang sudah berjuang meninggalkan hidup keseharian, keluarga, letih, tangis, cedera, tinggal 10 hari lagi,"" tegas Erick.

""Yang belum merasa berpotensi medali tantang diri Anda. Anda bisa. Yang potensi perunggu tantang diri Anda untuk dapat perak. Yang potensi perak tantang diri Anda dapat emas.""

""Yang potensi emas, persaingan sangat ketat. Banyak negara yang sudah berinvestasi di olahraga. Itu kenapa kami Kemenpora berintropeksi diri. Kita ubah pola pikir kita.""

""Arahan Presiden RI Prabowo Subianto, olahraga adalah duta bangsa, dan mencerminkan kehidupan bangsa. Oleh karena itu Asian Games jadi pantau terdekat menuju olimpiade.""

""Tak lama lagi, tinggal dua tahun. Kita juga siapkan Pelatnas kesinambungan, ada indeks prestasi, dan kalau ada yang main-main dengan anggaran, saya yang bawa ke hukum. Jangan main-main dengan kita,"" tegasnya.

Erick pun berharap, seluruh atlet dapat menyatukan komitmen sebelum berjumpa Presiden RI Prabowo Subianto.

""Saya berharap dengan kita menyatukan komitmen sebelum ketemu Bapak Presiden, kita bulatkan tekad. Kita adalah negara yang terbesar di Asia Tenggara, kita patut rebut emas sebanyak-banyaknya. Kita bisa, kita bisa. Salam olahraga,"" ucap Erick.

Simak juga Video Bicara Kesiapan Atlet untuk Asian Games, Mensesneg: Persiapan Sangat Baik

[Gambas:Video 20detik]"
Moto Gp,MotoGP San Marino 2026: Jaga Puncak Klasemen Bukan Prioritas Jorge Martin,https://sport.detik.com/moto-gp/d-8654776/motogp-san-marino-2026-jaga-puncak-klasemen-bukan-prioritas-jorge-martin,"Rabu, 09 Sep 2026 08:52 WIB",18 jam yang lalu,https://awsimages.detik.net.id/community/media/visual/2026/08/10/jorge-martin-1786324891283_43.jpeg?w=210&q=90,"Persaingan titel juara dunia semakin ketat menujuMotoGP San Marino 2026.Jorge Martinpercaya, menjaga puncak klasemen bukanlah yang prioritas di fase ini.

Pebalap Aprilia asal Spanyol itu dibayangi Marc Marquez dan Marco Bezzecchi di klasemen. Martin masih menempati peringkat teratas dengan perolehan 256 poin, selisih 19 poin dari Marquez dan 24 poin dari Bezzecchi.

Dengan demikian, ada potensi besar singgasana itu berganti pemilik setelah gelaran MotoGP San Marino nanti. Jorge Martin hanya mementingkan hasil di akhir kejuaraan.

""Grand prix Misano itu selalu istimewa ketika Anda berada di sebuah tim Italia dan, bersama dengan fans Aprilia, aku yakin ini akan jadi akhir pekan yang hebat,"" cetus juara MotoGP 2024 itu diwartakanCrash.

""Kami menuju sebuah lintasan yang kusukai setelah melakukan sebuah pekerjaan yang bagus di Aragon, dan kami punya target-target yang jelas,"" sambung Jorge Martin.

""Memimpin klasemen memang penting untuk tim Aprilia secara keseluruhan, tapi kita sudah melihat bahwa, mengingat selisih angka yang begitu tipis, itu bukanlah sebuah prioritas ataupun faktor yang menentukan.""

""Kami mesti terus fokus pada pekerjaan kami. Aku enggak sabar untuk menunggangi RS-GP26 dan melakukan yang terbaik di balapan kandang Aprilia,"" Martinantor menambahkan.

Jorge Martinbaru sekali memenangi balapan grand prix (seri Prancis) diMotoGP 2026sejauh ini. Martin akan merupaya mematahkan dominasi Ducati di Misano, yang berturut-turut memenangi lima balapan terakhir."
Raket,Ganda Campuran Indonesia Kembali Rombak Pemain,https://sport.detik.com/raket/d-8654666/ganda-campuran-indonesia-kembali-rombak-pemain,"Rabu, 09 Sep 2026 06:45 WIB",20 jam yang lalu,https://awsimages.detik.net.id/community/media/visual/2026/09/05/dejan-ferdinansyahapriyani-rahayu-berhasil-melangkah-ke-semifinal-polytron-pontianak-indonesia-masters-2026-dok-pbsi-1788549893783_43.jpeg?w=210&q=90,"Sektor ganda campuran kembali mengalami perombakan pemain. Kali ini,Dejan Ferdinansyahdipasangkan denganFelisha Alberta Nathaniel Pasaribu.

Pengumuman disampaikan PBSI melalui Kepala Pelatih Ganda Campuran Nova Widianto. Selain Dejan/Felisha, perubahan juga terjadi pada Bagas Maulana yang sebelumnya tandem dengan Indah Cahya Sari Jamil.

Kini, eks ganda putra itu dipasangkan dengan Apriyani Rahayu. Sedangkan Indah akan berpartner dengan N. Nawaf Khoiriyansyah.

Ketiga racikan baru ini masing-masing akan debut di turnamen internasional bulutangkis. Seperti Dejan/Felisha akan tampil Denmark Open, Bagas Apri di Indonesia International Challenge 2026 (Surabaya), dan Nawaf/Indah akan memulai laga perdana sebagai pasangan di Malaysia Super 100.

""Sekarang kami sedang mencari format terbaik untuk sektor ganda campuran. Karena itu, beberapa kombinasi pasangan seperti Dejan/ Felisha, Bagas/Apriyani dan Nawaf/ Indah akan kami coba,"" kata Nova dalam keterangan PBSI, Selasa (8/9/2026).

""Mereka akan bermain di beberapa turnamen untuk melihat bagaimana hasilnya, termasuk chemistry, komunikasi, pola permainan, dan konsistensi mereka di lapangan. Dari situ nanti akan kami evaluasi,"" tuturnya.

Nova menegaskan, perombakan ini menjadi bagian dari program jangka panjang menuju Olimpiade mendatang.

""Mudah-mudahan dari proses ini kami bisa mendapatkan format pasangan yang paling tepat dan kompetitif untuk ke depannya,"" harap Nova."
Sport Lain,Ambisi Morgan Holindo Jadi Juara Nasional Eshark Rok Cup 2027,https://sport.detik.com/sport-lain/d-8654641/ambisi-morgan-holindo-jadi-juara-nasional-eshark-rok-cup-2027,"Rabu, 09 Sep 2026 02:10 WIB","Rabu, 09 Sep 2026 02:10 WIB",https://awsimages.detik.net.id/community/media/visual/2026/09/09/morgan-holindo-1788894645788_43.jpeg?w=210&q=90,"Pegokar muda Indonesia,Morgan Holindo, tak puas cuma jadi runner-up diEshark Rok Cup tahun ini. Morgan ingin jadi juara tahun depan.

Pada putaran keenam kelas Mini Rok di Sirkuit Karting Internasional Sentul, Bogor, Minggu (6/9), Morgan yang memperkuat Dewa United Motorsport Team ini bernasib sial karena mengalami masalah mesin sehingga harus finis posisi ke-15.

Padahal Morgan meraih posisi pertama di kualifikasi, lalu berlanjut finis kelima di sesi Heat dan Pre-Final.

Namun, Morgan yang sudah ngegas sejak putaran pertama berhasil mengamankan poin untuk finis runner-up National Championship. Hasil yang bikin pelajar kelas 6 SD Tzu Chi itu senang karena ini merupakan musim debutnya.

Alhasil, Morgan makin percaya diri untuk bisa tampil lebih baik musim depan dan meraih gelar juara nasional.

""Ya itu harapan saya. Semoga tak ada aral melintang hingga saya bisa muwujudkan keinginan itu,"" tutur Morgan dalam keterangan kepadadetikSport.

Morgan sejatinya bisa mengikuti Kejuaraan Dunia di Italia tahun ini, karena juara nasional kelas Mini Rok Michael Vino menolak tampil. Tapi, Morgan juga menolak karena bakal menghadapi ujian nasional tahun ini

""Morgan saat ini kelas P6 dan akan menghadapi ujian nasional untuk ke tingkat selanjutnya. Jadi, pastinya kami akan lebih memprioritaskan sekolah dulu. Semoga saja tahun depan bisa juara nasional sehingga bisa berangkat dengan tiket dari hasil usaha sendiri sebagai juara nasional,"" tutur ayah Morgan Merlion Sonmoahi.

Morgan kini akan fokus menuntaskan pendidikan dasar sebelum mempersiapkan diri meraih gelar juara nasional tahun depan. Tetap semangat, Morgan!"
Raket,Men's World Tennis Championship: Hari Baik untuk Wakil RI,https://sport.detik.com/raket/d-8654637/mens-world-tennis-championship-hari-baik-untuk-wakil-ri,"Rabu, 09 Sep 2026 01:10 WIB","Rabu, 09 Sep 2026 01:10 WIB",https://awsimages.detik.net.id/community/media/visual/2026/09/09/nathan-barki-1788890266006_43.jpeg?w=210&q=90,"Seri V Men's World Tennis Championship 2026sudah memasuki hari kedua. Para petenis Indonesia meraih hasil maksimal. Top!

Pada Babak pertama ITF World Tennis Tour M-15 di Bali Beach Country Club, Nusa Dua, Selasa (8/9/2026),Nathan Barkimenghadapi petenis Taiwan Kai-i Wang di Babak pertama.

Nathan tampil cerdik dengan terus memaksa Kai-i Wang untuk bermain dengan pola reli-reli panjang kesukaannya. Alhasil, petenis 23 tahun ini sering melakukan kesalahan sendiri dan membuatnya takluk 2-6, 2-6 dalam tempo 52 menit.

""Saya bermain dengan sangat nyaman dan rileks sehingga strategi tim pelatih bisa berjalan sesuai rencana. Lawan pun tertekan dan tidak dapat mengeluarkan permainan terbaiknya,"" ujar Nathan dalam rilis kepadadetikSport.

Sementara itu di sektor ganda putra, penampilan impresif Rafalentino Ali Da Costa/Ethan David Zapp terus berlanjut di seri ini. Mereka lolos usai mengalahkan Anthony Susanto/Yan Chen Cheng.

Ethan dan Rafalentino yang merupakan finalis seri IV pekan lalu, tampil begitu dominan lewat serangan-serangan yang terpola serta pengembalian bola servis yang menyulitkan, sebelum menang 6-2 7-5.

Sayang, sukses Rafalentino/Ethan belum dapat diikuti kompatriotnya seperti Ethan Jake Frans/M. Ragil Putra maupun Kareem Abdul Hakim yang berpartner dengan petenis Hungaria Andrez Nech, yang langsung kandas di babak pertama.

Bertanding di lapangan E, Ethan/Ragilyang menantang unggulan ketiga, Nick Beamish/Matthew Shearer dari Selandia Baru, kalah 3-6 dan 4-6 dalam tempo 1 jam 9 menit.

Sedangkan pasangan gado-gado Indonesia dan Hungaria, Kareem Abdul Hakim/Andrez Nech takluk dari unggul keempat, Arjun Mehrotra/Ryotaro Taguchi dengan skor 4-6 2-6."
G Sport,HUT TNI Akan Dimeriahkan Kejuaraan Tingkat Nasional di 8 Cabor,https://sport.detik.com/g-sport/d-8654605/hut-tni-akan-dimeriahkan-kejuaraan-tingkat-nasional-di-8-cabor,"Selasa, 08 Sep 2026 23:50 WIB","Selasa, 08 Sep 2026 23:50 WIB",https://awsimages.detik.net.id/community/media/visual/2026/09/08/hut-tni-1788884254543_43.jpeg?w=210&q=90,"Memperingati Hari Ulang Tahun (HUT) ke-81 TNI tahun 2026, Komando Operasi Udara Nasional (Koopsudnas) resmi mengagendakan serangkaiankejuaraan olahraga tingkat nasional.

TNI Angkatan Udara (AU) menghadirkan berbagai kompetisi bergengsi, mulai dari Modern Pentathlon Open 2026 hingga Panahan Open 2026 untuk memperebutkan Piala Panglima TNI. akan ada delapan cabang olahraga nasional yang diselenggarakan.

""Bapak Panglima TNI memberikan kesempatan kepada Kotama untuk menggelar kejuaraan tingkat nasional memperebutkan Piala Panglima TNI. Dalam rangka HUT TNI ke-81 ini, TNI AU mendapat amanat menggelar 8 cabang olahraga, termasuk modern pentathlon dan panahan,"" ujar Marsdya TNI Minggit Tribowo dalam konferensi pers di Ruang Leo Watimena Koopsudnas, Lanud Halim Perdanakusuma, Jakarta Timur, Selasa (8/9/2026).

Dalam acara itu, Pangkoopsudnas Marsdya TNI Minggit Tribowo didampingi Ketum MPI Marsda TNI Dr. Ir. Purwoko Aji Prabowo M.M,MDS dan Askomlek Kaskoopsudnas, Marsma TNI Ida Bagus Ngurah Mardika Putra S.T., MM. Menurut Marsdya TNI Minggit Tribowo, rangkaian kejuaraan ini dirancang bukan sekadar kompetisi rutin, melainkan sarana pembinaan atlet muda dari seluruh pelosok Tanah Air.

""Kami memberikan kesempatan kepada seluruh daerah untuk mencari bibit-bibit atlet yang dapat dibina, tidak hanya di tingkat lokal tetapi juga nasional hingga internasional. Harapan kita bersama, kesempatan ini dapat dimanfaatkan semaksimal mungkin sehingga melahirkan atlet-atlet yang menjadi kebanggaan bangsa,"" pungkas Pangkoopsudnas.

Berikut adalah agenda lengkap kejuaraan tingkat nasional 8 Cabor:

â¢ Tenis Open Piala Panglima TNI 2026: Berlangsung hingga 14 September 2026 di Lapangan Tenis Kawasan Halim Perdanakusuma, Jakarta.

â¢ Sepakbola Nasional Piala Kasau Cup Angkasa Open 2026: Berlangsung 23 September - 4 Oktober 2026 di Lapangan Koopsudnas Halim Perdanakusuma, Jakarta.

â¢ Modern Pentathlon Open Piala Panglima TNI 2026: Berlangsung 25 - 27 September 2026 di Akademi Angkatan Udara (AAU), Yogyakarta.

â¢ Aeromodelling: Berlangsung 26 - 27 September 2026.

â¢ Drone Race: Berlangsung 10 - 11 Oktober 2026.

â¢ Panahan Open Piala Panglima TNI 2026: Berlangsung 23 - 25 Oktober 2026 di Lapangan Panahan Arjuna, Halim Perdanakusuma, Jakarta.

â¢ Sebelumnya sudah dilaksanakan kejuaraan cabang olahraga paralayang yang telah dilaksanakan di Solo pada Agustus lalu)."
Sport Lain,IHR 2026 Perluas Olahraga Pacuan Kuda Indonesia,https://sport.detik.com/sport-lain/d-8654586/ihr-2026-perluas-olahraga-pacuan-kuda-indonesia,"Selasa, 08 Sep 2026 22:52 WIB","Selasa, 08 Sep 2026 22:52 WIB",https://awsimages.detik.net.id/community/media/visual/2026/09/08/pordasi-1788882528773_43.jpeg?w=210&q=90,"Pacuan kudaIndonesia mulai diarahkan menuju panggung dunia melalui Indonesia's Horse Racing (IHR) 2026. Hal ini dikembangkan oleh Sarga.co dengan konsep olahraga, hiburan, pariwisata, dan ekonomi kreatif.

IHR dikembangkan bukan hanya sebagai kompetisi untuk menentukan kuda tercepat. Platform tersebut dirancang menjadi bagian dari ekosistem yang menghubungkan olahraga berkuda dengan potensi daerah di berbagai wilayah Indonesia.

Sarga.co hadir sebagai promotor pacuan kuda profesional pertama dan satu-satunya di Indonesia melalui IP Indonesia's Horse Racing. Kehadiran IHR menjadi bagian dari upaya mengubah cara pacuan kuda dikelola, dikemas, dan diperkenalkan kepada masyarakat.

Olahraga yang memiliki sejarah panjang di Indonesia tersebut kini mendapatkan pendekatan baru agar semakin dekat dengan generasi masa kini. Pada 2025, IHR menggelar sembilan event dengan tema ""The Race of Rising Stars"".

Memasuki 2026, Sarga.co membawa ambisi lebih besar melalui tema ""Race to the World Stage"". Tema tersebut menjadi landasan pengembangan IHR menuju kompetisi yang lebih profesional sekaligus memiliki jangkauan penonton yang lebih luas.

Bersama PP Persatuan Olahraga Berkuda Seluruh Indonesia (PORDASI), Sarga.co menghadirkan delapan kejuaraan dalam kalender IHR 2026. Rangkaian kompetisi tersebut digelar di sejumlah wilayah dengan karakter dan tradisi berkuda yang berbeda.

Agenda IHR 2026 dibuka melalui IHR Jateng Derby 2026 di Gelanggang Pacuan Kuda Tegalwaton, Kabupaten Semarang, pada 15 Februari. Setelah itu, kompetisi berlanjut lewat IHR Triple Crown Serie 1 & Pertiwi Cup di Stadion Sultan Agung, Bantul, pada 4 April.

Pada 10 Mei, giliran IHR Triple Crown Serie 2 & Piala Raja Mangkunegaran digelar di Gelanggang Pacuan Kuda Tegalwaton. Rangkaian tersebut kemudian berlanjut pada Juni melalui IHR Piala Paku Alam di Stadion Sultan Agung, Bantul.

Agenda utama lainnya hadir lewat IHR Indonesia Derby 2026 di Gelanggang Pacuan Kuda Legokjawa, Pangandaran, Jawa Barat, pada 26 Juli. Memasuki Agustus, kompetisi dilanjutkan melalui IHR Merdeka Cup 2026 di Sumatera Barat.

Rangkaian IHR 2026 selanjutnya dijadwalkan menuju Kejurnas Seri II di Sulawesi Utara pada Oktober. Kompetisi kemudian ditutup dengan Piala Hamengku Buwono X di DI Yogyakarta pada November 2026.

""Kami sangat bersyukur dan mengapresiasi antusiasme masyarakat terhadap penyelenggaraan IHR sepanjang 2026. Bagi kami, IHR bukan hanya mengenai siapa yang menjadi juara di lintasan, melainkan juga bagian dari perjalanan untuk membangun pacuan kuda Indonesia menjadi semakin profesional dan modern, sekaligus tetap menghargai tradisi dan kearifan lokal,"" kata Direktur Komersial Sarga.co, Diana Airin.

Melalui Indonesia's Horse Racing, tradisi dipadukan dengan pendekatan industri modern. Kompetisi dikembangkan secara profesional, produksi siaran ditingkatkan, pengalaman penonton diperluas, dan peluang komersial dibuka lebih jauh."
Sport Lain,"Menuju Asian Games 2026, Ketum KOI Tekankan Kolaborasi",https://sport.detik.com/sport-lain/d-8654342/menuju-asian-games-2026-ketum-koi-tekankan-kolaborasi,"Selasa, 08 Sep 2026 19:25 WIB","Selasa, 08 Sep 2026 19:25 WIB",https://awsimages.detik.net.id/community/media/visual/2026/06/10/ketua-umum-noc-indonesia-raja-sapta-oktohari-1781082535834_43.jpeg?w=210&q=90,"JelangAsian Games 2026,dukungan untuk 432 atlet Indonesia terus mengalir. Momentum ini jadi pengingat bahwa jalan menuju podium adalah hasil kolaborasi.

Hal itu ditegaskan Ketua Umum Komite Olimpiade Indonesia (NOC Indonesia),Raja Sapta Oktohari,yang menekankan pentingnya keberlanjutan dukungan bagi atlet.

""Perjalanan menuju podium tidak pernah dibangun dalam waktu singkat. Atlet membutuhkan dukungan yang konsisten, mulai dari proses persiapan hingga saat mereka bertanding membawa Merah Putih,"" ujar Okto dalam keterangan tertulisnya, Selasa (8/9/2026).

Bagi Okto, kolaborasi antara pemerintah, federasi, dunia usaha, dan masyarakat adalah kunci membangun ekosistem olahraga yang kuat.

""Ketika dunia usaha, federasi, pemerintah, masyarakat, dan seluruh pemangku kepentingan bergerak bersama, kita tidak hanya berbicara tentang medali, tetapi juga membangun ekosistem olahraga yang berkelanjutan. Kami berharap kolaborasi seperti ini terus tumbuh dan memberikan dampak positif bagi atlet serta olahraga Indonesia,"" tambahnya.

Ia lantas mengapresiasi semua pihak yang terus hadir mendampingi perjuangan atlet sejak Olimpiade Paris 2024, SEA Games 2025, hingga Asian Games nanti.

Hal senada disampaikan Direktur PT Tim Indonesia Emas, Richard Sam Bera. Ia menilai konsistensi dukungan menjadi bahan bakar penting bagi mental atlet.

Richard menyebut Asian Games Aichi-Nagoya 2026 sebagai panggung pembuktian dari proses panjang yang sudah dijalani.

""Para atlet sudah bekerja keras dalam persiapan mereka. Sekarang saatnya kita memberikan dukungan penuh agar mereka bisa bertanding dengan percaya diri dan membawa semangat Merah Putih,"" ujarnya.

Atlet panjat tebing Veddriq Leonardo berterima kasih atas dukungan masyarakat hingga pihak swasta yang diberikan kepadanya dan para atlet.

""Kami tentu sangat berterima kasih atas dukungan masyarakat Indonesia yang terus mendampingi perjalanan kami. Dukungan seperti ini menjadi motivasi tambahan bagi kami untuk memberikan yang terbaik. Mohon doa dan dukungannya agar kami bisa berjuang maksimal dan membawa hasil terbaik untuk Merah Putih di Asian Games,"" ucap peraih medali emas Olimpiade 2024 ini."
Raket,Nova Widianto Mulai Tangani Ganda Campuran Pelatnas PBSI,https://sport.detik.com/raket/d-8654261/nova-widianto-mulai-tangani-ganda-campuran-pelatnas-pbsi,"Selasa, 08 Sep 2026 18:50 WIB","Selasa, 08 Sep 2026 18:50 WIB",https://awsimages.detik.net.id/community/media/visual/2021/07/22/nova-widianto_43.jpeg?w=210&q=90,"Nova Widianto mulai menangani tim ganda campuran Pelatnas PBSI pada hari Selasa (8/9/2026). Kehadiran Nova diumumkan PBSI melalui laman media sosial federasi bulutangkis Indonesia tersebut.

""He is here. Good luck, Coach Nova,"" tulis PBSI.

Nova sebelumnya telah resmi ditunjuk sebagai Kepala Pelatih Ganda Campuran Pelatnas pada 5 Agustus lalu. Ia kembali dipercaya menangani sektor tersebut untuk kali kedua setelah sebelumnya menduduki posisi yang sama pada 2021.

Kepala Bidang Pembinaan dan Prestasi Pelatnas PBSI, Eng Hian, mengatakan pengalaman dan rekam jejak Nova menjadi alasan kembalinya sang mantan pemain ke Pelatnas.

""Nova merupakan sosok yang memiliki pengalaman dan pemahaman yang sangat baik di sektor ganda, baik sebagai atlet maupun pelatih,"" kata Eng Hian.

Ganda campuran Indonesia memang tengah berupaya kembali bersaing di level tertinggi. PBSI berharap kehadiran Nova bisa memberikan energi baru bagi sektor tersebut.

""Kami berharap kehadirannya dapat membawa energi baru, meningkatkan kualitas pembinaan, memperkuat daya saing pasangan-pasangan ganda campuran Indonesia, serta mengantarkan mereka meraih prestasi terbaik di berbagai turnamen internasional,"" ujar Eng Hian kala itu.

Kembalinya Nova ke lapangan Pelatnas menjadi periode keduanya menangani sektor ganda campuran. Sebelumnya, Nova menjadi asisten pelatih yang mendampingi Richard Mainaky sebagai kepala pelatih sejak 2013. Setelah Richard mengundurkan diri pada 2021, Nova kemudian dipercaya menjadi pelatih kepala ganda campuran.

Kini, ia kembali mendapat tugas untuk membangun sektor tersebut. Selama masih aktif sebagai atlet, Nova merupakan salah satu pemain ganda campuran terbaik yang dimiliki Indonesia.

Bersama Liliyana Natsir, Nova meraih gelar juara dunia pada 2005 dan 2007. Keduanya juga mempersembahkan medali perak Olimpiade Beijing 2008 dari nomor ganda campuran.

Setelah pensiun sebagai atlet, Nova melanjutkan kiprahnya sebagai pelatih dan turut berkontribusi melahirkan pasangan-pasangan berprestasi di level dunia. Pengalamannya juga berlanjut ketika menangani ganda campuran Malaysia. Nova mencetak sejarah dengan membawa Chen Tang Jie/Toh Ee Wei menjadi juara dunia pada 2025.

Pencapaian tersebut menjadi gelar juara dunia pertama bagi pasangan ganda campuran Malaysia tersebut. Kini, Nova kembali ke Pelatnas PBSI dengan tugas membenahi dan meningkatkan daya saing ganda campuran Indonesia."
Basket,Timnas Basket Jadi Gelombang Pertama Datang ke Asian Games 2026,https://sport.detik.com/basket/d-8654249/timnas-basket-jadi-gelombang-pertama-datang-ke-asian-games-2026,"Selasa, 08 Sep 2026 18:15 WIB","Selasa, 08 Sep 2026 18:15 WIB",https://awsimages.detik.net.id/community/media/visual/2026/09/05/timnas-basket-putra-indonesia-1788597398180_43.jpeg?w=210&q=90,"Timnas basket putra Indonesiajadi rombongan pertama kontingen Merah Putih terbang ke Nagoya untukAsian Games 2026.Semoga jadi awal yang baik!

Timnas basket bertolak ke Nagoya pada Senin (7/9/2026) malam. Mereka terbang dari Surabaya kemudian transit di Singapura, lalu ke Nagoya, Jepang.

Yudha Saputera dkk berangkat lebih awal karena pertandingan pertama penyisihan grup akan dimulai Kamis (10/9). Sementara pembukaan Asian Games berlangsung 19 September.

Sebab jadi kontingen pertama yang bertanding membuat CdM IndonesiaTodotua Pasaribupunya harapan khusus.

""Harapannya, tim basket kita bisa menjadi endorsement yang positif. Jadi ketika pembukaan, kita yakin dan percaya tim basket kita sudah bisa memberikan yang terbaik, sehingga pada saat pembukaan Asian Games pun kita sudah punya kabar yang baik,"" kata CdM Indonesia Todotua Pasaribu kepada pewarta saat ditemui di kawasan Jakarta Selatan.

Menurutnya ini adalah momentum yang harus dimanfaatkan betul bagi Timnas. Apalagi lolosnya basket Indonesia ke Asian Games setelah ada slot terbuka.

""Ini rombongan yang pertama. Walaupun memang ini adalah slot yang bisa kita masuk, tapi dari CdM sendiri, kami, sudah sekitar dua atau tiga kali melihat tim ini. Kebetulan saya juga bagian dari keluarga besar Perbasi,"" tuturnya.

Timnas basket Indonesia sendiri dikabarkan sudah tiba di Nagoya pada Selasa (8/9). Mereka akan langsung masuk ke kompleks Athlete Village untuk adaptasi. CdM memastikan timnya sudah berada di sana untuk menyambut Timnas basket putra.

""Persiapan di sana, mereka nanti akan masuk ke kompleks Athlete Village sebagai persiapan. Kami dari CdM juga akan memberikan dukungan dan backup. Pada saat mereka masuk, official team dari CdM juga sudah akan stand by,"" kata Todotua.

Adapun keberangkatan kontingen secara keseluruhan, ia menyebut akan ada empat sampai lima kloter. Hal ini berkaitan dengan aturannya keberangkatan tiap cabor dua hari sebelum pertandingan. Indonesia mengikuti 35 cabang olahraga.

""Jadirata-rata kami berangkat H-2 atau H-3 sebelum pertandingan pertama dari setiap cabor itu rombongannya sudah masuk. Tapi kurang lebih paling maksimal empat sampai lima kloter,"" pungkas Todotua."
Sportstyle,"Nikmati Keseruan Lari di Solo Run Fest 2026, Beli Tiketnya via BRImo!",https://sport.detik.com/sportstyle/d-8653975/nikmati-keseruan-lari-di-solo-run-fest-2026-beli-tiketnya-via-brimo,"Selasa, 08 Sep 2026 15:47 WIB","Selasa, 08 Sep 2026 15:47 WIB",https://awsimages.detik.net.id/community/media/visual/2026/09/08/ilustrasi-lari-1788857216594_43.jpeg?w=210&q=90,"Bagi pelari urban, lari kini bukan lagi sekadar mengejar catatan waktu atau mencapai garis finis. Pengalaman selama berlari pun menjadi bagian yang tak kalah penting.

Mulai dari menikmati suasana kota, mengenal budaya lokal, hingga mencicipi kuliner khas daerah menjadi alasan mengapa konsep sportourism semakin diminati. Tren ini membuat ajang lari tidak lagi sekadar arena kompetisi, melainkan juga cara baru bagi masyarakat urban untuk menikmati destinasi wisata sambil berolahraga.

Konsep inilah yang dihadirkan dalam Solo Run Fest 2026, sebuah festival lari yang memadukan olahraga, budaya, dan pariwisata dalam satu rangkaian acara. Festival ini mengajak peserta menjelajahi berbagai daya tarik Kota Solo sambil menikmati pengalaman berlari, mulai dari kekayaan budaya hingga geliat ekonomi kreatif masyarakat setempat.

Melalui konsep tersebut, peserta tidak hanya diajak untuk mencetak waktu tempuh terbaik, tetapi juga merasakan langsung suasana Kota Solo dari sudut pandang yang berbeda. Hal ini sejalan dengan semangat sportourism yang belakangan semakin digemari oleh para pelari di berbagai kota besar.

Ajang yang sebelumnya dikenal sebagai SHA Run for Solo ini kini berkembang menjadi festival olahraga dan budaya yang lebih besar. Solo Run Fest 2026 akan digelar pada 25-27 September 2026 di Kota Solo, Jawa Tengah.

Rangkaian acara akan dimulai dengan Race Pack Collection dan Race Village Festival pada 25-26 September 2026. Area Race Village tidak hanya menjadi tempat pengambilan race pack, tetapi juga menghadirkan beragam aktivitas menarik yang membuat suasana festival semakin hidup sejak sebelum hari perlombaan dimulai.

Kehadiran Race Village Festival ini sekaligus menjadi ajang pemanasan bagi peserta untuk mengenal lebih dekat suasana Solo Run Fest 2026 sebelum memasuki hari perlombaan utama. Peserta bisa memanfaatkan momen ini untuk bersosialisasi sesama pelari sambil menikmati berbagai aktivitas pendukung yang disediakan panitia.

Memasuki Race Day pada 27 September 2026, peserta dapat mengikuti berbagai kategori lomba sesuai kemampuan masing-masing. Kategori yang tersedia yaitu, Half Marathon (HM), 10K, 5K Umum dan 5K Pelajar. Sehingga bisa diikuti oleh pelari dari berbagai latar belakang dan tingkat pengalaman, mulai dari pelari kompetitif hingga pemula.

Selain kompetisi lari, pengunjung juga dapat menikmati berbagai aktivitas pendukung seperti UMKM Bazaar, Sportswear Expo, Live Music Performance, dan Entertainment Stage. Rangkaian acara juga dimeriahkan dengan pengumuman pemenang beserta doorprize, hingga Cultural Running Festival yang semakin memperkuat nuansa khas Kota Solo.

Keberadaan UMKM Bazaar menjadi daya tarik tersendiri karena memberikan kesempatan bagi peserta untuk mengenal sekaligus mendukung produk-produk lokal. Kehadiran bazaar ini sekaligus menghidupkan sisi ekonomi kreatif masyarakat Solo di tengah gelaran festival, sekaligus memberi ruang promosi bagi para pelaku usaha kecil setempat.

Sementara itu, Sportswear Expo menghadirkan berbagai kebutuhan olahraga yang dapat melengkapi perlengkapan para pelari. Kehadiran expo ini memudahkan peserta yang masih membutuhkan perlengkapan tambahan sebelum atau saat hari perlombaan, tanpa perlu mencarinya jauh-jauh dari lokasi acara.

Menariknya, pelari juga bisa mendapatkan diskon tiket sebesar 20% untuk pembelian melalui BRImo. Diskon ini menjadi nilai tambah tersendiri bagi peserta yang melakukan transaksi lewat kanal resmi tersebut.

Bagi para pelari yang ingin ikut merasakan pengalaman tersebut, proses pendaftaran kini semakin praktis. BRImo menjadi metode pembayaran resmi sekaligus kanal eksklusif untuk pembelian tiket Solo Run Fest 2026.

Melalui aplikasi ini, peserta dapat melakukan registrasi secara digital dengan proses transaksi yang lebih mudah dan nyaman. Dengan kemudahan akses tersebut, pelari tidak perlu lagi melalui proses pendaftaran yang rumit untuk bisa ambil bagian dalam festival lari sekaligus budaya ini.

Informasi lebih lengkap dapat dicek melaluibbri.id/solorun2026."
Basket,"Timnas Basket Putra di Asian Games 2026, Menangi Laga Pertama Dulu",https://sport.detik.com/basket/d-8653694/timnas-basket-putra-di-asian-games-2026-menangi-laga-pertama-dulu,"Selasa, 08 Sep 2026 14:30 WIB","Selasa, 08 Sep 2026 14:30 WIB",https://awsimages.detik.net.id/community/media/visual/2026/09/05/timnas-basket-putra-indonesia-1788597398180_43.jpeg?w=210&q=90,"Pelatih Timnas basket putra IndonesiaDavid Singletonmenegaskan target timnya saat ini adalah menang di pertandingan pertamaAsian Games 2026.Fokus satu satu!

Hal itu disampaikan David menyoal target basket putra di Asian Games 2026 Aichi-Nagoya.

""Saya rasa pertanyaan itu memang selalu muncul. Tetapi bagi saya, prosesnya adalah menjalani pertandingan satu per satu. Target kami adalah memenangkan pertandingan pertama. Itulah target kami,"" kata Singleton kepada pewarta.

Bagi Singleton laga pertama merupakan poin penting dalam menentukan langkah Indonesia berikutnya. Yudha Saputera dkk langsung menghadapi tuan rumah di Aichi-Nagoya pada 10 September 2026.

Kemudian melawan Korea Selatan pada keesokan harinya, dan bertemu Arab Saudi usai istirahat sehari (13/9).

""Kami ingin keluar, memenangkan pertandingan pertama, mengawali turnamen dengan catatan 1-0, kemudian melihat sejauh mana kami bisa melangkah dari sana,"" lanjutnya.

Singleton realistis melihat peta kekuatan di Asian Games. Lawan-lawan Indonesia seperti Jepang dan Korea Selatan berada di jajaran 20-30 besar dunia.

""Beberapa tim yang akan kami hadapi berada di peringkat 20 besar atau 30 besar dunia. Sebagai sebuah negara, kami memang belum berada di level tersebut,"" ujarnya.

Namun kehadiran pemain-pemain tambahan di skuad Garuda membuat ia optimistis, skuadnya mampu bersaing di lingkungan kompetisi sekelas Asia.

""Kami percaya dengan tambahan pemain yang kami miliki, kami bisa berada di level dan lingkungan kompetisi tersebut,"" ujarnya.

""Kali ini ada beberapa pemain baru yang bergabung, yaitu Lester, Bram, Vincent, Prastawa, dan Derrick. Jadi, ada lima pemain baru yang masuk ke dalam tim.""

""Saya pikir ini memberi kami kesempatan besar untuk tampil lebih baik. Pada turnamen pertama, kami belajar banyak hal tentang diri kami sendiri. Kami beradaptasi sambil bermain, tetapi saat itu prosesnya sedikit terlambat,"" lanjut pelatih yang karib disapa Dave ini.

""Sekarang saya merasa kami sudah memiliki pengalaman dan pemahaman yang lebih baik. Kami lebih siap untuk menghadapi turnamen ini dan bersaing di level tinggi untuk Indonesia melawan tim-tim yang sangat tangguh,"" tegas Singleton.

Derrick MichaelAbraham GrahitaAli BagirAndakara PrastawaYudha Saputera (C)Vincent KosasihHendrick YongaLester ProsperDame DiagnePandu WigunaFhirdan Guntara

Tonton juga Video: Melihat Perjuangan Ratusan Atlet Basket di DBL Camp 2024

[Gambas:Video 20detik]"
Raket,Asian Games 2026: Putri KW Pede dengan Komposisi Beregu Putri,https://sport.detik.com/raket/d-8653585/asian-games-2026-putri-kw-pede-dengan-komposisi-beregu-putri,"Selasa, 08 Sep 2026 12:50 WIB","Selasa, 08 Sep 2026 12:50 WIB",https://awsimages.detik.net.id/community/media/visual/2026/07/21/putri-kusuma-wardani-1784612448886_43.jpeg?w=210&q=90,"Putri Kusuma Wardanipercaya diri dengan komposisi beregu putri yang dipilihPBSIuntukAsian Games 2026.Dia juga menyebut chemistry satu sama lain sudah klop.

Bulutangkis Indonesia mengirimkan 20 wakil untuk tampil di Aichi-Nagoya, 19 September hingga 4 Oktober mendatang. 10 Atlet di antaranya merupakan sektor beregu putri.

Yaitu Putri KW, Thalita R. Wiryawan, Ni Kadek Dhinda, Mutiara Ayu Puspitasari, Rachel Allessya Rose, Febi Setianingrum, Febriana Dwipuji Kusuma, Meilysa Trias Puspitasari, Siti Fadia Silva Ramadhanti, dan Nita Violina Marwah.

Putri menilai komposisi skuad bulutangkis Indonesia yang mengombinasikan pemain senior dan junior, tidak menemukan kendala dalam membangun koneksi di dalam tim.

Pengalaman berlaga bersama dalam beberapa kejuaraan beregu sebelumnya dinilai telah membentuk kekompakan antar-atlet.

""Dengan tim komposisi yang ada cukup kuat sih. Kita juga sudah lumayan dua atau tiga kali beregu bersama-sama, jadi sudah ketemu chemistry-nya di antara satu dan yang lain, baik tunggal maupun ganda,"" kata Putri dalam keterangannya dikutip Selasa (8/9/2026).

Tak hanya itu, seluruh rangkaian program latihan di Pelatnas sejauh ini berjalan dengan lancar dan kondusif. Sampai menjelang hari keberangkatan menuju Jepang, porsi latihan tim nasional kini lebih difokuskan pada penguatan di masing-masing sektor di bawah arahan tim pelatih.

""Yang pasti, kekurangan dari pertandingan sebelumnya menuju pertandingan Asian Games lebih ditingkatkan lagi,"" tambahnya.

Terkait peta persaingan diAsian Games 2026,Putri KW menilai kekuatan di sektor tunggal putri kawasan Asia tergolong sangat merata. Dia mewaspadai kekuatan para pemain dari negara-negara papan atas seperti China, Jepang, dan Korea Selatan.

""Kalau kekuatan sendiri di Asian Games menurut aku cukup merata ya dari Asia sendiri, terutama dari China, Jepang, dan Korea Selatan sih cukup kuat,"" tuturnya.

Pebulutangkis peringkat ke-7 dunia itu memasang target tinggi pada ajang Asian Games 2026.

Secara pribadi, Putri berambisi untuk dapat melangkah hingga ke babak akhir dan berdiri di atas podium. Hal ini juga sejalan dengan target medali yang dicanangkan oleh PP PBSI.

""Harapannya semoga tim bulu tangkis Indonesia bisa mendapatkan medali, dan terutama untuk pribadi aku sendiri, aku bisa menyumbangkan medali untuk Indonesia di ajang Asian Games,"" pungkas Putri.

Lihat juga Video; Hong Kong Open 2024: Sabar/Reza dan Putri KW Tumbang di Final

[Gambas:Video 20detik]"
Raket,Tekad Alwi Farhan Lampaui Batas di Asian Games 2026,https://sport.detik.com/raket/d-8653493/tekad-alwi-farhan-lampaui-batas-di-asian-games-2026,"Selasa, 08 Sep 2026 11:50 WIB","Selasa, 08 Sep 2026 11:50 WIB",https://awsimages.detik.net.id/community/media/visual/2026/07/22/alwi-farhan-1784694498352_43.jpeg?w=210&q=90,"Momen debut diAsian Games 2026tak mau disia-siakanAlwi Farhan.Pebulutangkis tunggal putra Indonesia itu bertekad habis-habisan menguras kemampuan demi hasil terbaik di Aichi-Nagoya.

""Saya selalu nge-pushdiri sayato the limitsetiap harinya,"" kata Alwi dalam keterangannya, Selasa (8/9/2026).

Bagi Alwi, Asian Games bukan turnamen biasa. Statusnya merupakan multievent terbesar se-Asia membuat atmosfernya terasa berbeda.

""Semuanya sakral bagi saya dan bagi semuanya, karena kami sangat amat berambisi untuk mencapai target,"" kata pebulutangkis 21 tahun itu.

Ia pun menyebut multievent ini sebagai panggung istimewa yang tidak semua orang bisa dapatkan.

""Di multievent ini tidak sembarang orang yang dipilih oleh Tuhan untuk bisa menjadi seorang juara. Selagi masih ada waktu, saya berdoa dan berusaha untuk bisa mendapatkan hasil terbaik,"" ucap Alwi.

Duduk di peringkat 11 dunia BWF, Alwi mengaku sudah mematangkan seluruh aspek persiapan menjelang debutnya.

""Alhamdulillah sejauh ini persiapannya cukup bagus. Persiapan dari segi mental, fisik, dan pikiran menjadi fokus utama menjelang kejuaraan pesta olahraga Asia itu,"" jelasnya.

Dia pun berharap bisa melampaui batas maksimal kemampuannya saat bertanding nanti.

Terlebih,PBSImematok target emas di nomor beregu putra. Sementara untuk perorangan, Alwi memasang target pribadi yaitu medali.

""Di sektor ini semuanya bisa memberikan kejutan, baik yang di atas maupun di bawah. Jadi tidak menutup kemungkinan siapa pun bisa meraih gelar juara kalau dari dirinya sendiri memang siap dan matang dari segi mental,"" tuturnya.

""Mohon doa dan dukungannya,"" pungkas Alwi.

Asian Games 2026 akan berlangsung di Aichi-Nagoya pada 19 September hingga 4 Oktober. Bulutangkis Indonesia menurunkan 20 wakilnya dari putra dan putri.

Simak juga Video Alwi: Tak Pernah Terbayangkan Bisa Juara Indonesia Masters

[Gambas:Video 20detik]"
Sport Lain,"WRT 32 di Lone Star Le Mans: Startnya Sudah Bagus, tapi...",https://sport.detik.com/sport-lain/d-8653123/wrt-32-di-lone-star-le-mans-startnya-sudah-bagus-tapi,"Selasa, 08 Sep 2026 08:10 WIB","Selasa, 08 Sep 2026 08:10 WIB",https://awsimages.detik.net.id/community/media/visual/2026/09/08/sean-gelael-1788826480228_43.jpeg?w=210&q=90,"Pupus sudah harapanSean Gelaeldan rekan-rekannya diTeam WRT 32meraih podiumLone Star Le Mans 2026. Kendala teknis bikin mereka gagal dapat poin.

Setelah meraih posisi start ketujuh di kualifikasi kelas LMGT3, Sean dkk.dalam kepercayaan diri tinggi menghadapi balapan di COTA, Senin (7/9) dini hari WIB. Bahkan posisi mereka naik satu strip karena penalti AF Cose 21.

Pada balapan yang berlangsung di trek basah, Darren Leung sebagai starting driver langsung melesat ke posisi keenam dari urutan keempat saat start.

Leung bahkan sempat naik ke P2, walau persaingan ketat membuat pebalap Inggris ini lalu tertahan di P4.

Setelah itu tiba-tiba Leung mundur teratur, dari P4 ke P6, P7, hingga mesti masuk pit karena problem teknis terdeteksi. Ternyata as-roda mobil BMW M4 GT3 yang dikendarainya bermasalah sehingga mesti diganti.

Penggantian membutuhkan waktu cukup lama, 25 menit, sebelum Sean mengambil alih balapan dari Leung. Akan tetapi Sean tidak bisa berbuat banyak karena Team WRT 32 sudah tertinggal 10 lap dari mobil terdepan kelas LMGT3.

Walau begitu, guna menuntaskan perjuangan, Sean, Leung, dan Augusto Farfus tetap berlaga hingga finis di P16. Bukan hasil yang diharapkan memang, tapi mereka sudah memberikan segalanya.

""Bukan hasil yang kami inginkan. Tapi, ya, balapan memang terkadang seperti ini,"" ujar Sean dalam rilis kepadadetikSport.

Balapan Lone Start Le Mans atau 6 Hours of COTA penuh drama sejak awal. Safety Car (SC) dan Full Course Yellow (FCY) berulangkali mesti diberlakukan untuk menetralisir lomba.

Kelas LMGT3 jadi milik tim Heart of Racing Team #27. Sementara itu Ferrari akhirnya pecah telur di kelas Hypercar tahun ini lewat mobil nomor 50.

Putaran kelima FIA WEC 2026 digelar di Sirkuit Fuji, Jepang, 27 September."
Sportstyle,"Setelah 9 Tahun Gelar Basket, Kini LJK 2026 Rambah Padel",https://sport.detik.com/sportstyle/d-8653121/setelah-9-tahun-gelar-basket-kini-ljk-2026-rambah-padel,"Selasa, 08 Sep 2026 07:11 WIB","Selasa, 08 Sep 2026 07:11 WIB",https://awsimages.detik.net.id/community/media/visual/2026/09/08/liga-jasa-keuangan-1788803381827_43.jpeg?w=210&q=90,"Liga Jasa Keuangan(LJK) yang lebih dikenal dengan kompetisibasketkini mulai merambah kepadel. LJK untuk pertama kalinya menggelar padel mulai tahun ini.

Sebanyak 20 tim dari 20 institusi keuangan mengikuti rangkaian kompetisi yang dibuka oleh Wakil Ketua Dewan Komisioner Otoritas Jasa Keuangan (OJK) Hernawan Bekti Sasongko di Milo's Padel Kemang, Jakarta, Minggu (6/9/2026).

Opening ceremony menghadirkan parade tim, pertandingan eksibisi level eksekutif, serta pertandingan awal fase grup. Kegiatan turut dihadiri Deputi Gubernur Bank Indonesia Solikin M. Juhro dan jajaran pimpinan dari berbagai institusi peserta.

Peserta datang dari tiga kelompok utama; Sektor perbankan diwakili 13 institusi, sektor asuransi dan keuangan nonbank, dan kelompok regulator serta lembaga terkait. Setiap institusi menurunkan satu tim yang terdiri atas lima pemain putra dan lima pemain putri, serta didampingi maksimal tiga ofisial, dengan total sebanyak 200 pemain tercatat mengikuti turnamen.

""Masuknya padel sebagai cabang baru menunjukkan bahwa Liga Jasa Keuangan terus berkembang mengikuti minat insan jasa keuangan. Namun, yang paling penting bukan sekadar cabang olahraganya, melainkan semangat yang dibawa: berani bertanding, menjunjung sportivitas, dan membangun kekompakan,"" kata Ketua Pengurus LJK Insan Hasani.

Dalam setiap pertemuan beregu, tim bertanding pada tiga kategori: Men's Doubles, Women's Doubles, dan Mixed Doubles. Kompetisi dimulai dari fase kualifikasi dan grup, kemudian berlanjut ke perempat final, semifinal, perebutan tempat ketiga, dan final.

Format berjenjang tersebut membuat setiap hasil pada fase grup menentukan langkah tim menuju babak gugur. Penyelenggaraan juga didukung perangkat pertandingan profesional, pengaturan level pemain, sistem skor, dan publikasi kegiatan.

""Kami merancang kompetisi ini dalam format beregu agar setiap tim tampil sebagai satu kesatuan sehingga strategi, kedalaman skuad, dan konsistensi menjadi penentu. Harapannya, turnamen ini berlangsung kompetitif, fair, dan memberikan pengalaman pertandingan yang baik dan dapat dinikmati bagi seluruh peserta,"" ujar Ketua Pelaksana LJK Padel Greatman Rajab.

LJK pertama kali diselenggarakan pada 2017 sebagai wadah olahraga bagi regulator, pelaku industri, dan pemangku kepentingan sektor jasa keuangan. Memasuki penyelenggaraan ke delapan pada 2026, penambahan padel memperluas cabang yang dipertandingkan sekaligus merespons minat komunitas terhadap olahraga tersebut.

Mengusung tema ""Play Bold, Build Bonds"", LJK Padel 2026 memadukan persaingan yang sehat dengan sportivitas dan kekompakan tim. Penutupan pada 27 September 2026 akan menjadi momentum penyerahan penghargaan sekaligus apresiasi kepada seluruh tim yang mengikuti penyelenggaraan perdana cabang padel.

Lebih dari sekadar kompetisi, LJK Padel 2026 diharapkan menjadi medium yang efektif untuk memperkuat konektivitas dan kolaborasi antarinsan industri jasa keuangan. Di saat yang sama, sportivitas yang tumbuh dalam pertandingan-melalui disiplin, integritas, kerja sama tim, dan sikap saling menghormati-mencerminkan nilai-nilai yang juga dibutuhkan dalam membangun ekosistem jasa keuangan yang sehat, solid, dan berkelanjutan."
Sportstyle,Ngedadak Padel: Ketika Padel Jadi Ajang Reuni,https://sport.detik.com/sportstyle/d-8653076/ngedadak-padel-ketika-padel-jadi-ajang-reuni,"Selasa, 08 Sep 2026 04:15 WIB","Selasa, 08 Sep 2026 04:15 WIB",https://awsimages.detik.net.id/community/media/visual/2026/09/08/ngedadak-padel-1788815166598_43.jpeg?w=210&q=90,"Padelkini sudah jadi gaya hidup masyarakat urban di Indonesia. Tidak cuma untuk berolahraga, padel bisa jadi ajang reunian.

Hal ini yang dilakukan oleh alumni Fakultas Hukum (FH) Universitas Trisakti angkatan 1999. Pada Minggu (6/9/2026) kemarin, berlokasi HQ Padel & Tennis, Pesanggrahan, Jakarta Selatan, mereka melakukan kegiatan gathering namun dikemas dalam bentuk turnamen padel bertajuk ""Ngedadak Padel"".

Para alumni FH Trisakti tersebut juga diperbolehkan membawa pasangan mereka masing-masing untuk bersaing dalam pertandingan nomor campuran.

Turnamen padel ini diikuti oleh 16 fixed partners dan mixed partners yang terbagi ke dalam 4 grup. Para peserta pun terlihat tampil antusias dan kompetitif.

""Intinya ini untuk menjaga silaturahmi. Kami angkatan 99 FH Trisakti memang sering membuat kegiatan kumpul-kumpul, dan salah satunya ini adalah padel. Apalagi padel juga sedang digemari, baik laki-laki maupun perempuan,"" ujar salah seorang panitia, Mega Ruhapy, dalam keterangan kepada media

Kegiatan ini memang hanyalah ajang silaturahmi. Namun, panitia tampak begitu serius dalam menyelenggarakan acara.

Podium untuk juara pertama, peringkat runner-up, dan ketiga disiapkan. Pemenang juga berhak mendapatkan penghargaan, medali, dan hadiah.

Arie Pujianto, salah seorang alumni yang menjadi motor penggerak aktivitas olahraga di kalangan alumni FH Universitas Trisakti, menyebut angkatannya memang tergolong cukup aktif menggelar kegiatan seperti ini.

Kegiatan olahraga seperti padel ini diyakini Arie menjadi pilihan yang tepat untuk bersilaturahmi karena baik alumni laki-laki maupun perempuan bisa berpartisipasi.

""Kami dari zaman kuliah, udah lebih dari 25 tahun lalu, memang akur ya. Alhamdulillah masih berhubungan baik. Akhirnya sekarang kami coba main padel, karena para istri juga bisa main,"" kata Arie.

""Mudah-mudahan, dengan adanya turnamen padel perdana kami ini, bisa juga mengangkat kemauan dari angkatan FH Trisakti yang lain. Pastinya seru kalau seluruh FH Trisakti bisa melakukan gathering,"" sambungnya.

Arie menyebut alumni angkatan 99 FH Trisakti juga berencana menggelar turnamen padel ke depannya, tetapi diadakan di Asha Beach Club & Resort di Pulau Payung, Kepulauan Seribu.

Tak Cuma Padel

Arie dan para alumni FH Trisakti rupanya juga tergabung dalam klub sepak bola Inkracht Sakti FC, yang dijadwalkan mengikuti kejuaraan dunia antar advokat atau Mundiavocat 2027 di Bali, 21-25 April 2027.

""Mundiavocat ini juga jadi salah satu fokus kita. Kami dari Inkracht Sakti FC memang basicnya adalah para lawyer lulusan Trisakti. Namun, mungkin kami juga membuka peluang untuk mengajak pemain dari Peradi FC,"" ucap Arie.

Arie yang menjabat sebagai kapten tim Inkracht Sakti FC, menambahkan, untuk menghadapi Mundiavocat tahun depan, skuad sudah harus terbentuk pada bulan November 2026 sehingga tim bisa lebih berkonsentrasi melakukan persiapan.

Inkracht Sakti FC sendiri telah menunjuk seorang pelatih profesional yang dikenal di kalangan olahraga futsal, yakni Mario Silitonga.

Mario memang sudah berkali-kali membawa tim advokat Indonesia berkompetisi di kejuaraan dunia sepak bola antar advokat. Tangan dingin dan pengalaman Mario diharapkan bisa membawa Inkracht Sakti FC mencapai prestasi membanggakan.

""Untuk Mundiavocat, biasanya negara unggulan dari Asia itu adalah Thailand, Iran, dan Jepang. Dulu saya pernah membawa tim sepak bola advokat Indonesia sampai ke peringkat ketiga,"" kata Mario.

Agenda terdekat, Inkracht Sakti FC akan menggelar pertandingan pemanasan menghadapi para mantan pemain profesional Malaysia, Sabah FC, di Jakarta, 20 September."
Sportstyle,Menjaga Gaya Hidup Sehat Lewat Hyrox,https://sport.detik.com/sportstyle/d-8653072/menjaga-gaya-hidup-sehat-lewat-hyrox,"Selasa, 08 Sep 2026 03:20 WIB","Selasa, 08 Sep 2026 03:20 WIB",https://awsimages.detik.net.id/community/media/visual/2026/09/08/17-agustusan-throwdown-1788811898497_43.jpeg?w=210&q=90,"Hyroxtak dipungkiri lagi naik daun di dunia, terutama di Indonesia. Olahraga ini memang punya peran penting dalam menjaga stamina tubuh.

Hyrox adalah kompetisi kebugaran global yang mengombinasikan lari jarak jauh dengan latihan fungsional dalam satu rangkaian perlombaan yang intens.

Olahraga ini pertama kali diluncurkan di Jerman pada tahun 2017 dan dengan cepat berkembang menjadi fenomena internasional. Tujuan utama dari kompetisi ini adalah untuk menguji daya tahan (endurance) serta kekuatan (strength) peserta secara menyeluruh.

Berbeda dengan kompetisi atletik lainnya yang sering kali ditujukan hanya untuk profesional, Hyrox dirancang agar inklusif bagi semua tingkat kebugaran.

Peserta pemula hingga atlet elit dapat berkompetisi di bawah standar yang sama dengan waktu penyelesaian yang tercatat secara digital. Hal ini menjadikan Hyrox sebagai salah satu jenis kompetisi fitness race yang paling populer di dunia saat ini.

Itulah mengapa banyak pusat kebugaran di kota-kota besar di Indonesia memasukkan Hyrox sebagai salah satu ""jualan"" karena tingginya peminat. Apalagi saat ini sudah sering dilihat kompetisi hyrox dipertandingkan.

Tidak cuma dipertandingkan secara resmi, Hyrox juga kerap dijadikan sebagai gimmick dalam sebuah seremoni, salah satunya seperti di Hari Kemerdekaan ke-81 RI bulan lalu.

Synergy Worldwide Indonesia, perusahaan yang bergerak di bidang nutrisi dan wellness Synergy, berkolaborasi dengan South Barn menghadirkan sebuah kompetisi fitness yang memadukan semangat olahraga, kompetisi, dan tradisi perayaan 17 Agustus melalui acara ""17 Agustusan Throwdown""

Mengusung konsep kompetisi bergaya HYROX, 17 Agustusan Throwdown menghadirkan tantangan fisik yang menguji kekuatan, daya tahan, kecepatan, dan ketangguhan peserta. Namun, berbeda dari kompetisi fitness pada umumnya, acara ini juga membawa suasana khas perayaan kemerdekaan Indonesia melalui berbagai lomba 17 Agustusan, seperti lomba makan kerupuk, dan mengigit sendok dengan kelereng.

""Kami ingin menghadirkan sesuatu yang berbeda dalam menyambut Hari Kemerdekaan. Fitness dan olahraga memiliki nilai yang sangat dekat dengan semangat perjuangan, konsistensi, disiplin, keberanian untuk menghadapi tantangan, dan tidak mudah menyerah. Melalui 17 Agustusan Throwdown, kami ingin menggabungkan nilai-nilai tersebut dengan keceriaan dan kebersamaan yang menjadi ciri khas perayaan 17 Agustus di Indonesia, Produk-produk Synergy Indonesia juga hadir untuk mendukung performa para pecinta Olahraga & Fitness"" ujar Dina Yuliyanti selaku Senior Marketing Manager Synergy Worldwide Indonesia dalam keterangan kepada detikSport.

Kolaborasi bersama South Barn juga menjadi bagian dari upaya menghadirkan pengalaman olahraga yang lebih inklusif dan menyenangkan bagi komunitas.

Para peserta tidak hanya ditantang untuk menunjukkan kemampuan fisik mereka dalam arena kompetisi, tetapi juga diajak untuk menikmati suasana perayaan kemerdekaan bersama komunitas dan rekan-rekan sesama pecinta olahraga.

Konsep ""work hard, play hard"" menjadi salah satu semangat utama acara ini. Yang menggabungkan antara tantangan fisik dalam kompetisi dan permainan-permainan khas 17 Agustus yang menghadirkan suasana santai, penuh tawa, dan kompetisi yang bersahabat.

Kehadiran 17 Agustusan Throwdown sekaligus mencerminkan semakin berkembangnya budaya fitness dan olahraga fungsional di Indonesia. Kompetisi seperti Hyrox menggabungkan berbagai elemen latihan, mulai dari kekuatan, kardio, hingga functional movements, sehingga menuntut peserta untuk memiliki kemampuan fisik yang menyeluruh.

Melalui kegiatan ini, Synergy Worldwide Indonesia dan South Barn berharap semangat kemerdekaan tidak hanya dirayakan melalui seremonial, tetapi juga diwujudkan melalui gaya hidup aktif, sehat, sportif, dan penuh kebersamaan."
Raket,Men's World Tennis Championship: 3 Wakil RI Gagal ke Babak Utama Seri V,https://sport.detik.com/raket/d-8653071/mens-world-tennis-championship-3-wakil-ri-gagal-ke-babak-utama-seri-v,"Selasa, 08 Sep 2026 02:56 WIB","Selasa, 08 Sep 2026 02:56 WIB",https://awsimages.detik.net.id/community/media/visual/2026/09/08/mens-world-tennis-championship-3-wakil-ri-gagal-ke-babak-utama-seri-v-1788810956809_43.jpeg?w=210&q=90,"Men's World Tennis Championship 2026sudah memasuki seri V. Sayang, tiga petenis tuan rumah gagal melaju ke babak utama.

Pada putaran final kualifikasi Seri V M-15 Men's World Tennis Championship 2026, Senin (7/9/2026), Indonesia menurunkan tiga wakilnya, yakni Ethan Jake Frans, Ethan David Zapp, dan Kareem Abdul Hakim.

Tapi ketiganya malah gagal menuntaskan misinya lolos ke babak utama turnamen yang berhadiah total 20 ribu dolar AS. Ada total 32 petenis dari 14 negara yang tampil di babak kualifikasi.

Bertanding di lapangan A, Bali Beach Country Club, Nusa Dua, Ethan baru saja merayakan ulang tahun ke-17 itu harus tumbang dari unggulan keempat Shanker Heisnam.

Ethan yang akhir pekan lalu jadi runner-up Seri IV bersama Rafalentino Da Costa kalah dengan skor 2-6 dan 3-6 dalam waktu 1,5 jam.

Ethan Jake, 14 tahun, yang merupakan putra eks petenis Indonesia Wyne Prakusya kalah dari unggulan ketujuh asal Amerika Serikat Stefan Menichell, dengan skor 6-7 tiebreak 3 dan 3-6 dalam waktu 2 jam 4 menit.

""Saya tetap puas dengan performa saya di final kualifikasi ini. Apalagi saya kalah dari petenis asing seperti Stefan yang unggul teknik dan pengalaman serta peringkat ATP yang lebih tinggi,"" ujar Ethan Jake dalam rilis kepadadetikSport.

Wakil RI ketiga yang gagal adalah Kareem Abdul Hakim. Dia takluk dari unggulan kelima dari Selandia Baru, Matthew Shearer, 2-6 dan 5-7.

Dengan hasil itu, Indonesia cuma punya empat wakil di babak utama, yakni unggulan kedua M Rifqi Fitriadi, serta Anthony Susanto, Nathan Bark, dan Rafalentino Ali Da Costa yang masuk ke babak utama dengan fasilitas wild card.

Sementara itu di sektor ganda putra, Indonesia akan diperkuat oleh Rafalentino Ali Dacosta/Ethan David Zapp, Ethan Jake Frans/M. Ragil Putra, Anthony Susanto yang menggandeng petenis Taiwan Yang Cheng Chen sebagai pasangannya serta Kareem Abdul Hakim yang berpartner dengan Andrez Nech dari Hungaria."
Sport Lain,"Debut di Rok Cup Indonesia 2026, Barra Ghaisan Torehkan Catatan Positif",https://sport.detik.com/sport-lain/d-8653014/debut-di-rok-cup-indonesia-2026-barra-ghaisan-torehkan-catatan-positif,"Senin, 07 Sep 2026 23:38 WIB","Senin, 07 Sep 2026 23:38 WIB",https://awsimages.detik.net.id/community/media/visual/2026/09/07/barra-ghaisan-zeinatma-1788794247316_43.jpeg?w=210&q=90,"Barra Ghaisan Zeinatmamenunjukkan perkembangan positif pada musim debutnya di ESHARK Rok Cup Indonesia 2026. Turun di kelas Mini Rok, Pembalap muda Indonesia ini mampu mengoleksi sejumlah podium setelah menjalani proses adaptasi sepanjang musim.

Pebalap berusia 13 tahun yang memperkuat Avenue Rising Star Racing Team itu baru tampil mulai Round 2 karena harus beradaptasi dengangokartbaru. Pada Seri 2, Barra finis di posisi ke-12, sebelum meningkat ke peringkat ke-10 pada Seri 3.

Performa Barra semakin menonjol pada Seri 4. Ia meraih posisi kelima kategori Mini Newbie dan peringkat ketiga Mini Rok Rising Star.

Memasuki Seri 5, Barra kembali naik podium dengan menjadi juara pertama kategori Mini Newbie dan runner-up Mini Rok B. Performa tersebut berlanjut pada Seri 6 yang berlangsung 5-6 September 2026. Ia meraih posisi kedua Mini Newbie, posisi kelima Mini Rok, dan posisi keempat Mini Rok Rising Star.

""Musim pertama ini menjadi proses belajar yang sangat penting bagi Barra. Setiap seri memberikan pengalaman dan tantangan baru,"" kata ayah Barra, Jeffri Ardiatma, kepada awak media.

Jeffri juga mengingatkan Barra untuk tetap memperhatikan pendidikan. Saat ini, Barra tercatat sebagai siswa kelas 7 SMP Labschool Cirendeu.

""Yang penting juga untuk Barra agar fokus dengan sekolahnya. Kami selalu berharap yang terbaik untuk Barra,"" lanjutnya.

Setelah menyelesaikan musim pertamanya di kelas Mini Rok, Barra diproyeksikan naik ke kelas Junior Rok pada ESHARK Rok Cup Indonesia 2027. Ia juga dijadwalkan mengikuti sejumlah seri Rok Cup Asia di Macau, Malaysia, dan Thailand."
Moto Gp,MotoGP San Marino: Antusiasme Bezzecchi Balapan di 'Rumah Sendiri',https://sport.detik.com/moto-gp/d-8652587/motogp-san-marino-antusiasme-bezzecchi-balapan-di-rumah-sendiri,"Senin, 07 Sep 2026 21:30 WIB","Senin, 07 Sep 2026 21:30 WIB",https://awsimages.detik.net.id/community/media/visual/2026/02/23/moto-prix-tha-testing-1771837302345_43.jpeg?w=210&q=90,"Marco Bezzecchi tak sabar menghadapi MotoGP San Marino 2026. Bagi pebalap Aprilia itu, balapan di Sirkuit Misano punya arti khusus karena lokasinya sangat dekat dengan kampung halamannya, Rimini.

MotoGP San Marino akan berlangsung di Misano pada 11-13 September. Bezzecchi menyebut seri ini selalu terasa berbeda dibandingkan balapan lainnya.

""Grand Prix kandang selalu memiliki sesuatu yang ajaib dan spesial,"" kata Bezzecchi seperti dilansirMotosan.

Misano memang seperti rumah kedua bagi Bezzecchi. Sirkuit tersebut hanya berjarak beberapa kilometer dari Rimini, tempat kelahirannya.

Saking dekatnya, Bezzecchi bahkan masih akan tinggal di rumah hingga Kamis sebelum pindah ke motorhome untuk menjalani rangkaian akhir pekan balapan.

""Misano benar-benar wilayah rumah saya. Saya di rumah sampai Kamis. Jadi, ya, ini luar biasa; selalu menjadi perasaan yang luar biasa, selalu memiliki rasa yang spesial,"" ujarnya.

Antusiasme Bezzecchi semakin besar setelah dua seri terakhir memberinya hasil positif. Ia berhasil mengumpulkan poin penting untuk tetap berada dalam persaingan gelar MotoGP 2026.

""Beberapa waktu terakhir memang cukup sulit, tetapi dua balapan terakhir berjalan dengan baik. Kami berhasil mendapatkan kembali beberapa poin,"" katanya.

Setelah MotoGP Aragon, Bezzecchi berada di posisi ketiga klasemen. Ia tertinggal 24 poin dari Jorge Martin yang memimpin, sementara Marc Marquez berada di posisi kedua dengan selisih 19 poin dari Martin.

Karena itu, balapan di Misano bukan sekadar home race bagi Bezzecchi. Pebalap Italia tersebut juga punya kesempatan untuk memangkas jarak dalam perebutan gelar di depan pendukungnya sendiri.

""Anda harus percaya pada diri sendiri, Anda harus berjuang. Kimi melakukannya, dan saya tentu akan berusaha memberikan yang terbaik,"" ujar Bezzecchi."
Moto Gp,Dokter Perkirakan Kondisi Lengan Marc Marquez: Sekitar 50 Persen,https://sport.detik.com/moto-gp/d-8652425/dokter-perkirakan-kondisi-lengan-marc-marquez-sekitar-50-persen,"Senin, 07 Sep 2026 18:30 WIB","Senin, 07 Sep 2026 18:30 WIB",https://awsimages.detik.net.id/community/media/visual/2026/08/11/2289692653-1786452161989_43.jpeg?w=210&q=90,"Marc Marquez masih harus beradaptasi dengan kondisi lengan kanan yang jauh dari normal. Dokter yang pernah mengoperasinya, Samuel Antuna, mengungkap kekuatan lengan tersebut kini hanya sekitar 50 persen.

AntuÃ±a menjelaskan kondisi itu merupakan dampak dari berbagai cedera dan operasi yang dijalani Marc. Kecelakaan di MotoGP Indonesia tahun lalu menjadi titik balik karena kembali memperburuk kondisi lengan kanannya.

""Sebelum kecelakaan di Indonesia, dia baik-baik saja. Dia bisa balapan, tidak merasakan sakit dan tidak mengeluhkan apa pun. Kecelakaan itu mengubah semuanya,"" kata Antuna kepada El Periodico yang dilansirMotosan.

Masalah Marc kemudian semakin rumit karena saraf radial di lengannya sempat tertekan serpihan tulang. Kondisi itu membuatnya kehilangan kendali atas lengan saat berada dalam posisi tertentu di atas motor dan berkontribusi terhadap sejumlah kecelakaan.

Setelah menjalani operasi untuk mengatasi masalah tersebut, kondisinya membaik. Namun, kekuatan lengan kanannya tetap jauh di bawah lengan kiri.

""Dia memilikilatissimus dorsiyang kuat, tetapi secara mekanis terganggu. Hal yang sama berlaku pada teres major. Namun, masalah utamanya adalah dia kehilangan kekuatan pada bisep,"" ujar Antuna.

""Lengan itu sangat terbatas dalam hal kekuatan, terutama pada bisep. Saya memperkirakan kekuatannya sekitar 50 persen dari kapasitasnya,"" lanjutnya.

Antuna menegaskan Marc tidak kehilangan otot. Namun, sejumlah otot seperti trisep, latissimus dorsi, teres major, dan pektoralis mayor terdampak berbagai operasi sehingga mengalami perubahan dan sedikit atrofi.

Kondisi tersebut membuat lengan kanan Marc tidak memiliki kekuatan yang sama dengan lengan kirinya. Meski begitu, pebalap Ducati itu mampu beradaptasi dengan keterbatasan fisiknya dan tetap kompetitif di MotoGP."
F1,"Mamma Mia, Antonelli",https://sport.detik.com/f1/d-8651642/mamma-mia-antonelli,"Senin, 07 Sep 2026 10:05 WIB","Senin, 07 Sep 2026 10:05 WIB",https://awsimages.detik.net.id/community/media/visual/2026/09/07/kimi-antonelli-1788748391366_43.jpeg?w=210&q=90,"PebalapMercedes GPKimi Antonellitampil luar biasa untuk memenangiF1 GP Italia 2026. Tak cuma comeback, Antonelli bikin rekor baru.

Pada balapan di Sirkuit Monza, Minggu (6/92/206) malam WIB, Antonelli mendapat penalti sehingga harus start dari grid alias posisi ke-19.

Tapi, Antonelli cuma butuh dua lap untuk bisa mendekati posisi 10 besar dan kemudian mengambil alih balapan saat memasuki lap ke-18. Posisi itu dipertahankan Antonelli sampai akhir.

Kemenangan yang bikin Antonelli kukuh di puncak klasemen pebalap F1 dengan 267 poin, unggul 56 angka dari rekan setim George Russell di posisi kedua dan 76 angka dari Hamilton di posisi ketiga.

Ini merupakan kemenangan ketujuh Antonelli musim ini, paling banyak sepanjang sejarah keikutsertaan pebalap Italia di F1.

Hebatnya Antonelli juga menyudahi puasa panjang pebalap Italia di Monza, setelah terakhir Ludovico Scarfiotti bersama Ferrari tahun 1966.

Antonelli juga jadi pebalap termuda yang menang di Monza dalam usia 20 tahun 12 hari, sekaligus orang Italia pertama yang naik podium di balapan itu sejak 2005.

""Luar biasa! Saya senang sekali. Saya tidak pernah membayangkan bisa ada di sini hari ini, tapi kami mewujudkannya. Bak mimpi jadi nyata. Hari luar biasa. Saya tidak bisa melakukan ini tanpa bantuan tim, keluarga, dan semua yang mendukung saya,"" ujar Antonelli seperti dilansirReuters.

""Masih ada beberapa balapan lagi, kami tidak boleh jemawa. Namun, kami akan menikmati dulu kemenangan hari ini,"" sambungnya."
Raket,Men's World Tennis Championship: Karan Singh Juara Seri IV,https://sport.detik.com/raket/d-8651603/mens-world-tennis-championship-karan-singh-juara-seri-iv,"Senin, 07 Sep 2026 09:05 WIB","Senin, 07 Sep 2026 09:05 WIB",https://awsimages.detik.net.id/community/media/visual/2026/09/07/karan-singh-juara-seri-iv-mens-world-tennis-championship-2026-1788746707358_43.jpeg?w=210&q=90,"Selesai sudahSeri IV M-15 Men's World Tennis Championship 2026. Petenis IndiaKaran Singhberjaya di nomor tunggal putra.

Pada pertandingan final di Lapangan A, Bali Beach Country, Nusa Dua, Minggu (6/9/2026), Karan menghadapi perlawanan Isaac Becroft yang merupakan juara seri kedua Agustus lalu.

Menyajikan dua karakter permainan yang berbeda, pertarungan keduanya seru dan menarik. Karan dengan gayanya yang tenang melawan kelincahan Isaac asal Selandia Baru. Karan akhirnya bisa menang 7-5 di set pertama.

Memasuki set kedua, intensitas pertandingan tetap berlangsung dengan tempo tinggi karena Isaac berupaya membalas kekalahan di set pertama. Karan merespons dengan baik dan terjadi susul-menyusul angka sampai laga harus dituntaskan dengan babak tiebreak karena sama kuat 6-6

Dengan kesabaran serta kelincahan dalam menutup area lapangan dari serangan lawan, Karan memenangi babak ini dengan skor 7-6 tiebreak 3.

Karan senang bukan main bisa meraih gelar Seri IV. Apalagi gelar itu didapat setelah melewati duel 2 jam 5 menit kontra Isaac yang dinilai sebagai lawan yang tangguh.

""Merupakan sebuah kebanggaan dapat menjadi yang terbaik di ajang M-15 Bali. Apalagi lawan (Isaac Becroft) juga bermain sangat luar biasa. Gelar ini semakin menambah motivasi tampil di seri kelima,"" ujar Karan dalam rilis kepadadetikSport.

Karan berhak atas hadiah uang USD 2.160 serta tambahan 15 poin ATP, sementara Isaac mendapat USD 1.272 serta trofi. Penyerahan hadiah dilakukan Heru Gunawan selaku Area Business Team Leader BNI Kanwil Denpasar, yang didampingi Ketua Pelti periode 2018-2022 Rildo Ananda Anwar.

TITF World Tennis Tour M-15 Amman Mineral Men's World Tennis Championship 2026 langsung lanjut ke Seri V, Senin (7/9). Ada 32 petenis di babak kualifikasi yang memperebutkan delapan slot ke babak utama."
Sportstyle,"Jete Run Festival 2026 Selesai, Masuk Rekor MURI",https://sport.detik.com/sportstyle/d-8651462/jete-run-festival-2026-selesai-masuk-rekor-muri,"Senin, 07 Sep 2026 00:35 WIB","Senin, 07 Sep 2026 00:35 WIB",https://awsimages.detik.net.id/community/media/visual/2026/09/07/jete-run-2026-1788715030793_43.jpeg?w=210&q=90,"Jete Run Festival 2026baru saja selesai digelar akhir pekan ini. Event lari itu juga masuk buku rekorMURI.

Ajang lari itu digelar di kawasan Balai Kota Surabaya, Minggu, (6/9/2026). Sekitar 6.000 pelari ambil bagian dalam dua kategori, yakni 5K dan 10K. Start dibuka langsung oleh Wali Kota Surabaya Eri Cahyadi.

Jete Run tahun ini juga tampil dengan format yang lebih luas dan berbeda dari sebelumnya. Bukan hanya mengajak masyarakat berlari, penyelenggara mengemasnya menjadi festival olahraga dan gaya hidup dengan berbagai aktivitas pendukung.

Pemilihan Balai Kota Surabaya sebagai pusat Jete Run 2026 memberikan pengalaman berbeda bagi para peserta. Start dan finis berada di jantung kota, sementara rutenya membawa pelari melintasi sejumlah ruas jalan utama Surabaya yang penuh dengan lanskap ikonik Kota Pahlawan.

Untuk kategori 5K, peserta memulai perjalanan dari Balai Kota Surabaya sebelum menuju Jalan Pemuda. Rute kemudian berlanjut melewati Jalan Panglima Sudirman, Jalan Basuki Rahmat, Jalan Gubernur Suryo, hingga Jalan Wuni sebelum kembali menuju garis finis di Balai Kota.

Sedangkan untuk kategori 10K membawa pelari menjelajah area pusat kota dengan cakupan lebih luas. Selepas start dari Balai Kota, peserta bergerak menuju Jalan Pemuda, Jalan Panglima Sudirman, dan Jalan Basuki Rahmat.

Para pelari kemudian diajak menikmati lanskap lainnya melalui Jalan Embong Malang, kawasan Blauran, Jalan Bubutan, Jalan Pahlawan, hingga Jalan Yos Sudarso sebelum kembali menyelesaikan lomba di kawasan Balai Kota Surabaya.

Rute tersebut membuat peserta tidak sekadar menyelesaikan jarak. Mereka sekaligus melintasi sejumlah koridor pusat kota yang menjadi bagian dari wajah Surabaya. Di sepanjang jalur, penyelenggara turut menyediakan titik water station dan layanan medis untuk mendukung kebutuhan peserta selama kegiatan berlangsung.

""Jete Run tahun ini kita mengambil venue yang berbeda dari sebelum-sebelumnya di Citraland. Balai Kota jadi pilihan karena kita ingin menghadirkan nuansa lari dengan konsep lanskap kota modern khas Surabaya yang penuh nilai sejarah. Jadi, sepanjang rute, pelari akan melintasi jalanan dan tempat bersejarah di kota ini,"" ungkap Jhonny Thio Doran selaku CEO dan Founder Jete dalam rilis kepadadetikSport.

Banyaknya kegiatan yang menyertai penyelenggaraan Jete Run Festival 2026 kemudian menghasilkan catatan tersendiri. MURI memberikan penghargaan kepada Jete untuk kategori ajang lari dengan ragam kegiatan pendukung terbanyak.

Jete Run Festival 2026 menghadirkan 21 kegiatan pendukung dalam berbagai kategori, mulai dari olahraga, wellness, kreativitas, hingga kegiatan yang mempertemukan berbagai komunitas. Rekor tersebut menjadi salah satu penanda perkembangan Jete Run dari sebuah kegiatan olahraga menuju festival dengan cakupan yang lebih luas.

""Terima kasih kepada seluruh masyarakat di Indonesia yang telah mendukung dan mempercayakan JETE sebagai pilihan Anda dalam beraktivitas sehari-hari. Mulai dari bekerja, berolahraga, dan menikmati hiburan di era digital. Pencapaian luar biasa ini mustahil tercapai tanpa adanya dukungan dari keluarga, tim, konsumen setia JETE dan masyarakat. Sekali lagi, terima kasih untuk semuanya,"" papar Jhonny.

""Piagam MURI yang didapat memang menjadi pencapaian terbaik di tahun ini. Namun, kita janganlah berada di atas angin dan melupakan kualitas. Ini adalah sebagai pengingat bagi brand untuk terus berinovasi di tengah teknologi yang terus berkembang dan memberikan yang terbaik. Terutama menjadikan Jete sebagai solusi kebutuhan produk aksesoris gadget, smarthome, dan wearable. Begitu juga dengan event olahraga dalam mendukung gaya hidup sehat,"" tutupnya."
Advertorial News Block,Menkomdigi Imbau Warga Waspadai Dampak Erupsi Anak Krakatau,https://sport.detik.com/advertorial-news-block/d-8651455/menkomdigi-imbau-warga-waspadai-dampak-erupsi-anak-krakatau,"Minggu, 06 Sep 2026 23:48 WIB","Minggu, 06 Sep 2026 23:48 WIB",https://awsimages.detik.net.id/community/media/visual/2026/09/06/adv-komdigi-1788713235633_43.jpeg?w=210&q=90,"Menteri Komunikasi dan Digital (Menkomdigi) Meutya Hafid mengimbau masyarakat untuk tetap tenang dan meningkatkan kewaspadaan menyusul aktivitas erupsi Gunung Anak Krakatau di Selat Sunda. Ia juga meminta masyarakat memantau informasi dari sumber terpercaya.

""Yang paling penting adalah tetap tenang, tetapi jangan mengurangi kewaspadaan. Masyarakat perlu mengikuti arahan dari otoritas terkait dan memastikan informasi yang diterima berasal dari sumber yang dapat dipercaya,"" kata Meutya dalam keterangan tertulis, Minggu (6/9/2026).

Seperti diketahui, Gunung Anak Krakatau (GAK) menunjukkan aktivitas vulkanik yang sangat signifikan sejak Jumat (4/9) malam dan kini statusnya berada pada Level III atau Siaga. Abu vulkanik juga telah terdeteksi menyebar ke sejumlah wilayah, termasuk Banten, DKI Jakarta, dan Jawa Barat.

Erupsi GAK pun menyebabkan sejumlah penerbangan dibatalkan dan menimbulkan kekhawatiran masyarakat akibat isu potensi tsunami yang akan ditimbulkan. Dentuman dan getaran yang sempat terjadi di sebagian wilayah Jawa Barat akibat aktivitas GAK juga cukup membuat masyarakat khawatir.

Terkait hal ini, Meutya meminta masyarakat mengikuti perkembangan aktivitas Gunung Anak Krakatau dan kondisi sebaran abu vulkanik dari sumber-sumber resmi dan terpercaya, terutama melalui kanal resmi pemerintah, antara lain PVMBG, BMKG, BNPB, pemerintah daerah, serta instansi terkait lainnya.

""Pastikan keakuratan informasi dari pihak-pihak yang memiliki kewenangan terkait kebencanaan gunung berapi demi menghindari misinformasi atau informasi menyesatkan yang dapat menyebabkan keresahan,"" ungkapnya.

Lebih lanjut, Meutya mengingatkan masyarakat untuk tidak menyebarkan informasi yang belum terverifikasi kebenarannya terkait kondisi Gunung Anak Krakatau.

""Dalam situasi seperti ini, informasi yang tidak benar dapat menimbulkan kepanikan. Karena itu, saring sebelum sharing. Pastikan informasi yang kita terima berasal dari sumber resmi dan dapat dipertanggungjawabkan,"" tegas Meutya.

Meutya pun mendorong masyarakat agar tetap tenang, namun juga meningkatkan kewaspadaan, khususnya bagi warga yang tinggal di dekat GAK dan yang wilayahnya turut terdampak abu vulkanik.

""Tetap waspada, tetap tenang, dan jangan mudah percaya pada informasi yang belum jelas sumbernya dari mana,"" jelasnya.

Sementara bagi masyarakat yang berada di wilayah terdampak abu vulkanik, Meutya mengimbau untuk melakukan sejumlah langkah demi menjaga keselamatan dan kesehatan.

Pertama, gunakan masker yang tepat apabila harus beraktivitas di luar rumah, seperti masker N95 atau KN95, untuk membantu menyaring partikel abu vulkanik.

Kedua, gunakan kacamata pelindung dan hindari penggunaan lensa kontak atau softlens selama kondisi udara masih dipengaruhi abu vulkanik.

Ketiga, kurangi aktivitas di ruang terbuka. Apabila tidak ada keperluan mendesak, masyarakat disarankan untuk tetap berada di dalam ruangan dan membatasi paparan abu vulkanik.

Keempat, bagi masyarakat yang harus berkendara, kurangi kecepatan dan tingkatkan kewaspadaan. Abu vulkanik dapat mengurangi jarak pandang dan membuat permukaan jalan menjadi licin.

Kelima, cuci tangan dan wajah setelah beraktivitas di luar ruangan serta pastikan sumber air bersih terlindungi dari paparan abu.

Selain itu, Meutya mengimbau masyarakat, wisatawan, dan nelayan untuk tidak mendekati kawasan Gunung Anak Krakatau atau melakukan aktivitas dalam radius 3 kilometer dari kawah aktif, sesuai rekomendasi PVMBG.

""Keselamatan adalah yang utama. Tidak perlu panik, namun tetap selalu waspada dan menjaga keselamatan serta kesehatan,"" pungka Meutya."
F1,"Hasil F1 GP Italia 2026: Kimi Antonelli Menang, Mercedes 1-2",https://sport.detik.com/f1/d-8651436/hasil-f1-gp-italia-2026-kimi-antonelli-menang-mercedes-1-2,"Minggu, 06 Sep 2026 22:55 WIB","Minggu, 06 Sep 2026 22:55 WIB",https://awsimages.detik.net.id/community/media/visual/2026/09/06/kimi-antonelli-1788710029842_43.jpeg?w=210&q=90,"PebalapMercedes GPKimi Antonelliberhasil merebut kemenangan diF1 GP Italia 2026. Semakin lengkap karena rekan setimnyaGeorge Russellfinis kedua.

Pada balapan yang dihelat di Sirkuit Monza, Minggu (6/9/2026) malam WIB, Antonelli sejatinya tidak punya posisi start yang bagus, yakni dari urutan ketujuh.

Apalagi dia mendapat penalti sehingga harus turun jauh ke urutan ke-19 alias start dari grid.

Pierre Gasly secara mengejutkan melajukan Alpine miliknya ke posisi pole, disusul Russell di posisi kedua, dan driver McLaren Oscar Piastri di posisi ketiga.

Duo pebalap tuan rumah, Charles Leclerc dan Lewis Hamilton, di posisi keempat serta kelima. Bendera merah sudah muncul di lap kedua saat Leclerc harus out dari balapan karena menabrak dinding.

Leclerc kehilangan kendali mobilnya tak lama setelah menyalip Piastri untuk naik ke posisi keempat. Russell saat itu masih memimpin balapan disusul Gasly dan Max Verstappen.

Antonelli sudah naik tujuh strip ke urutan ke-12 saat insiden terjadi. Setelah itu Antonelli pelan tapi pasti mampu memperbaiki posisinya.

Masuknya virtual safety car membuat Antonelli bisa mendekati Russell di sepertiga balapan. Salip-menyalip terjadi antara keduanya di lap ke-22, sebelum Antonelli mengunci posisi terdepan.

Russell tidak mampu mengejar Antonelli sampai 53 lap berlalu, sehingga rekan setimnya itu muncul sebagai pemenang. Russell harus puas di posisi kedua disusul Verstappen.

McLaren menempatkan dua pebalapnya di lima besar, Lando Norris di urutan keempat dan Piastri di urutan kelima. Hamilton menjaga nama baik Ferrari dengan finis keenam.

Melengkapi 10 besar adalah Gasly, Arvid Lindblad, Franco Colapinto, dan Yuki Tsunoda. Antonelli makin kukuh di puncak klasemen F1 dengan 267 poin, unggul 56 angka dari Russell di posisi kedua dan 76 angka dari Hamilton di posisi ketiga.

Hasil F1 GP Italia 2026"
Sport Lain,"WEC 2026: Sean Gelael Balapan di Austin Dini Hari, Start P7",https://sport.detik.com/sport-lain/d-8651374/wec-2026-sean-gelael-balapan-di-austin-dini-hari-start-p7,"Minggu, 06 Sep 2026 21:40 WIB","Minggu, 06 Sep 2026 21:40 WIB",https://awsimages.detik.net.id/community/media/visual/2026/09/06/sean-gelael-1788705521171_43.jpeg?w=210&q=90,"Sean GelaeldanTeam WRT 32akan coba meraih podium diLone Star Le Mansdini hari nanti. Mereka start ketujuh.

Keras keras mencapai posisi start itu didapat dari kualifikasi kelas LMGT3 di COTA, Minggu (6/9) dini hari WIB kemarin. Darren Leung sebagai pebalap bronze memulai di qualifying dengan baik untuk menuntaskan di posisi ke-8.

Alhasil, Sean sebagai pebalap silver berhak tampil di Hyperpole. Dia tancap gas untuk membukukan waktu 2 menit 05,0888 detik untuk mencapai posisi ketujuh.

Ini merupakan pencapaian terbaik dari mobil BMW di seluruh kelas. Menurunkan empat mobil, masing-masing dua di Hypercar dan LMGT3, cuma bisa start di luar 10 besar.

Sama halnya dengan mobil 69 di kelas LMGT3 yang start dari posisi ke-16.

""Hasil yang bagus, Darren dan Sean bekerja sangat baik. Kami siap untuk lomba besok,"" ujar Augusto Farfus dalam rilis kepadadetikSport.

""Austin selalu jadi tempat yang baik bagi saya, semoga besok juga begitu. Bismillah,"" timpal Sean.

Race 6 Hours of COTA atau kini disebut Lone Star Le Mans itu disiarkan langsung di kanal youtube KUY Entertainment, Senin (7/9) mulai pukul 01.00 dini hari WIB."
Moto Gp,KTM Suka Antusiasme Luca Marini,https://sport.detik.com/moto-gp/d-8651046/ktm-suka-antusiasme-luca-marini,"Minggu, 06 Sep 2026 18:45 WIB","Minggu, 06 Sep 2026 18:45 WIB",https://awsimages.detik.net.id/community/media/visual/2026/05/08/2272441634-1778233039437_43.jpeg?w=210&q=90,"KTM punya sejumlah alasan merekrut Luca Marini ke Tech3 untuk MotoGP 2027. Pebalap Italia itu dinilai bukan cuma membawa pengalaman, tetapi juga bisa membantu KTM mengembangkan motor di era baru.

Marini akan meninggalkan Honda HRC setelah tiga musim dan bergabung dengan Tech3 mulai 2027. Kepindahan tersebut sudah resmi diumumkan pada Agustus lalu. Ia akan menjadi salah satu bagian dari proyek baru Tech3 bersama KTM.

DirekturmotorsportKTM, Pit Beirer, mengungkapkan bahwa ketertarikan Marini terhadap proyek KTM menjadi salah satu faktor penting dalam keputusan tersebut.

""Kami sangat senang dia bergabung dengan kami. Luca menunjukkan ketertarikannya sejak awal, dan menurut saya penting memiliki seseorang yang benar-benar ingin datang ke sini,"" kata Beirer seperti dilansirCrash.net.

Bagi KTM, antusiasme itu bukan satu-satunya pertimbangan. Marini juga dianggap punya kemampuan yang dibutuhkan untuk membantu pengembangan motor.

""Ketika berbicara dengan orang-orang di sekitarnya, jelas bahwa dia juga merupakan sosok yang hebat untuk membantu membuat motor menjadi lebih baik,"" ujar Beirer.

KTM Ingin Marini Bantu Kembangkan Motor

MotoGP akan memasuki era baru pada 2027. Kapasitas mesin akan turun dari 1.000 cc menjadi 850 cc, disertai perubahan besar pada regulasi teknis dan penggunaan ban Pirelli.

KTM sendiri sudah mempersiapkan proyek tersebut. Mereka telah menguji mesin yang dirancang untuk era regulasi baru dan memastikan Tech3 tetap menjadi bagian dari proyek KTM mulai 2027.

Dalam situasi seperti itu, pengalaman pebalap menjadi sangat penting. Beirer mengatakan KTM memang sengaja mencari kombinasi pebalap berpengalaman dan pebalap muda untuk Tech3.

""Kami berkomitmen sejak awal: kami ingin pebalap muda dan kami ingin pebalap berpengalaman. Kami tidak ingin memiliki dua pebalap muda karena ini bukan tim rookie. Ini adalah tim MotoGP yang kuat dan sekelas tim utama.""

Karena itu, KTM menilai kombinasi Marini dengan pebalap muda nantinya bisa menjadi formula yang ideal.

Keputusan merekrut Marini juga mendapat respons positif dari para pebalap yang akan memperkuat KTM pada 2027. Beirer menyebut para pebalap baru KTM mengetahui kemampuan Marini dalam membantu pengembangan motor.

""Mereka sangat senang karena tahu apa yang bisa dilakukan Luca dan bagaimana dia bisa membantu mengembangkan motor,"" ujarnya."
Moto Gp,Jadwal MotoGP San Marino 2026: Misi Marc Marquez Kejar Jorge Martin,https://sport.detik.com/moto-gp/d-8650852/jadwal-motogp-san-marino-2026-misi-marc-marquez-kejar-jorge-martin,"Minggu, 06 Sep 2026 16:45 WIB","Minggu, 06 Sep 2026 16:45 WIB",https://awsimages.detik.net.id/community/media/visual/2026/08/29/marc-marquezsprint-race-motogp-aragon-2026ducati-lenovo-team-motogpmotogp-2026sprint-race-motogpthe-baby-alien-1788011071536_43.jpeg?w=210&q=90,"MotoGP 2026 akan berlanjut ke San Marino. Seri ke-14 musim ini akan digelar di Misano World Circuit Marco Simoncelli pada 11-13 September 2026.

Jorge Martin untuk sementara masih memimpin klasemen MotoGP 2026. Tapi keunggulannya mulai tergerus setelah Marc Marquez tampil sempurna di Aragon.

Marc berhasil memenangi Sprint dan balapan utama di Aragon. Sementara Martin hanya finis kelima di kedua sesi tersebut.

Hasil itu membuat Marc memangkas jarak dengan Martin menjadi 19 poin. Martin kini mengoleksi 256 poin, sedangkan Marc mengumpulkan 237 poin. Marco Bezzecchi berada di posisi ketiga dengan 232 poin.

Balapan Aragon sendiri dimenangi Marc setelah tampil dominan. Ia meraih 25 poin dari balapan utama, sementara Martin hanya mendapat 11 poin. Data resmi MotoGP mencatat Marc finis pertama, Pedro Acosta kedua, Bezzecchi ketiga, dan Martin kelima.

Dengan sembilan seri tersisa, persaingan perebutan gelar pun semakin terbuka. Marc Marquez kini hanya berjarak kurang dari satu kemenangan penuh dari Jorge Martin. Kini selisih keduanya hanya 19 poin.

Bezzecchi juga belum bisa dicoret. Pebalap Aprilia itu hanya terpaut lima poin dari Marc dan 24 poin dari Martin. Artinya, tiga pebalap teratas masih berada dalam persaingan yang sangat ketat menuju paruh akhir musim.

Berikut klasemen sementara MotoGP 2026 setelah seri Aragon:

Seri San Marino berlangsung di Misano World Circuit Marco Simoncelli. Sirkuit tersebut memiliki panjang 4,23 kilometer, dengan 16 tikungan yang terdiri dari 10 tikungan kanan dan enam tikungan kiri. Balapan MotoGP dijadwalkan berlangsung selama 27 lap dengan total jarak 114,1 kilometer.

Rangkaian akhir pekan dimulai pada Jumat (11/9), dilanjutkan kualifikasi dan Sprint pada Sabtu (12/9), kemudian balapan utama pada Minggu (13/9). Nah, berikut jadwal lengkapnya dalam Waktu Indonesia Barat (WIB) berdasarkan jadwal resmi MotoGP.

MotoGP San Marino merupakan seri ke-14 dari kalender 2026 dan akan berlangsung di Misano pada 11-13 September."
Moto Gp,"Crutchlow Pilih Ai Ogura Jadi Favorit Setelah Marc Marquez, Ini Alasannya",https://sport.detik.com/moto-gp/d-8650870/crutchlow-pilih-ai-ogura-jadi-favorit-setelah-marc-marquez-ini-alasannya,"Minggu, 06 Sep 2026 15:15 WIB","Minggu, 06 Sep 2026 15:15 WIB",https://awsimages.detik.net.id/community/media/visual/2026/07/13/ai-ogura-marc-marquez-1783933377783_43.jpeg?w=210&q=90,"Cal Crutchlow membuat prediksi menarik soal kandidat juara MotoGP 2026. Setelah Marc Marquez, ia menyebut nama Ai Ogura.

Crutchlow masih menilai Marc sebagai pebalap terbaik di grid saat ini. Tapi ketika diminta memilih favorit berikutnya, Ogura menjadi pilihannya.

""Kalau Anda bertanya kepada saya siapa pun selain Marc, saya akan memilih Ai Ogura,"" kata Crutchlow seperti dilansirMotosan.

Ogura memang sempat tampil luar biasa sebelum mengalami cedera. Pebalap Trackhouse Aprilia itu meraih lima podium dalam enam seri, termasuk kemenangan di MotoGP Belanda.

Namun, Ogura kemudian mengalami cedera tangan saat latihan di Jepang sehingga harus absen di Aragon. Dampaknya cukup besar terhadap klasemen. Setelah seri Aragon, dia turun ke posisi kelima dengan 203 poin.

Crutchlow punya alasan teknis di balik pilihannya. Dia melihat karakter Ogura mirip dengan Dani Pedrosa, terutama dari aspek bobot tubuh. Ogura dengan berat sekitar 60 kg merupakan salah satu pebalap paling ringan di grid MotoGP. Menurut Crutchlow, kondisi tersebut membuat Ogura memiliki keunggulan dalam pengelolaan ban.

""Saya menyukainya, cara dia mengendarai motor. Satu-satunya kekurangannya adalah dia membutuhkan waktu lebih lama untuk mulai cepat dalam balapan,"" ujar Crutchlow.

""Dan saya tahu kenapa. Ini sangat mirip dengan Dani Pedrosa, yaitu soal bobot tubuhnya.""

Ogura memang cenderung tidak langsung memaksimalkan ban pada awal balapan. Konsekuensinya, dia membutuhkan waktu untuk mendapatkan kecepatan terbaik. Tapi kondisi tersebut justru bisa menjadi keuntungan menjelang akhir balapan.

""[Ai] tidak mengaktifkan ban seperti pebalap lain pada tahap awal. Kemudian di akhir balapan, dia sangat menghemat ban sehingga masih punya banyak cadangan dibandingkan yang lain. Pada balapan yang lebih panas, dia jauh lebih baik karena bisa langsung memacu,"" kata Crutchlow.

Selain itu Crutchlow juga memuji Jorge Martin, yang memuncaki klasemen MotoGP 2026 untuk sementara. Crutchlow melihat konsistensi sebagai faktor penting dalam perebutan gelar musim ini dan belakangan ini Martin disebutnya sebagai rider yang relatif konsisten.

""Jorge Martin sepertinya menjadi satu-satunya pebalap yang cukup konsisten saat ini. Dia tidak selalu menang, tetapi dia selalu ada ketika dibutuhkan,"" kata Crutchlow."
Sport Lain,WEC 2026: WRT 32 Meraba COTA dari Hasil Free Practice,https://sport.detik.com/sport-lain/d-8650342/wec-2026-wrt-32-meraba-cota-dari-hasil-free-practice,"Minggu, 06 Sep 2026 02:25 WIB","Minggu, 06 Sep 2026 02:25 WIB",https://awsimages.detik.net.id/community/media/visual/2026/09/06/sean-gelael-1788633362591_43.jpeg?w=210&q=90,"Team WRT 32sudah menuntaskan sesi latihan bebas jelang balapan6 Hours of COTA. Mereka menggunakan itu untuk meraba persaingan di atas lintasan.

Circuit of The Americas (COTA) di Austin, AS, bakal menyajikan balapan sengit untuk dua kelasFIA World Endurance Championship (WEC) 2026, Hypercar dan LMGT3. Hal itu terbaca dari dua sesi latihan sepanjang Jumat (4/9).

Pada FP1, Ferrari dominan di kelas Hypercar dengan menyelesaikan sesi di P1 dan P2. Namun Aston Martin gantian menjadi yang tercepat pada FP2.

i kelas LMGT3, McLaren finis P1 dan P3 pada sesi awal dengan Mercedes ada di antara keduanya.

Aston Martin melengkapi keperkasaan di FP2, karena bukan hanya di kelas Hypercar mereka jadi yang tercepat namun juga di kelas LMGT3. Heart of Racing Team #27 terpatri di P1, diikuti dua mobil Mercedes dan dua mobil McLaren.

Dari hasil tersebut, tim pengguna Aston Martin, McLaren, dan Mercedes tampak siap untuk bersaing menjadi pemenang di Lone Star Le Mans atau 6 Hours of COTA.

Mobil-mobil Amerika sendiri tampak belum memperlihatkan taji, ketika Corvette dan Ford belum berhasil menembus lima besar. Mengingt Corvette memimpin klasemen LMGT3, maka hasil di COTA bisa membuat perburuan gelar juara semakin sengit hingga akhir musim.

Team WRT sendiri memilih jalur berbeda dalam menatap lomba. WRT 32 bersama Sean, Darren, dan Augusto Farfus berada di P17 dan P16 pada FP1 dan FP2. Hal serupa juga terjadi untuk mobil WRT 69 yang finis di posisi kembar, P15, untuk dua FP.

Walau tak terlalu signifikan, top speed juga bisa membantu mengingat COTA punya dua tempat ideal untuk menyusul, Tikungan 1 dan 12. Bila top speed bagus dan kesempatan terbuka, menyusul di dua tempat itu bisa menaikkan moral.

Saat FP2, top speed BMW mampu bersaing dengan Aston Martin sebagai pemilik kecepatan maksimal sepanjang Jumat. Aston Martin menyentuh 256,5 km/jam, sementara BMW 255,3 km/jam.

Hari Sabtu tergolong pendek untuk latihan, karena berdurasi satu jam. WRT 32 bersama Sean akan mencoba bersaing di Top 10 Qualifying sehingga lolos ke Hyperpole.

Race 6 Hours of COTA disiarkan langsung di kanal youtube KUY Entertainment, Senin (7/9) mulai pukul 01.00 WIB."
Raket,Men's World Tennis Championship: Rafalentino/Ethan Gagal Juara,https://sport.detik.com/raket/d-8650339/mens-world-tennis-championship-rafalentino-ethan-gagal-juara,"Minggu, 06 Sep 2026 01:25 WIB","Minggu, 06 Sep 2026 01:25 WIB",https://awsimages.detik.net.id/community/media/visual/2026/09/06/mens-world-tennis-championship-rafalentinoethan-gagal-juara-1788632798810_43.jpeg?w=210&q=90,"Pupus sudah harapan Indonesia berjaya diMen's World Tennis Championship 2026. Ini setelahRafalentino Ali Da Costa/Ethan David Zappkalah di final.

Pada pertandingan puncak ganda putra Seri IV ITF World Tennis Tour M-1 di Lapangan A, Bali Beach Country, Nusa Dua, Sabtu (5/9/2026), Rafalentino/Ethan harus mengakui ketangguhan Alexander Chang/Pablo Perez Ramos.

Di set pertama, Rafalentino/Ethan mengalami kesulitan mengimbangi permainan Alexander/Pablo. Petenis Amerika Serikat/Spanyol itu langsung menyerang lewat servis voli sebelum menang 6-3.

Memasuki set kedua, ganda tuan rumah yang sempat menyingkirkan unggulan pertma Isaac Becroft/Reece Falck bisa bangkit untu memberikan perlawanan hingga game ke-10 untuk membuat skor sama kuat 5-5.

Namun, keunggulan pengalaman dari Alexander/Pablo dalam hal mematahkan servis lawan membuat mereka menang 7-5 dalam tempo 1 jam 11 menit untuk keluar sebagai juara.

Meski menang, Pablo memuji permainan dari Rafalentino dan Ethan yang nyaris membuatnya kesulitan diset kedua.

""Kami bersyukur bisa menang karena lawan (Rafalentino dan Ethan) tampil luar biasa sehingga menyulitkan kami,"" ujar Pablo dalam rilis kepadadetikSport.

Sementara Alexander Kekompakkan dan komunikasi yang baik dengan partnernya membuahkan hasil gelar juara untuk yang kedua kali pada ajang M-15. Pada seri pertama, dia bersama Tanapat Nirundorn jadi juara di sektor yang sama.

Rafalentino/Ethan memang gagal juara, tapi pencapaian mereka diapresiasi Ketua Umum PP. Pelti periode 2018-2022 Rildo Ananda Anwar.

""Hadirnya talenta-talenta petenis muda merah putih seperti Rafalentino Ali Da Costa dan Ethan David Zapp di sektor putra serta Janice Tjen merupakan sebuah karunia sekaligus tantangan tersendiri dalam pembinaan tenis di Indonesia, agar prestasi mereka terus meningkat lewat jalur kompetisi, serta berjalannya proses regenerasi dengan baik,"" ujar Rildo.

Sebagai runner-up, Rafalentino/Ethan mendapat hadiah 540 dolar AS serta trofi. Sedangkan Alexander/Pablo sebagai juara berhak atas 930 dolar AS serta tambahan 15 poin ATP.

Sementara itu pada sektor tunggal putra yang hari ini mempertandingkan babak semifinal, petenis asal India Karan Singh berhasil mempertahankan performa impresifnya dengan memastikan diri melangkah ke partai puncak.

Singh mengalahkan wakil Jepang Ryotaro Taguchi dua set langsung 6-3 dan 6-3. Karang akan bertemu Isaac Becroft dari Australia yang mengalahkan Leo Borg dalam waktu 1 jam 59 menit dengan skor 2-6, 6-4 dan 6-2."
Sportstyle,Minala Cup Padel Diikuti Lebih dari 300 Peserta,https://sport.detik.com/sportstyle/d-8650215/minala-cup-padel-diikuti-lebih-dari-300-peserta,"Sabtu, 05 Sep 2026 23:15 WIB","Sabtu, 05 Sep 2026 23:15 WIB",https://awsimages.detik.net.id/community/media/visual/2026/09/05/padel-1788620947289_43.jpeg?w=210&q=90,"Padelsemakin semarak dengan hadirnya beragam turnamen. Ada Minala Cup Padel Tournament yang menyuguhkan hal menarik.

Ajang ini digelar di PIPC Arteri, Kebayoran Lama, Jakarta Selatan, pada tanggal 5 dan 6 September 2026. Minala Cup Padel Tournament diikuti lebih dari 300 peserta.

Tak sekadar menghadirkan persaingan di lapangan, turnamen tersebut juga menawarkan hadiah menarik dengan total uang tunai mencapai Rp 103,5 juta. Selain itu, panitia menyiapkan 400 koper serta doorprize berupa kesempatan menjalankan ibadah umrah ke Arab Saudi.

CEO Minala Tour & Travel, Muhammad Castallani, mengatakan pihaknya ingin memadukan olahraga, gaya hidup sehat, serta perjalanan spiritual. Minala Tour and Travel adalah perusahaan yang bergerak di layanan Umrah dan Haji.

""Kami berusaha ikut mendorong perkembangan olahraga padel di Indonesia yang saat ini sedang hype. Kami juga ingin menciptakan gaya hidup sehat di kalangan masyarakat luas, masyarakat Muslim juga tentunya,"" ujar Muhammad Castallani dalam konferensi pers di PIPC Arteri, Sabtu (5/9/2026).

""Melalui turnamen ini, kami ingin menghadirkan kompetisi yang kompetitif dan menghibur, sehingga para pemain bisa mendapatkan pengalaman bertanding yang seru, sementara penonton juga bisa menikmati atmosfer pertandingan yang positif,"" sambungnya.

Ada lima kategori dalam Minala Cup Padel Tournament, yakni Women Lower Bronze, Mixed Lower Bronze, Mixed Bronze, Mens Lower Bronze dan Mens Bronze. Proses kurasi peserta dilakukan sesuai dengan prosedur kompetisi, dengan skema kerja sama dengan Gen 2 Padel, salah satu komunitas padel yang sudah berdiri beberapa tahun.

""Kami akan memberikan total hadiah cash Rp103,5 juta. Kemudian ada hadiah 400 koper. Ini juga menarik karena kami menjadi turnamen padel pertama di Indonesia yang memberikan hadiah 400 koper,"" kata Muhammad Castallani.

CEO Shiratha, Aan Yugiastomo, selaku sponsor utama Minala Cup, berharap kolaborasi ini bisa memberikan hal baik untuk masyarakat. Adapun keinginan berkontribusi memajukan padel di Indonesia.

""Saya sangat yakin kolaborasi ini bisa membawa dampak positif untuk kami, para peserta, dan masyarakat luas. Saya berharap turnamen ini berlangsung lancar untuk 2 hari ini. Peserta happy semua, panitia dan rekan-rekan media juga senang dengan jalannya event ini. Dan tentunya semoga bisa membawa dampak besar bagi dunia olahraga padel yang sedang hype di Indonesia,"""
Sport Lain,"Lewat Buku, Eks Judoka Tuang Buah Pikiran untuk Kemajuan Olahraga Nasional",https://sport.detik.com/sport-lain/d-8650061/lewat-buku-eks-judoka-tuang-buah-pikiran-untuk-kemajuan-olahraga-nasional,"Sabtu, 05 Sep 2026 22:45 WIB","Sabtu, 05 Sep 2026 22:45 WIB",https://awsimages.detik.net.id/community/media/visual/2026/09/05/sadik-algadri-1788611908880_43.jpeg?w=210&q=90,"Eks judoka nasional, Sadik Algadri, merilis buku soal buah pikiran untuk kemajuanolahraga di Indonesia. Sampai saat ini, olahraga di tanah air masih terkendala masalah yang selalu sama.

Sebuah buku berjudul 'Membangun Otot di Negeri Kertas' ditulis oleh Sadik. Buku itu dirilis pada Agustus 2026. Fragmentasi kebijakan publik di Indonesia, lemahnya tata kelola dan regulasi organisasi-organisasi olahraga, ilusi dalam politik anggaran serta infrastruktur kompetisi, hingga penerapan sport science dan pengembangan sumber daya manusia menjadi isinya.

Acara bedah buku itu digelar di Gedung Serbaguna, Gelora Bung Karno (GBK), Jakarta, Sabtu (5/9/2026). Hadir dalam acara itu Rocky Gerung, wartawan senior olahraga Asro Kamal Rokan, serta Guru Besar Universitas Pendidikan Indonesia (UPI) Prof. Yunyun Yudiana.

Sadik mengungkap proses penulisan buku memakan waktu lima sampai enam bulan. Peraturan yang dikeluarkan pemangku kebijakan sebelum pelantikan Presiden RI terpilih, Prabowo Subianto, pada 20 Oktober 2024 menjadi pemicunya. Meski tak menyebut secara spesifik aturannya, Sadik khawatir akan membahayakan olahraga secara keseluruhan.

""Jadi, perlu diketahui bahwa olahraga prestasi memiliki semacam garis besar atau undang-undang sendiri yang disebut Olympic Charter. Di dalamnya, secara garis besar, diatur bahwa jika pemerintah ikut campur dalam politik olahraga, apalagi sampai mengatur proses olahraga, ada konsekuensi tertentu, termasuk kemungkinan mendapatkan sanksi,"" kata Sadik dalam rilis yang diterima detikSport.

Setelah membahas dalam beberapa podcast mengenai kegelisahan soal kondisi olahragaIndonesiaitu, Sadik pun menuangkannya dalam buku. Atlet judo era 1970-an hingga 1980-an itu menekankan pentingnya etika dalam olahraga.

""Ya, tentu. Kegelisahan itu pasti ada dasarnya. Kalau hanya marah-marah, tentu tidak masuk akal. Semua proses itu sudah kami lakukan. Kami memang orang-orang yang berada di organisasi olahraga dan memahami etika dalam olahraga. Etika itu sangat dihargai,"" kata Sadik.

Event besar biasanya menjadi titik balik untuk perkembangan sebuah negara. Pada 2018, Indonesia sudah sukses menyelenggarakan Asian Games. Jepang, China, dan Korea Selatan juga berubah setelah ajang besar seperti Piala Dunia atau Olimpiade.

""Kenapa saya mengatakan demikian? Jepang menyelenggarakan Olimpiade 1964 untuk menunjukkan bahwa mereka, meskipun kalah dalam perang, sudah menjadi negara yang siap dan mampu bangkit kembali,"" kata Sadik.

""Nah, kami berharap Asian Games 2018 di Indonesia juga bisa menjadi momentum seperti itu. Namun, setelah Asian Games 2018, bahkan memasuki 2027 dan seterusnya, kembali lagi persoalan anggaran seperti yang kita bicarakan tadi,"" ia menambahkan.

Sadik berharap buku 'Membangun Otot di Negeri Kertas' tidak berhenti sebagai karya yang mengkritisi persoalan olahraga. Ia ingin buku tersebut mendorong perubahan sekaligus membuka keberanian untuk mengakui berbagai persoalan yang masih terjadi.

""Ya, seperti yang saya sampaikan tadi, harapan besarnya adalah adanya perubahan. Kita harus berani menyatakan dan berani mengakui,"" kata Sadik.

""Pertama, kalau kita mau marah, kita harus mengakui terlebih dahulu bahwa ada kesalahan. Setelah mengakui, baru kita berani menyatakan, 'Ya, ini kita salah.'""

""Setelah itu, kita maju. Kita bisa berubah. That's it. Berpikirnya harus jernih, tetapi mengerjakannya belum tentu mudah,"" kata pria yang masuk dalam jajaran pengurus KONI Pusat itu."
Basket,Derrick Michael Wujudkan Mimpi Masa Kecil Tampil di Asian Games 2026,https://sport.detik.com/basket/d-8649812/derrick-michael-wujudkan-mimpi-masa-kecil-tampil-di-asian-games-2026,"Sabtu, 05 Sep 2026 16:45 WIB","Sabtu, 05 Sep 2026 16:45 WIB",https://awsimages.detik.net.id/community/media/visual/2026/09/05/derrick-michael-1788599446048_43.jpeg?w=210&q=90,"MataDerrick Michael Xzavierroberbinar saat berbicara soalAsian Games 2026.Dia akan mewujudkan mimpi masa kecilnya!

""Aku ingat terakhir kali menonton Asian Games itu saat digelar di Jakarta. Asian Games di Jakarta benar-benar seperti mimpi buat aku. Waktu itu aku masih SMA dan datang ke Gelora Bung Karno hanya untuk menonton. Suasananya benar-benar bagus, begitu juga dengan penontonnya,"" kata Derrick saat ditemui di Jakarta Selatan, Sabtu (6/9/2026).

Tak ayal, saat mimpi itu terwujud, Derrick mengaku benar-benar antusias. Apalagi klub tempat ia bernaung saat ini, Saga Ballooners, mengizinkannya memperkuat Indonesia.

""Aku antusias banget karena ini pertama kalinya aku tampil di Asian Games,"" ujarnya.

""Ini juga merupakan salah satu impianku sejak kecil untuk bisa bermain di Asian Games. Jadi, aku ingin membuat semuanya benar-benar berarti.""

Di Asian Games, Derrick dan kawan-kawan langsung menghadapi tantangan besar. Ia akan melawan tuan rumah di Aichi-Nagoya pada 10 September 2026. Alih-alih gentar, Derrick justru makin semangat.

Apalagi, Derrick sudah terbiasa dengan atmosfer basket Jepang. Kini ia akan merasakannya dengan jersey Merah Putih.

""Kami akan bermain melawan Jepang. Aku tahu arenanya akan sangat besar, salah satu arena terbesar di B.League. Jadi, aku sangat excited untuk bermain di sana,"" ujarnya.

Tak hanya itu, Derrick juga semakin bersemangat karena rekan-rekannya di Jepang juga bakal mendukungnya secara penuh saat di Asian Games nanti.

""Oh iya, semua teman-teman saya di Jepang, B.League dan tim saya, benar-benar mendukung saya. Kemarin saya juga sempat latihan sekitar sebulan di sana. Mereka bilang, 'Kami akan menonton pertandinganmu. Lakukan yang terbaik. Kami akan mendukungmu.'""

""Walaupun mereka berasal dari Jepang, mereka tetap mendukung saya sebagai salah satu pemain mereka. Jadi, saya sangat beruntung bisa berada di Saga juga. Mereka memberikan dukungan penuh kepada Indonesia,"" ujarnya.

Pebasket berusia 23 tahun ini pun membeberkan target pribadinya dalam debutnya di Asian Games 2026.

""Target pribadi pastinya menang sebanyak-banyaknya dan memberikan kontribusi sebagus-bagusnya untuk tim. Semoga kami bisa memenangkan setiap pertandingan. Setidaknya kami bisa lolos ke grup berikutnya,"" kata Derrick.

""Untuk masyarakat Indonesia, aku sangat membutuhkan dukungan, full support. Jangan setengah-setengah dalam memberikan dukungan,"" ucapnya."
Basket,"Asian Games 2026: Timnas Basket Masuk Grup Neraka, CdM Optimistis",https://sport.detik.com/basket/d-8649778/asian-games-2026-timnas-basket-masuk-grup-neraka-cdm-optimistis,"Sabtu, 05 Sep 2026 15:50 WIB","Sabtu, 05 Sep 2026 15:50 WIB",https://awsimages.detik.net.id/community/media/visual/2026/09/05/timnas-basket-putra-indonesia-1788597398180_43.jpeg?w=210&q=90,"Timnas basket putra Indonesiamasuk grup neraka diAsian Games 2026.CdM Todotua Pasaribu optimistis!

Timnas basket putra Indonesia melakoni persiapan akhir sebelum terbang ke Jepang mengikuti Asian Games 2026. Ketua Umum Persatuan Bola Basket Seluruh Indonesia (Perbasi) Budi Djiwandono datang langsung ke latihan untuk melepas sekaligus memberi semangat.

""Kami hadir bukan hanya untuk melihat, tetapi juga memberikan semangat,"" kata Budi bersama CdM Todotua Pasaribu di kawasan Jakarta Selatan, Sabtu (5/9/2026).

Bagaimana pun, lolosnya Indonesia ke Asian Games adalah rezeki karena ada slot yang terbuka.

""Kita ketahui bersama, tadinya timnas putra belum terkualifikasi untuk Asian Games. Namun, karena kemarin ada slot yang terbuka, akhirnya Indonesia bisa berkompetisi,"" ujarnya.

DiAsian Games Aichi-Nagoya 2026,Indonesia berada di grup neraka bersama Jepang, Korea Selatan, dan Arab Saudi. Namun, Budi meminta semangat atletnya tetap menyala.

""Kami tahu bahwa perjuangan ini tidak mudah dan tim-tim yang akan mereka hadapi adalah tim-tim hebat dari Asia. Namun, saya yakin dengan pengalaman yang ada, beberapa atlet sudah memiliki pengalaman yang cukup panjang, dan diperkuat dengan bibit-bibit muda, saya rasa ini merupakan kombinasi yang baik untuk menghadapi tim-tim tersebut,"" kata Budi.

""Kami yakin. Tadi kami juga menitipkan kepada pelatih dan para atlet untuk memberikan yang terbaik. Kami ingin mereka berkompetisi sebagus-bagusnya. Kita doakan mereka bisa memberikan hasil yang terbaik,"" tegasnya.

Sementara itu,CdM Todotua Pasaribumemastikan Timnas basket putra menjadi delegasi pertama Indonesia yang akan berangkat ke Negeri Matahari tersebut. Mereka akan terbang pada Senin (7/9), dan mulai bertanding pada 10 September.

""Harapannya, tim basket kita ini bisa menjadi endorsement yang positif. Jadi, ketika nanti pembukaan, kita yakin dan percaya tim basket kita sudah bisa memberikan yang terbaik, sehingga pada saat pembukaan Asian Games pun kita sudah punya kabar yang baik,"" kata Todotua.

Todotua mengaku sudah 2-3 kali meninjau tim ini. Sebagai bagian dari keluarga besar Perbasi, ia punya keyakinan tinggi.

""Kita yakin dan percaya ini momentum yang harus kita manfaatkan betul-betul. Harapannya, dari sisi atlet, saya sendiri punya keyakinan bahwa tim ini bisa membawa pulang medali nanti,"" ujarnya.

""Persiapan di sana, mereka nanti akan masuk ke kompleks Athlete Village sebagai persiapan. Kami dari CDM juga akan memberikan dukungan dan backup. Pada saat mereka masuk, official team dari CDM juga sudah akan stand by,"" tegas Todotua."
Sport Lain,"Kalah di Perempatfinal AVC Beach Continental, Ini Kata Bintang/Sofyan",https://sport.detik.com/sport-lain/d-8649669/kalah-di-perempatfinal-avc-beach-continental-ini-kata-bintang-sofyan,"Sabtu, 05 Sep 2026 14:15 WIB","Sabtu, 05 Sep 2026 14:15 WIB",https://awsimages.detik.net.id/community/media/visual/2026/09/04/bintang-akbarsofyan-rachman-1788505685497_43.png?w=210&q=90,"PerjalananBintang Akbar/Sofyan RachmandiAVC Beach Continental 2026harus berakhir di perempatfinal. Mereka sudah main maksimal.

Dalam pertandingan yang berlangsung di Shangluo, China, Sabtu (5/9/2026), pasangan voli pantai Indonesia itu kalah 1-2 dari wakil Australia Thomas Hodges/Ben Hood.

Bintang/Sofyan sempat berada di atas angin setelah merebut set pembuka 21-19. Namun, Hodges/Hood membalikkan keadaan dengan memenangi dua set berikutnya 21-14 dan 15-13 sekaligus memastikan tiket semifinal.

Kegagalan tersebut menjadi kekalahan pertama Bintang/Sofyan selama tampil di turnamen ini. Sebelum memasuki perempat final, mereka selalu menang dan bahkan belum pernah kehilangan satu set.

Pelatih Timnas voli pantai Indonesia Slamet Mulyanto mengatakan anak-anaknta sudah main maksimal.

""Pertama-tama kami mohon maaf, hanya sampai perempat final. Anak-anak sudah maksimal,"" kata Slamet dalam kutipam cepatnya, Sabtu (5/9/2026).

""Set pertama anak-anak bermain bagus. Start kedua awalnya bagus, leading 8-6. Namun, lawan bikin ulah, mancing emosi, memperlambat permainan dan tiga kali protes ke wasit, hingga dapat kartu kuning. Hal itu membuat anak-anak terpengaruh,"" ujarnya.

Slamet menilai lawan memiliki postur tubuh yang lebih tinggi sehingga overblok-nya sulit dihentikan.

""Lawan tinggi, overblok, susah dihentikan. Jam terbang bicara, dalam keadaan ketat gini, lawan bisa mempengaruhi tempo, itu yang tidak diantisipasi anak-anak. Harusnya anak-anak kembali dengan cepat ke bentuk permainannya,"" kata Slamet.

""Set ketiga, bisa mengimbangi, tetapi lawan memang harus diakui tampil lebih baik, lebih punya banyak pengalaman. Jam terbang berbicara, salah satu pemainnya sudah dua kali tampil di Olimpiade,"" tuturnya.

Slamet berharap pengalaman tampil di AVC Beach Continental dapat dijadikan bekal untuk Asian Games di Aichi-Nagoya, 19 September hingga 4 Oktober mendatang.

""Anak-anak harus lebih konsisten dan tidak terpengaruh lawan. Kini kami bersiap tampil di Asian Games,"" kata Slamet."
Sport Lain,"WEC 2026: Paruh Kedua Musim Dimulai, Team WRT 32 Lebih Pede",https://sport.detik.com/sport-lain/d-8649199/wec-2026-paruh-kedua-musim-dimulai-team-wrt-32-lebih-pede,"Sabtu, 05 Sep 2026 01:10 WIB","Sabtu, 05 Sep 2026 01:10 WIB",https://awsimages.detik.net.id/community/media/visual/2026/09/04/team-wrt-32-1788538505421_43.jpeg?w=210&q=90,"FIA World Endurance Championship 2026memasuki paruh kedua musim.Team WRT 32lebih percaya diri meraih hasil bagus.

Dari empat balapan awal, selalu muncul pemenang berbeda. Team WRT #69 (BMW) menaklukkan seri pembuka di Imola, lalu Garage 59 #10 (McLaren) finis pertama di Spa.

Dua tim penggeber Corvette memenangi dua balapan terakhir di Le Mans serta Sao Paulo, yakni TF Sport #33 dan Racing Team Turkey #34.

TF Sport 33 sekarang memimpin klasemen dengan keunggulan 27 poin atas tim juara bertahan kelas LMGT3, The Bend Manthey #92 (Porsche). Keunggulan dengan selisih poin lumayan besar itu pun didapat karena TF Sport 33 menang di Le Mans yang memberikan poin ganda.

Selebihnya, dari Manthey 92 di peringkat dua hingga tim di posisi ke-10 hanya berselisih 19 poin. Ini menggambarkan betapa persaingan di LMGT3 sangat terbuka musim ini.

Menariknya lagi menatap putaran lima FIA WEC, Lone Star Le Mans atau 6 Hours of COTA akhir pekan ini, untuk kali pertama dua tim pemenang di dua kelas tahun lalu absen. Porsche Penske tak melanjutkan program Hypercar tahun ini.

Sementara tim United Autosports #95 yang tahun lalu menang di COTA bersamaSean Gelael, Darren Leung, dan Marino Sato juga absen dari program LMGT3 tahun ini. Mereka memilih fokus untuk menjadi partner operasional McLaren untuk tampil di Hypercar 2027.

Mobil McLaren sendiri masih ada di LMGT3, tapi manajemennya pindah ke tim Garage 59 dengan mengoperasikan mobil nomor 10 dan 58.

Sean dan Darren masih bersatu dan punya ingatan baik soal kemenangan tahun lalu. Namun kali ini cerita pasti berbeda karena mereka mengendarai BMW bersama Augusto Farfus di Team WRT #32.

""Musim liburan telah berakhir, sekarang saatnya fokus tantangan berat di hadapan,"" tulis akun resmi Team WRT.

Race 6 Hours of COTA disiarkan langsung secara livestreaming di kanal youtube KUY Entertainment, Senin (7/9) mulai pukul 01.00 WIB."
Raket,Men's World Tennis Championship: Ganda Indonesia Tembus Final,https://sport.detik.com/raket/d-8649186/mens-world-tennis-championship-ganda-indonesia-tembus-final,"Sabtu, 05 Sep 2026 00:10 WIB","Sabtu, 05 Sep 2026 00:10 WIB",https://awsimages.detik.net.id/community/media/visual/2026/09/04/rafalentino-ali-da-costaethan-david-zapp-1788536960326_43.jpeg?w=210&q=90,"PasanganRafalentino Ali Da Costa/Ethan David Zapp selangkah menuju gelar juaraMen's World Tennis Championship 2026. Ini setelah mereka lolos ke final.

Pada laga semifinal Seri IV ITF World Tennis Tour M-15 di Bali Beach Country Club, Jumat (4/9/2026), Rafalentino/Ethan menghadapi unggulan keempat Sebastian Grundtvic Jorgensen/Ryotaro Taguchi.

Rafalentino/Ethan bermain prima sedari set pertama sebelum menang 6-4 dan 6-4 atas pasangan gado-gado Denmark dan Jepang. Mereka tak takut meladeni perlawanan Sebastian/Ryotaro yan berperingkat lebih tinggi.

Setelah menang 6-4 di se pertama, Rafalentino lewat forehand maupun backhand yang mematikan serta Ethan dengan cegatan voli di depan net memaksa Sebastian/Ryotaro kalah dengan skor serupa dalam total durasi pertandingan selama 1 jam 6 menit di set kedua.

Rafalentino pun menyebut kemenangan ini jado kado ulang tahun rekannya. Dia juga mewanti-wanti agar selalu waspada dan tidak menganggap remeh lawan di final.

""Kemenangan ini jadi kado terbaik untuk ultah ke-17 Ethan David. Ini juga jadi rekor tersendiri bagi kami karena bisa mencapai final pertama kalinya di nomor ganda,"" ujar Rafalentino dalam rilis kepadadetikSport.

""Kami harrus fokus dan tidak boleh lengah sama sekali di setiap gamenya. Ini menjadi faktor penting dalam kemenangan hari ini,"" sambungnya.

Sementara, Ethan memuji semangat Rafalentino serta kemampuan rekannya mengatur strategi dengan baik, di saat poin-poin kritis.

""Dia bagus sekali saat menghadapi tekanan dan bisa membantu saya. Kami harus tetap fokus untuk final,"" papar Ethan.

Pada laga final, Sabtu (5/9) besok ,mereka menantang unggulan Alexander ChangPablo Perez Ramos. Pasangan gado-gado dari Amerika Serikat dan Spanyol ini sukses menyudahi Shanker Heisnam/Karan Singh dari India 6-3 dan 6-4.

Sementara itu di sektor tunggal putra tuan rumah Indonesia gagal menempatkan wakilnya kebabak semifinal. Nathan Barki dipaksa harus menyerah dua set langsung dari petenis India Karan Singh, lewat pertarungan selama 1 jam 16 menit.

Selanjutnya Karan Singh yang merupakan unggulan keempat akan bertemu Ryotaro Taguchi, setelah petenis asal Jepang ini menang rubbet set dari Hayden Jones 6-0 5-7 dan 7-5."
Sport Lain,Timnas Voli Putra dan Putri Indonesia Bidik 8 Besar Asian Games 2026,https://sport.detik.com/sport-lain/d-8649149/timnas-voli-putra-dan-putri-indonesia-bidik-8-besar-asian-games-2026,"Jumat, 04 Sep 2026 23:15 WIB","Jumat, 04 Sep 2026 23:15 WIB",https://awsimages.detik.net.id/community/media/visual/2026/07/25/timnas-voli-indonesia-1784961220864_43.jpeg?w=210&q=90,"Timnas voli putra Indonesiasiap tempur dan bertekad mengharumkan nama bangsa diAsian Games 2026. Boy Arnez dan kawan-kawan percaya diri dapat mempersembahkan hasil terbaik.

Asian Games 2026 berlangsung di Aichi-Nagoya, mulai 19 September hingga 4 Oktober 2026. Timnas voli putra telah melakukan persiapan sebulan penuh, baik fisik maupun mental.

Kapten Timnas voli putra Boy Arnez menegaskan tidak ada kendala berarti selama Pelatnas. Chemistry tim sudah terbentuk.

""Persiapan kami sudah cukup lama, sebulan. Untuk chemistry tim sudah solid, tinggal membenahi kesalahan-kesalahan di game. Tapi kami optimis dapat main baik nanti di Asian Games,"" kata Boy saat ditemui di kawasan Jakarta Selatan, Jumat (4/9/2026).

Di bawah asuhan pelatih Reidel Toiran, skuad Garuda memang telah digembleng habis-habisan. Mulai dari pelatihan intensif hingga uji coba melawan Kamboja.

""Kami sudah digembleng sih, mulai dari fisik ke mental. Nanti tinggal di Asian Games saja nanti gimana,"" tambah Boy.

Bukan tanpa alasan Boy mengatakan demikian. Selain persiapan yang baik, mereka juga baru saja menorehkan hasil baik usai menjuarai AVC Men's Volleyball Cup 2026 di India.

Di Asian Games, tim voli putra Indonesia tergabung dalam Grup B bersama Iran, Thailand, dan Kirgistan.

Tak hanya Timnas voli putra, dari sektor putri, Maradanti juga meyakini tim putri juga bisa berbicara lebih di multievent terbesar di Asia tersebut. Tim putri Indonesia masuk Grup A bersama Jepang dan Nepal.

""Untuk persiapannya sih sebenarnya sudah siap ya. Karena sebelum menuju Asian Games 2026 ini kita udah mengikuti pertandingan internasional. Dan beberapa sparing-sparing dengan tim lainnya,"" papar Rara.

Melihat lawan-lawan yang dihadapi di Aichi-Nagoya nanti, Baik Rara maupun Boy menargetkan lolos ke delapan besar terlebih dahulu.

""Tahap pertama masuk 8 besar dulu ya. Lalu nanti dari 8 besar kita pikir lagi buat masuk ke babak berikutnya. Step by step dulu,"" ucap Rara."
Sport Lain,Bali Bakal Gelar Turnamen Catur Internasional Akhir Oktober,https://sport.detik.com/sport-lain/d-8649165/bali-bakal-gelar-turnamen-catur-internasional-akhir-oktober,"Jumat, 04 Sep 2026 22:35 WIB","Jumat, 04 Sep 2026 22:35 WIB",https://awsimages.detik.net.id/community/media/visual/2021/03/17/ilustrasi-catur-1_43.jpeg?w=210&q=90,"Balijadi tuan rumah turnamen catur level internasional akhir Oktober. Tak sekadar adu tangkas, turnamen ini juga bertujuan menggenjot pariwisata Pulau Dewata.

Turnamen ini bernama Catur Bali Fide Rated Kapal Api Chess Festival 2026 yang digelar di Hotel Ululani, Uluwatu, Bali, 30 Oktober sampai 5 November.

Ajang ini digagas oleh Ketua Umum Pengurus Cabang Persatuan Catur Seluruh Indonesia (Pengprov Percasi) Kabupaten Muna, Sulawesi Tenggara, Jalaluddin Madjinuhu, yang mendapat dukungan dari PB Percasi dan klub Jayakarta Muda Jakarta.

Bakal ada total hadiah RP 112 juta di mana Rp 20 juta akan diberikan kepada sang juara. Sejauh ini sudah ada 300 peserta yang berencana mengikuti ajang itu, baik dari dalam maupun luar negeri.

Dari Indonesia, baru atlet-atlet Jawa Timur, Bali, Sulawesi Tenggara, Nusa Tenggara Barat, dan Nusa Tenggara Timur yang mendaftar.

Menurut Jalaludin, jumlah peserta yang cukup banyak ini sesuai dengan daya tampung Ballroom Hotel Ululani, Bali yang akan menjadi arena pertandingan. Diharapkan nantinya, para peserta telah lolos persyaratan sesuai peraturan FIDE.

""Saat ini sekitar 300 calon peserta sudah bersurat kepada FIDE untuk mengikuti turnamen ini. Dari dalam negeri sendiri beberapa daerah sudah konfirmasi kepada saya seperti dari Jawa Timur sebanyak 50 pecatur, Bali (50 pecatur), Sulawesi Tenggara(25 pecatur), serta dari NTT dan NTB,"" ujar Jalaludin dalam rilis kepadadetikSport.

""Karena turnamen pertama ini berkategori challenger maka pesertanya adalah pecatur yang memiliki elo rating di bawah 2000,"" sambungnya.

Lebih lanjut, pemilihan Pulau Bali sebagai tempat penyelenggara, agar turnamen catur level international tidak hanya berlangsung di Pulau Jawa saja. Ini juga bisa berdampak positif bagi pariwisata Bali selama turnamen berlangsung.

""Pemilihan Bali, selain sebagai destinasi wisata. juga karena letaknya di tengah-tengah, hingga para peserta dari Pulau Kalimantan, Sulawesi, serta dari Indonesia Bagian Timur lainnya, bisa ikut ambil bagian,"" papar Jalaludin.

Selama ini turnamen catur bertaraf international atau FIDE Rated di Indonesia hanya ada satu kali. Dengan digelarnya turnamen Kapal Api Chess Festival 2026, maka jumlah turnamen bertaraf international di Tanah Air diharapkan semakin banyak.

""Jadi tak usah jauh-jauh ke luar negeri untuk mencari poin elo rating, sebaliknya bagi peserta dari luar negeri juga bisa sekalian berlibur di Bali. Jika turnamen pembuka ini sukses, ke depannya akan dijadikan kalender tetap tiap tahunnya dan titelnya akan berubah menjadi open,"" demikian Jalaludin."
Foto Sport,Kyrchyn Gorge Jadi Panggung World Nomad Games,https://sport.detik.com/fotosport/d-8648227/kyrchyn-gorge-jadi-panggung-world-nomad-games,"Jumat, 04 Sep 2026 22:02 WIB","Jumat, 04 Sep 2026 22:02 WIB",https://awsimages.detik.net.id/community/media/visual/2026/09/04/kyrchyn-gorge-jadi-panggung-world-nomad-games-1788501948191_43.jpeg?w=210&q=90,"Kyrgyzstan- Pemandangan udara venue VI World Nomad Games terlihat di Kyrchyn Gorge, Issyk-Kul, Kyrgyzstan, saat ajang budaya dan olahraga nomaden berlangsung."
Raket,"Hasil China Masters 2026: Sabar/Reza Out, Wakil Indonesia Habis",https://sport.detik.com/raket/d-8649124/hasil-china-masters-2026-sabar-reza-out-wakil-indonesia-habis,"Jumat, 04 Sep 2026 21:38 WIB","Jumat, 04 Sep 2026 21:38 WIB",https://awsimages.detik.net.id/community/media/visual/2026/07/23/sabar-karyaman-gutamamoh-reza-pahlevi-isfahani-1784787619764_43.jpeg?w=210&q=90,"Sabar Karyaman Gutama/Moh. Reza Pahlevi Isfahanitersingkir dariChina Masters 2026usai kalah dari Nur Mohd Azriyn Ayub/Tan Wee Kiong. Wakil Indonesia habis di ajang ini.

Sabar Karyaman Gutama/Moh Reza Pahlevi Isfahanimenghadapi Nur Mohd Azriyn Ayub/Tan Wee Kiong (Malaysia) di perempatfinal China Masters 2026. Pertandingan digelar di Court 1 Shenzen Arena, Jumat (4/9/2026) malam WIB.

Sabar/Reza mengawali gim pertama dengan kurang baik. Mereka tertinggal 1-5.

Unggulan keenam ini kemudian bisa mengejar hingga kedudukan sama kuat 6-6. Sabar/Reza bahkan berbalik memimpin dengan kedudukan 9-6.

Sabar/Reza unggul 11-8 saat interval. Situasi tapi kemudian berubah selepas interval.

Azriyn/Tan tampil agresif hingga bikin kembali sama kuat 11-11. Pasangan Malaysia mendapatkan momentum untuk menjauh. Sabar/Reza tertinggal 11-14 usai terus gagal mendulang angka.

Sabar/Reza berusaha bangkit dengan bisa menipiskan jarak angka dengan cuma tertinggal satu poin saat kedudukan 15-16.

Namun, setelahnya Azriyn/Tan bisa terus menjaga keunggulan. Sabar/Reza harus kalah 17-21 di gim pertama.

Sabar/Reza tak mengulangi kesalahan di awal gim pertama saat memulai gim kedua. Mereka bisa unggul 6-2.

Sabar/Reza tapi tak bisa menjaga keunggulan hingga Azriyn/Tan bikin skor sama kuat 6-6. Sabar/Reza berbalik tertinggal 6-10.

Namun, Sabar/Reza dengan baik bangkit dengan unggul 11-10 saat interval gim kedua. Sabar/Reza konsisten menjaga keunggulan setelah interval.

Sabar/Reza mengamankan gim kedua dengan skor 21-16. Laga harus ditentukan di gim ketiga.

Due berlangsung sengit di awal gim ketiga hingga skor 4-4. Sabar/Reza sempat unggul 9-6 tapi Azriyn/Tan mendulang tiga angka beruntun hingga skor kembali imbang 9-9.

Sabar/Reza unggul tipis 11-10 di interval gim ketiga. Selepas interval, Azriyn/Tan kembali bisa menyetarakan angka saat 12-12.

Laga terus ketat hingga 16-16. Sabar/Reza bisa mendapatkan dua angka untuk unggul 18-16. Pukulan terukur Tan di depan net dan pengembalian Sabar yang melebar bikin kedudukan kembali sama kuat saat 18-18.

Reza melakukan kesalahan serve di poin krusial hingga Azriyn/Tan mendapatkan match poin. Ganda Indonesia ini yang menyangkut di net bikin mereka kalah 19-21 di gim ketiga.

Sabar/Reza tersingkir dari China Masters 2026. Tersingkirnya Sabar/Reza bikin wakil Indonesia habis di ajang ini."
Moto Gp,Pol: Acosta Akan Menang Balapan dan Jadi Juara Dunia Cuma soal Waktu,https://sport.detik.com/moto-gp/d-8648849/pol-acosta-akan-menang-balapan-dan-jadi-juara-dunia-cuma-soal-waktu,"Jumat, 04 Sep 2026 18:30 WIB","Jumat, 04 Sep 2026 18:30 WIB",https://awsimages.detik.net.id/community/media/visual/2026/08/19/2289002997-1787106516300_43.jpeg?w=210&q=90,"Di tengah ekspektasi tinggi,Pedro Acostabelum mampu menangi balapan alih-alih bersaing merebut titel juara dunia. Rider MotoGPPol Espargarotidak khawatir soal ini.

Acosta digadang-gadang sebagai bintang MotoGP masa depan. Rider berjuluk si Hiu dari Mazarron ini bermodalkan gelar juara dunia di kelas Moto3 dan Moto2, lalu jadi rookie terbaik dua tahun lalu.

Dari 54 balapan grand prix yang sudah dilakoni di kelas primer, Acosta 14 kali finis podium tanpa kemenangan. Acosta mentok finis kedua, yang dicapainya delapan kali termasuk di Aragon sepekan lalu.

Tak bisa dipungkiri,Pedro Acostamulai menghadapi tuntutan untuk memenangi balapan grand prix. Acosta sudah cukup pengalaman, plus dipersenjatai dengan tunggangan pabrikan KTM.

Pol Espargaro, pebalap penguji KTM, yakin betul bahwa Acosta cepat atau lambat akan memenangi grand prix dan jadi juara dunia. Balapan di San Marino dan Austria diyakini jadi kesempatan bagus buat Acosta.

""Aku sepenuhnya yakin, dan kuharap secepatnya karena Misano, Austria itu sirkuit-sirkuit di mana dia bisa tampil bagus, dan di level Pedro sekarang dan level yang kami punya sekarang, dengan beberapa penyempurnaan dan peningkatan untuk balapan mendatang, kurasa itu mungkin,"" ucap adik kandung Aleix Espargaro ini diMarca.

""Kurasa sejak awal ini memungkinkan, tapi kemenangan itu belum memang belum terjadi tap dia sudah sangat dekat, dia dalam jalur yang benar. Bagaimanapun, kurasa kita tidak seharusnya terobsesi dengan ini.""

""Pedro akan memenangi banyak balapan, dia akan memenangi beberapa titel Kejuaraan Dunia. Aku sangat-sangat yakin dengan hal ini, ini hanya soal waktu saja,"" Pol Espargaro menambahkan tentangAcosta."
Sport Lain,AVC Continental 2026: Bintang/Sofyan Hadapi Selandia Baru di 16 Besar,https://sport.detik.com/sport-lain/d-8648336/avc-continental-2026-bintang-sofyan-hadapi-selandia-baru-di-16-besar,"Jumat, 04 Sep 2026 14:15 WIB","Jumat, 04 Sep 2026 14:15 WIB",https://awsimages.detik.net.id/community/media/visual/2026/09/04/bintang-akbarsofyan-rachman-1788505685497_43.png?w=210&q=90,"Pasangan voli pantai Indonesia Bintang Akbar/Sofyan Rachman sukses mengunci status juara Grup EAVC Beach Continental 2026dan melenggang mulus ke babak 16 besar. Di babak berikutnya, mereka akan melawan Selandia Baru.

Kemenangan telak 2-0 atas wakil Jepang Takahashi/Ikeda di Shangluo, Kamis (3/9/2026), jadi penutup sempurna fase grup. Skor 21-16, 21-15 menutup laga yang sebenarnya duel perebutan puncak klasemen.

Dalam keterangan tertulis federasi, Bintang/Sofyan tampil dominan sejak awal pertandingan dan mengamankan set pertama dengan kemenangan 21-16. Permainan pasangan Indonesia tetap terjaga pada set kedua hingga mereka kembali unggul 21-15.

Kemenangan atas wakil Jepang sekaligus mempertahankan rekor sempurna Bintang/Sofyan selama fase grup. Mereka berhasil memenangkan seluruh tiga pertandingan tanpa sekalipun kehilangan set.

Pertemuan dengan Takahashi/Ikeda memang menjadi laga penting untuk menentukan pemuncak klasemen Grup E. Kedua pasangan sebelumnya sama-sama mengoleksi dua kemenangan dan belum pernah kehilangan satu set pun.

Bintang/Sofyan lebih mampu menjaga konsistensi dalam laga tersebut. Setelah mengamankan set pembuka 21-16, pasangan Indonesia kembali tampil solid untuk menyelesaikan pertandingan dengan kemenangan 21-15 pada set kedua.

Sebelum menghadapi pasangan Jepang, Bintang/Sofyan lebih dahulu meraih kemenangan atas wakil Hong Kong Wong Pui Lam/Chong Kei Loi. Dalam pertandingan pembuka Grup E, mereka menang dua set langsung 21-10 dan 21-12.

Pada pertandingan kedua yang berlangsung Rabu (2/9/2026), pasangan Indonesia kembali meraih kemenangan. Kali ini, Yakovlev/Mokhammad dari Kazakhstan mereka kalahkan dengan skor 21-17 dan 21-15.

Dari tiga pertandingan tersebut, Bintang/Sofyan mengumpulkan enam kemenangan set tanpa sekali pun kalah. Hasil itu memastikan mereka berada di posisi teratas Grup E sekaligus membuka jalan menuju fase gugur.

Di babak 16 besar, Di 16 besar, ujian berikutnya sudah menunggu. Sam O'Dea/Ben O'Dea dari Selandia Baru jadi lawan yang harus ditaklukkan Bintang/Sofyan.

Target pelatih Slamet Mulyanto dari awal memang menjadi juara grup. Dan itu sudah tercapai. Bintang/Sofyan diminta naik level.

""Bintang/Sofyan bermain sangat baik. Lawan Selandia Baru, tidak boleh kendur. Gas terus, harus menang,"" tegas Slamet."
Sport Lain,Pemanasan Timnas Basket 3x3 di Taiwan Jelang Asian Games 2026,https://sport.detik.com/sport-lain/d-8648160/pemanasan-timnas-basket-3x3-di-taiwan-jelang-asian-games-2026,"Jumat, 04 Sep 2026 12:50 WIB","Jumat, 04 Sep 2026 12:50 WIB",https://awsimages.detik.net.id/community/media/visual/2026/09/04/timnas-basket-3x3-1788500269591_43.jpeg?w=210&q=90,"Jelang Asian Games 2026,Timnas basket 3x3 putraterbang ke Taiwan untuk mengikuti FIBA 3x3 Challenger. Ajang ini penting untuk pembentukan mental!

Berlangsung di Kaohsiung, Taiwan, pada 5-6 September, Timnas basket 3x3 Indonesia berkekuatan empat pemain dari total delapan nama yang ikut latihan di persiapan tahap akhir.

Keempat nama itu adalah Almando Davin Nepa Bait, Halmaheranno Aprianto Lolaru Hady, Erick Ibrahim Junior, dan Daffa Dhoifullah.

Mereka berangkat ke Kaohsiung dengan membawa nama Tim Balige. Sementara dua pemain, yaitu Aymane Arip dan Richard Kornelius, akan menyusul dan bergabung untuk melakukan scrimmage dengan tim/klub lokal di Taiwan pada dua hari berikutnya, 7-8 September.

Di Kaohsiung, Tim Balige akan berjuang dari babak kualifikasi. Mereka tergabung di Grup B bersama Tim Shibuya asal Jepang dan Tim Phoenix dari Amerika Serikat.

Shibuya merupakan tim profesional yang diperkuat dua pemain Jepang dan rekrutan asal Latvia, Kristaps Gluditis dan Zigmars Raimo. Mereka pemain senior dengan usia 30 tahunan. Kemudian Phoenix dari USA diisi pemain matang dengan usia 29 dan 30 tahun.Untuk di Kualfikasi Grup B, hanya Balige yang diisi pemain muda dengan usia di bawah 23 tahun.

Wakil Ketua Program 3x3 Badan Tim Nasional (BTN) DPP Perbasi sekaligus General Manager Timnas 3x3 Putra Derry Primasta Octa menegaskan pengiriman pemain muda ini sesuai regulasi Asian Games 2026 yang membatasi usia maksimal 23 tahun untuk basket 3x3.

""Pengalaman merasakan atmosfer pertandingan di ajang internasional dibutuhkan oleh pemain kita dalam membentuk karakter permainan menuju Asian Games 2026,"" kata Derry dalam keterangannya.

""Tim Balige dengan kekuatan pemain usia lebih muda dikirim ke ajang ini dengan tujuan membentuk mental tanding dan mengambil pengalaman serta merasakan atmosfer pertandingan di level internasional.""

Derry juga menekankan, hasil akhir nomor dua. Yang utama adalah proses.

""Hasil akhir memang penting dalam pertandingan. Namun dalam proses pembentukan tim saat ini, melihat pemahaman pemain dalam menjalankan strategi permainan yang telah diberikan selama training camp nasional jauh lebih penting agar di Asian Games nanti bisa mendapatkan hasil maksimal,"" ujarnya.

Di Asian Games 2026, Timnas Basket 3x3 Putra tergabung di Pool C. Di sana, Indonesia akan bersaing melawan Qatar, Taiwan, dan Bahrain.

""Komposisi pemain saat ini adalah yang terbaik dari proses training camp yang sudah berjalan, dipimpin oleh Coach Donnda. Kami melihat banyak perubahan positif sejak FIBA Batam Challenger.""

""Mari kita dukung anak-anak muda berprestasi Indonesia, wakil kita di kancah global melalui 3x3 Basket. Ultimately, kami bersama mau memberikan yang terbaik untuk Asian Games 2026,"" tegas Derry."
Sportstyle,Belum Pernah Ikut Kelas Yoga? Yoga Outdoor Ini Cocok Untuk Beginner,https://sport.detik.com/sportstyle/d-8647385/belum-pernah-ikut-kelas-yoga-yoga-outdoor-ini-cocok-untuk-beginner,"Jumat, 04 Sep 2026 06:15 WIB","Jumat, 04 Sep 2026 06:15 WIB",https://awsimages.detik.net.id/community/media/visual/2026/08/21/yoga-outdoor-1787291516571_43.jpeg?w=210&q=90,"Banyak orang urung cobayogakarena mikir harus lentur dulu atau paham semua gerakan sejak awal. Padahal yoga itu soal proses, bukan soal siapa yang paling jago pose susah, dan justru kelas outdoor jadi tempat paling santai buat memulai.

Ground and Grow Yoga membuka kelas yang ramah untuk pemula, digelar di RenÃ© CafÃ©, Cipayung, Jakarta Timur pada Minggu, 6 September 2026, pukul 07.00 WIB sampai 09.00 WIB. Suasana outdoor yang santai bikin siapa pun tidak perlu takut salah gerakan atau merasa dinilai orang lain.

Kelas ini fokus ke mindful movement, jadi peserta diajak menyelaraskan napas dengan gerakan pelan-pelan tanpa tekanan buat langsung sempurna. Cocok banget buat kamu yang selama ini cuma nonton video yoga di media sosial tapi belum berani coba langsung.

Persiapannya juga simpel. Peserta cukup membawa yoga mat sendiri dan pakaian olahraga yang nyaman dipakai gerak. Disarankan juga bawa tumbler, handuk, dan sunglasses supaya makin nyaman selama sesi berlangsung di ruang terbuka. Setiap peserta bakal dapat goodie bag saat registrasi di venue, jadi ada bonus tambahan selain pengalaman yoga itu sendiri.

Selain jadi ajang olahraga ringan, momen ini juga bisa jadi cara buat ketemu orang baru dengan minat yang sama soal wellness dan gaya hidup lebih sadar diri. Kamu juga tidak perlu mikirin peralatan mahal, karena modal utama cuma niat dan yoga mat sendiri.

Kalau selama ini alasan kamu belum mulai yoga cuma karena takut salah gerakan atau merasa belum siap, kelas ini didesain justru buat kamu yang masih di titik itu. Instruktur akan memandu step by step tanpa buru-buru.

Jangan biarkan rasa ragu bikin kamu terus menunda, langsung amankan slotmu didetikeventsekarang juga!"
Raket,Men's World Tennis Championship: Nathan Barki ke Perempatfinal,https://sport.detik.com/raket/d-8647457/mens-world-tennis-championship-nathan-barki-ke-perempatfinal,"Kamis, 03 Sep 2026 23:15 WIB","Kamis, 03 Sep 2026 23:15 WIB",https://awsimages.detik.net.id/community/media/visual/2026/09/03/mens-world-tennis-championship-2026-1788446248354_43.jpeg?w=210&q=90,"Petenis IndonesiaNathan Barkimelaju ke perempatfinalAmman Mineral Men's World Tennis Championship 2026. Begitu juga denganRafalentino Ali Da Costa/Ethan David Zappyang menembus semifinal.

Pada pertandingan Babak 16 Besar Seri IV M-15 di Lapangan D, Bali Beach Country Club, Kamis (3/9/2026), Nathan bertemu kompatriotnya Anthony Susanto.

Duel kedua wakil tuan rumah ini sebenarnya berlangsung seimbang, di mana terjadi kejar-kejaran poin sampai skor sama kuat 5-5 di set pertama.

Memasuki game ke-11, setelah melalui 3 kali deuce, Nathan akhirnya dapat mematahkan servis dari Anthony, untuk menutup set pertama dengan kemenangan 7-5 dalam tempo 48 menit.

Di set kedua, Nathan meminta perawatan medis akibat lengan kanannya sakit. Alhasil petenis 29 tahun ini memutuskan mundur dan Nathan berhak atas tiket perempatfinal.

Meski menang, Nathan prihatin dengan kondisi Anthony. Dia berharap Anthony bisa cepat pulih.

""Sedih juga meski menang, karena Anthony harus terhenti karena cedera. Saya berharap bisa mempertahankan performa dan fokus ke laga-laga selanjutnya,"" ujar Nathan dalam rilis kepadadetikSport.

Di nomor tunggal putra, Rafalentino menyerah dua set langsung dalam tempo 1 jam 16 menit, 3-6 dan 2-6, dari wakil India Karan Singh.

Kegagalan ini ditebus Rafalentino dengan sempurna saat turun di ganda putra bersama Ethan David Zapp. Mereka menyingkirkan unggulan pertama Isaac Becroft/Reece Falck dari Selandia Baru.

Dengan motivasi tinggi dan bermain tanpa beban, Rafalentino yang baru berusia 16 tahun dan Ethan 17 tahun, bertarung sangat luar biasa untuk menang 7-5, 6-4, dalam waktu 1 jam 14 menit.

""(Kami) sangat gembira dengan kemenangan ini dan tak menyangkan bisa mengalahkan unggulan pertama. Kami akan berupaya tampil tanpa beban lagi di laga selanjutnya, bermain seperti hari ini,"" ujar Ethan yang diamini Rafalentino.

Rafalentino/Ethan David bertemu unggulan keempat Sebastian Grundtvic Jorgensen/Ryotaro Taguchi di semifinal. Sebastian/Ryotaro mengalahkan Leo Borg/Eric Ahren dari Swedia dengan skor 6-4 3-6 dan super tiebreak 10-5."
Sportstyle,Bakal Ada Jakarta Vertical Run 2026 Bulan November,https://sport.detik.com/sportstyle/d-8647394/bakal-ada-jakarta-vertical-run-2026-bulan-november,"Kamis, 03 Sep 2026 22:15 WIB","Kamis, 03 Sep 2026 22:15 WIB",https://awsimages.detik.net.id/community/media/visual/2024/02/03/autograph-towervia-thamrin-nine_43.jpeg?w=210&q=90,"Asosiasi Lari Trail Indonesia (ALTI) DKI Jakarta akan menggelar Jakarta Vertical Run 2026. Apa itu?

Mengambil tema Tantangan Urban dan Keberlanjutan Lingkungan, ALTI DKI bekerjasama dengan Cakrawala Jakarta Kreatif selaku penyelenggara, yang didukung juga oleh Geely sebagai sponsor utama dan Fortesport, menggelar ajang tower running bertaraf internasional.

Perlombaan lari naik tangga ini dihelat, Minggu 15 November, di Autograph Tower, Kompleks Thamrin Nine, Jakarta Pusat. Thamrin Nine merupaka gedung tertinggi di Jakarta dan tercatat sebagai gedung tertinggi di belahan bumi selatan, dengan ketinggian 385 meter.

Para peserta akan menantang fisik dan mental dengan menaklukkan kurang lebih 2.120 anak tangga di gedung 106 lantai itu.

Ketua Umum ALTI DKI Jakarta, Eko Putro Hadi Prasetyo, menyampaikan bahwa ajang ini memberikan sensasi olahraga urban yang berbeda dari road run pada umumnya. Lomba dimulai pukul 04.30 WIB, agar para pelari tercepat berkesempatan menikmati momen matahari terbit di langit Jakarta saat mencapai puncak.

""Kami percaya olahraga urban seperti ini akan memberikan tantangan dan sensasi yang berbeda bagi pesertanya. Semoga saja akan tercipta persaingan yang menarik antarpeserta,"" ujar Eko Putro dalam jumpa pers, Kamis (3/9/2026).

Start dilakukan dengan sistem wave yang terbagi menjadi empat gelombang: wave 1 untuk kategori Elite Atlet dan wave 2 untuk kategori Open, masing-masing dilepas lima (5) peserta setiap 30 detik, sementara wave 3 dan wave 4 dilepas setiap satu menit.

Hingga kini, tercatat 450 pelari dari 16 negara siap bersaing di tiga kategori utama: Elite/Tower Running, Senior, dan Master. Ajang lari naik tangga gedung bertingkat tinggi seperti ini telah lazim diselenggarakan di berbagai kota dunia, dan diminati karena tingkat kesulitannya yang berbeda dari lomba lari di jalan raya pada umumnya.

Keterlibatan Geely sebagai sponsor utama memperkuat sinergi antara gaya hidup aktif dan komitmen keberlanjutan lingkungan (green mobility) melalui penerapan konsep eco-friendly event.

Penyelenggara juga menaruh perhatian penuh pada keselamatan, keamanan, dan kenyamanan peserta dengan menyiagakan tenaga kesehatan, paramedis, ambulans, serta rumah sakit rujukan apabila terjadi keadaan darurat selama lomba berlangsung.

Ajang ini sekaligus menjadi momen strategis menyongsong peringatan 500 tahun Kota Jakarta pada 2027. Panitia berharap penyelenggaraan Jakarta Vertical Run dapat kembali digelar tahun depan dengan skala lebih besar.

Kepala Dinas Pemuda dan Olahraga Provinsi DKI Jakarta, Andri Yansyah, mendukung penuh kegiatan ini. Selain berfungsi sebagai tolok ukur pembinaan prestasi atlet, Jakarta Vertical Run juga didorong sebagai ajang sport tourism dan rekreasi bergengsi, di mana para peserta dapat menikmati keindahan lanskap Kota Jakarta dari titik tertinggi.

Jakarta Vertical Run nanti bakal jadi penyelenggaraan Vertical Running pertama di gedung tertinggi di Indonesia dengan jumlah peserta terbanyak, yang berpotensi mendapatkan rekor MURI.

Khusus bagi pelari kategori Elite Vertical Running, mereka akan memperoleh 60 poin skor yang dapat menaikkan peringkat mereka di klasemen atlet vertical run internasional."
Raket,"Hasil China Masters 2026: Sabar/Reza Menang, Melaju ke Perempatfinal",https://sport.detik.com/raket/d-8647441/hasil-china-masters-2026-sabar-reza-menang-melaju-ke-perempatfinal,"Kamis, 03 Sep 2026 21:30 WIB","Kamis, 03 Sep 2026 21:30 WIB",https://awsimages.detik.net.id/community/media/visual/2026/08/19/sabar-karyaman-gutamamoh-reza-pahlevi-isfahani-1787147938260_43.jpeg?w=210&q=90,"Sabar Karyaman Gutaman/Mohammad Reza Pahlevi Isfahanimelaju ke perempatfinalChina Masters 2026. Sabar/Reza mengalahkan Daniel Ludgaard/Mads Vestergaard.

Babak 16 besarBWF Super 750 China Mastersmempertemukan Sabar/Reza dengan Lundgaard/Vestergaard dari Denmark. Pertandingan digelar di Court 1 Shenzen Arena, Kamis (3/9/2026) malam WIB.

Sabar/Reza merebut 3 poin pertama, tapi Lundgaard/Vestergaard mampu menyamakan kedudukan. Sabar/Reza selanjutnya memimpin 3 angka lagi hingga mencapai interval dengan keunggulan 11-9.

Pasangan Indonesia sempat unggul 5 angka 14-9, namun Lundgaard/Vestergaard mampu merebut 4 angka beruntun dan menyamakan kedudukan 14-14. Sabar/Rerza kembali lepas dari tekanan dan menjauh 17-14.

Sabar/Reza mencapai game point dengan keunggulan 20-15. Sabar/Reza menutup gim pertama dengan keunggulan21-15.

Permainan positif ditunjukkan Sabar/Reza memasuki gim kedua. Sabar/Reza mampi menjaga keunggulan 2-3 angka dari Lundgaard/Vestergaard dan unggul 11-8 di interval.

Sabar/Reza menjauhkan kejaran menjadi 5 poin 18-13 dan 19-14 dan mencapai match point 20-15. Bola out dari Lundgaard/Vestergaard memastikan kemenangan Sabar/Reza21-15.

Hasil ini mengantarkan Sabar/Reza lolos ke perempatfinal China Masters 2026. Sabar/Reza jadi satu-satunya wakil Indonesia yang tersisa setelah Jonathan Christie, Leo Rolly Carnando/Daniel Marthin, dan Ali Faathir Rayhan/Devin Artha Wahyudi tersingkir.

Sabar/Reza melaju ke perempatfinal usai menang dengan skor kembar atas ganda Denmark.Nice work SabRez!#BadmintonIndonesia#ChinaMasters2026pic.twitter.com/ivEMnQNRiZ"
Sport Lain,DKI Jakarta Gelar PON Pantai 2026 Bulan November,https://sport.detik.com/sport-lain/d-8647346/dki-jakarta-gelar-pon-pantai-2026-bulan-november,"Kamis, 03 Sep 2026 21:20 WIB","Kamis, 03 Sep 2026 21:20 WIB",https://awsimages.detik.net.id/community/media/visual/2023/05/08/melihat-perjuangan-rashif-amila-yaqin-untuk-harumkan-indonesia-1_43.jpeg?w=210&q=90,"KONI DKI Jakartaterus mempersiapkan diri jelangPON 2028. Salah satunya dengan menjadi tuan rumahPON Pantai 2026bulan November.

Dalam rangka mewujudkan misi menjadi juara umum PON 2028, KONI DKI bersama Dinas Pemuda dan Olahraga (Dispora), DPRD, dan pengurus cabor terus berkolaborasi mematangkan persiapan.

Terdekat, kolaborasi itu akan terwujud dalam pelaksanaan Pekan Olahraga Nasional (PON) Pantai yang digelar di Ancol, Jakarta, bulan November. Ajang nasional perdana ini merupakan kolaborasi KONI Pusat, Pemprov DKI, KONI DKI Jakarta dan PT Pembangunan Jaya Ancol.

Ketua Umum KONI Provinsi DKI Jakarta,Hidayat Humaid, mengatakan PON Pantai tidak hanya menjadi ajang meningkatkan prestasi olahraga, tetapi juga diharapkan mampu menggerakkan perekonomian masyarakat, khususnya UMKM di sekitar kawasan Ancol.

Hal itu disampaikan Hidayat dalam press gathering media bertema ""Bergerak Untuk Jakarta Juara"" di Jakarta, Kamis (3/9/2026). Turut hadir Kepala Dinas Pemuda dan Olahraga (Dispora) DKI Jakarta, Andri Yansyah, Sekretaris Umum KONI DKI, Aminulah, Wakil Ketua Umum I, Fatchul Anas dan Wakil Ketua Umum V Anondo Eko, juga Bendahara Umum Hadameon Aritonang.

""PON Pantai bukan hanya soal prestasi. Kami ingin kegiatan olahraga nasional ini ikut menggerakkan ekonomi masyarakat dan UMKM di sekitar lokasi,"" ujar Guru Besar Fakultas Ilmu Keolahragaan dan Kesehatan (FIKK) Universitas Negeri Jakarta (UNJ) ini dalam keterangan kepada media.

Hidaya mengungkapkan 'Bergerak Untuk Jakarta Juara' adalah komitmen KONI DKI untuk mewujudkan harapan warga Jakarta yang merindukan menjadi Juara Umum PON 2028.

""KONI terus bergerak dan ini menjadi PR dan tantangan kita bersama untuk mewujudkan juara umum,"" sambungnya.

PON Pantai Ancol akan mempertandingkan 10 cabang olahraga dengan 11 disiplin, yakni Akuatik, Bola Basket 3x3, Bola Voli Pantai, Bola Tangan Pantai, Layar, Modern Pentathlon, Rugby Pantai, Selam Laut, Teqball, dan Triathlon.

""Kami sudah melakukan visitasi PON Pantai Ancol antara KONI Pusat, Dispora, KONI DKI bersama cabor telah dilakukan peninjauan lokasi pertandingan atau veneu,"" tegas Waketum I KONI DKI Jakarta Fatchul Anas.

Anas menjelaskan Pantai Festival menjadi lokasi Akuatik, Renang Perairan Terbuka, dan Selam Laut. Lalu, Kawasan Lagoon digunakan untuk Bola Voli Pantai dan Layar.

Adapun Beach City International Stadium (BCIS) menjadi venue Triathlon, Teqball, Bola Tangan Pantai, dan Bola Basket 3x3.

""Untuk Beach Pool untuk Rugby Pantai, Modern Pentathlon, dan Akuatik-Polo Air. Venue ini sementara sudah disepakati,"" demikian Anas."
Moto Gp,"Marc Marquez Makin Dekat, Jorge Martin Akan Lawan!",https://sport.detik.com/moto-gp/d-8647200/marc-marquez-makin-dekat-jorge-martin-akan-lawan,"Kamis, 03 Sep 2026 19:30 WIB","Kamis, 03 Sep 2026 19:30 WIB",https://awsimages.detik.net.id/community/media/visual/2026/08/28/2282485999-1787916703369_43.jpeg?w=210&q=90,"Jorge Martin tak gentar melihat Marc Marquez semakin mendekat di klasemen MotoGP 2026. Pebalap Aprilia itu menegaskan tetap siap melawan sang juara bertahan.

Marc meraih kemenangan Sprint dan MotoGP Aragon. Martin hanya finis kelima sehingga keunggulannya di puncak klasemen terpangkas menjadi 19 poin. Marco Bezzecchi juga masih mengintai, tertinggal 24 poin dari Martin.

Martin mengakui Aprilia kesulitan di Aragon. Namun, ia tidak mau menjadikan absennya pada balapan tahun lalu karena cedera sebagai alasan.

""Itu bukan alasan karena ada beberapa balapan yang tidak saya ikuti tahun lalu, dan saya tetap cepat,"" kata Martin kepada MotoGP.com.

""Jadi, ya, saya memang kesulitan. Kami mencoba menjaga semuanya tetap sederhana, tidak terlalu banyak mengubah motor. Tapi pada akhirnya, hari ini saya membutuhkan bantuan.""

Martin menilai hasil naik-turun merupakan bagian dari persaingan satu musim penuh. Kini Martin mengincar kebangkitan di Misano. Ia menyukai karakter sirkuit tersebut dan yakin Aprilia bisa kembali kompetitif.

""Menurut saya, ini bagian dari kejuaraan. Ada beberapa balapan di mana kami (Aprilia) lebih baik. Ada juga beberapa balapan di mana kami lebih buruk,"" katanya.

""Misano adalah trek yang sangat saya sukai, di mana kami memiliki banyak grip, dan saya pikir dengan Aprilia serta gaya saya, kami bisa bangkit dan kembali cepat.""

Jarak 19 poin membuat Marc menjadi rival terdekat Martin. Namun, Martin justru tetap percaya diri.

""Saya pikir Marco dan Marc sama-sama merupakan kandidat juara bersama saya,"" ujarnya menganalisis persaingan dengan Bezzecchi dan Marquez.

""Saya merasa, meskipun masih dalam proses belajar, saya tetap memimpin. Jadi ini gila. Saya sangat senang. Dan saya pikir mulai sekarang saya bisa mempertahankan kepemimpinan ini. Bahkan jika Marc menyusul.""

Martin berharap pengalaman dari 14 balapan sebelumnya menjadi modal penting untuk menghadapi persaingan berikutnya. ""Saya pikir ada beberapa balapan yang sangat bagus untuk saya, dan saya berharap semua yang kami pelajari selama 14 balapan ini bisa membantu saya untuk bertarung."""
Moto Gp,Gelar Juara MotoGP 2026 Jadi Ujian Ketahanan Marc Marquez?,https://sport.detik.com/moto-gp/d-8646970/gelar-juara-motogp-2026-jadi-ujian-ketahanan-marc-marquez,"Kamis, 03 Sep 2026 18:30 WIB","Kamis, 03 Sep 2026 18:30 WIB",https://awsimages.detik.net.id/community/media/visual/2026/08/11/2289692653-1786452161989_43.jpeg?w=210&q=90,"Marc MÃ¡rquez dianggap akan menjalani persaingan gelar juara dunia MotoGP 2026 selayaknya mengikuti balapan uji ketahanan. Ia pun disarankan lebih bijak mengatur kondisi fisik dan tidak selalu memaksakan diri.

Pendapat itu dilontarkan mantan rider Honda, Cal Crutchlow, yang menilai Marc masih menjadi pebalap terbaik di MotoGP. Tapi kondisi fisik juara bertahan itu membuat pendekatan terhadap sisa musim harus berbeda.

Marc masih mengalami masalah pada lengan kanannya setelah menjalani sejumlah operasi. Ia bahkan mengaku kehilangan tenaga saat balapan MotoGP Inggris di Silverstone. Situasi itu bikin Crutchlow memperkirakan Marc akan mengelola perebutan gelar seperti sebuahendurance race.

""Ini sangat sulit karena saya pikir Marc masih menjadi pebalap terbaik, tetapi saya pikir dia sedang membalap dalam kondisi cedera,"" ucapnya seperti dilansirCrash.net.

Sepanjang musim 2026, Marc Marquez memang masih beradaptasi dengan keterbatasan fisik pada lengan kanannya. Sebelum MotoGP Aragon, Marc mengungkapkan bahwa lengannya masih mengganggu. Ia berharap kondisinya membaik di Aragon karena karakter sirkuit yang memiliki lebih banyak tikungan kiri.

Situasi itu membuat Marc tidak bisa selalu mengandalkan pendekatan agresif seperti pada masa terbaiknya. Konsistensi dan kemampuan memilih momen untuk menyerang menjadi sama pentingnya dengan kecepatan.

Crutchlow pun melihat strategi tersebut bisa menjadi kunci Marc dalam perburuan gelar. Tidak harus selalu menang, tetapi sebisa mungkin tetap finis di depan rival utama dan menghindari kesalahan besar.

""Saya rasa dia belum sepenuhnya pulih dari operasi yang dijalaninya awal tahun ini, dan saya pikir dia akan menjalani kejuaraan ini lebih seperti sebuah balapan ketahanan, dan memacu ketika dia benar-benar perlu memacu. Dia akan memastikan dirinya berada di sana ketika dibutuhkan, berusaha tidak membuat kesalahan, dan membiarkan pebalap lain membuat kesalahan,"" kata Crutchlow.

""Lalu menyerang ketika dia tahu bisa menyerang. Silverstone bukan akhir pekan yang bagus, tetapi dia akan berusaha agar tidak menjalani akhir pekan yang benar-benar buruk, seperti yang mungkin dialami beberapa pebalap... Seperti Ai Ogura yang tidak berada di sini. Tetapi sangat sulit untuk memprediksi... Saya benar-benar tidak tahu ke mana arah pertarungan gelar ini,"" ujarnya."
Raket,"Hasil China Masters 2026: Leo/Daniel Kena Comeback, Keok di 16 Besar",https://sport.detik.com/raket/d-8647100/hasil-china-masters-2026-leo-daniel-kena-comeback-keok-di-16-besar,"Kamis, 03 Sep 2026 17:23 WIB","Kamis, 03 Sep 2026 17:23 WIB",https://awsimages.detik.net.id/community/media/visual/2026/05/17/leo-rolly-carnandodaniel-marthin-thailand-open-2026-1779009993554_43.jpeg?w=210&q=90,"Leo Rolly Carnando/Daniel Marthinkandas di babak 16 besarChina Masters 2026. Leo/Rolly dikalahkan Takumi Nomura/Yuichi Shimogami dalam rubber game.

Babak 16 besar BWF Super 750 China Masters nomor ganda putra mempertemukan Leo/Daniel dengan Nomura/Shimogami. Duel digelar di court 1 Arena Shenzen, Kamis (3/9/2026) sore WIB.

Leo/Daniel tancap gas di awal gim pertama. Keduanya mampu menjaga keunggulan 1-2 angka dari Nomura/Shimogami dan mencapai interval dengan keunggulan 11-7.

Laju Leo/Daniel semakin tak terbendung setelah meraih 3 dan 5 angka beruntun untuk memimpin jauh 19-9. Leo/Daniel menutup gim pertama dengan keunggulan21-14.

Leo/Daniel meraih 4 angka beruntun memasuki gim kedua, tapi bisa disamakan Nomura/Shimogami 4-4. Susul-susulan poin terjadi hingga kedudukan berimbang 8-8.

Leo/Daniel mulai lepas dari tekanan dan meraih keunggulan 11-8. Nomura/Shimogami kembali bisa menyamakan kedudukan 12-12 dan 15-15.

Nomura/Shimogami memanfaatkan momentum dengan meraih poin demi poin. Pasangan Jepang ini berbalik unggul21-16dan memaksa duel lanjut rubber game.

Persaingan sengit terjadi di gim ketiga. Leo/Daniel sempat unggul 1-2 angka sebelum disamakan Nomura/Shimogami 8-8.

Nomura/Shimogami berbalik unggul dan mencapai interval dengan keunggulan 11-8. Leo/Daniel mampu mengejar 11-11 dan kemudian terjadi lagi susul-susulan angka hingga kedudukan berimbang 19-19.

Nomura/Shimogami memasuki match point dengan keunggulan 20-19. Bola pengembalian yang out dari Daniel Marthin memastikan kemenangan Nomura/Shimogami21-19."
Sport Lain,"Kolaborasi dengan NPC, Kemenpora Genjot Pembinaan Atlet Disabilitas",https://sport.detik.com/sport-lain/d-8646915/kolaborasi-dengan-npc-kemenpora-genjot-pembinaan-atlet-disabilitas,"Kamis, 03 Sep 2026 16:15 WIB","Kamis, 03 Sep 2026 16:15 WIB",https://awsimages.detik.net.id/community/media/visual/2025/11/06/semangat-tanpa-batas-atlet-muda-difabel-warnai-peparpenas-xi-di-jakarta-1762402894652_43.jpeg?w=210&q=90,"Kementerian Pemuda dan Olahraga (Kemenpora)menegaskan komitmennya untuk terus mendukung pembinaan dan peningkatan prestasi atlet disabilitas Indonesia.

Dukungan tersebut dilakukan melalui kerja sama dan koordinasi yang berkelanjutan denganKomite Paralimpiade Nasional Indonesia (NPC Indonesia), baik dalam persiapan multi-event maupun keikutsertaan pada berbagai kejuaraan internasional.

Deputi Bidang Peningkatan Prestasi Olahraga Kemenpora, Surono, mengatakan bahwa pemerintah selalu memberikan perhatian serius terhadap atlet-atlet disabilitas sebagai bagian penting dari kekuatan olahraga nasional.

""Kemenpora selalu bangga dan memberikan dukungan terhadap atlet-atlet disabilitas Indonesia. Kami juga memiliki kerja sama yang sangat baik dengan NPC Indonesia dalam upaya meningkatkan prestasi olahraga disabilitas nasional,"" ujar Surono dalam keterangan kepada media.

Salah satu bukti keberhasilan sinergi itu pencapaian Kontingen Indonesia pada ASEAN Para Games 2025 di Thailand. Indonesia berhasil meraih 135 medali emas, 143 medali perak, dan 114 medali perunggu, sekaligus menempati peringkat kedua klasemen akhiri, melebih target awal sebanyak 82 medali emas.

""Ini merupakan prestasi yang sangat membanggakan. Target awal kita adalah 82 emas, tetapi atlet-atlet kita mampu memberikan jauh lebih dari yang ditargetkan. Ini menunjukkan bahwa pembinaan yang dilakukan secara bersama-sama antara pemerintah, NPC Indonesia, pelatih, dan seluruh ekosistem olahraga disabilitas memberikan hasil yang nyata,"" sambung Surono.

Surono menegaskan kerja sama Kemenpora dengan NPC Indonesia tidak hanya berlangsung pada level nasional, tetapi juga mencakup koordinasi di daerah dalam mendukung partisipasi Indonesia pada berbagai agenda olahraga disabilitas internasional.

""Kerja sama ini mencakup berbagai agenda, baik ASEAN Para Games, Asian Para Games, maupun agenda olahraga internasional lainnya. Termasuk di dalamnya adalah keikutsertaan atlet tunarungu dalam Deaflympics. Prinsipnya, seluruh program harus kita persiapkan secara terencana agar partisipasi Indonesia memberikan dampak maksimal terhadap prestasi nasional,"" jelasnya.

Khusus terkait pembinaan atlet tunarungu, Surono menjelaskan bahwa pemerintah perlu memastikan seluruh proses pembinaan dan keikutsertaan dalam kompetisi internasional berjalan melalui organisasi yang memiliki legitimasi sesuai dengan ketentuan federasi internasional.

""Di hadapan NPC Indonesia dan ICSD( International Committee of Sports for the Deaf) khusus untuk atlet tuna rungu hanya organisasi Perkumpulan Atlet Tunarungu Indonesia (PATRIN) yang diakui secara internasional dan karenanya hanya PATRIN yang diakui oleh Pemerintah. Karena itu, dalam konteks tata kelola pemerintahan, dukungan dan fasilitasi harus diberikan melalui organisasi yang memiliki legitimasi sesuai dengan ketentuan organisasi olahraga internasional,"" tegas Surono.

Dia menambahkan, setiap kejuaraan internasional yang diikuti atlet bukan sekadar ajang kompetisi, tetapi juga harus ditempatkan sebagai bagian dari strategi pembinaan jangka panjang.

""Setiap kejuaraan dunia yang diikuti pada prinsipnya merupakan bagian dari proses try out dan pengumpulan poin serta peringkat yang diperlukan untuk mengejar kualifikasi menuju Paralimpiade. Karena itu, keikutsertaan dalam sebuah kejuaraan harus dilihat dalam konteks yang lebih besar, yaitu bagaimana kompetisi tersebut berkontribusi terhadap target prestasi Indonesia,"" ujarnya.

Atas dasar itu, Surono menekankan bahwa penentuan kejuaraan single event yang akan diikuti atlet harus melalui konsolidasi dan perencanaan bersama antara NPC Indonesia dan Kemenpora.

Surono juga menegaskan bahwa tata kelola pembinaan olahraga disabilitas harus berjalan berdasarkan aturan dan regulasi organisasi olahraga internasional yang relevan.

""Dengan koordinasi yang baik serta kepatuhan terhadap Statuta International Paralympic Committee atau IPC dan, khusus untuk olahraga tunarungu, ketentuan atau bylaws ICSD, maka pembinaan, penganggaran, dan dukungan pemerintah dapat diarahkan secara lebih efektif, efisien, transparan, dan tepat sasaran,"" tutur Surono.

Dia memastikan pemerintah tidak hanya berbicara mengenai dukungan saat atlet mengikuti kompetisi, tetapi juga membangun ekosistem pembinaan yang berkelanjutan.

""Komitmen Kemenpora bersama NPC Indonesia sangat konsisten. Dukungan pemerintah diberikan mulai dari proses pembinaan, fasilitas latihan, pemusatan latihan, keberangkatan ke kompetisi internasional, sampai penghargaan atas prestasi atlet,"" katanya.

Salah satu bentuk dukungan tersebut adalah pembangunan dan pengembangan Paralympic Training Center Indonesia di Karanganyar, Jawa Tengah, yang menjadi fasilitas penting dalam pembinaan atlet-atlet paralimpiade Indonesia.

Kemenpora juga terus mendorong agar fasilitas tersebut terjaga kualitas dan keberlanjutannya, sehingga disebut sebagai fasilitas terbaik di Asia Tenggara.

Selain dukungan terhadap fasilitas dan pembinaan, pemerintah juga memberikan dukungan pembiayaan untuk keikutsertaan kontingen Indonesia pada ajang internasional, termasuk ASEAN Para Games 2025 dan Asian Para Games 2026.

""Kita juga memberikan dukungan pembiayaan untuk keberangkatan dan keikutsertaan atlet pada multi-event internasional. Pada ASEAN Para Games 2025, pemerintah juga memberikan bonus sebagai bentuk penghargaan atas prestasi atlet. Bonus tersebut disalurkan langsung kepada para penerima , melalui kerja sama dengan Bank Rakyat Indonesia, dan total penghargaan bagi peraih medali mencapai lebih dari Rp350 miliar,"" kata Surono."
Sport Lain,Jalan Panjang Bilal Hasan Menuju Titel UFC,https://sport.detik.com/sport-lain/d-8646269/jalan-panjang-bilal-hasan-menuju-titel-ufc,"Kamis, 03 Sep 2026 11:50 WIB","Kamis, 03 Sep 2026 11:50 WIB",https://awsimages.detik.net.id/community/media/visual/2026/08/29/bilal-hasan-1788000736300_43.jpeg?w=210&q=90,"Bilal Hasantampil mengesankan pada debutnya mentas diUFC. Untuk bisa merebut titel, fighter berdarah Indonesia itu punya jalan panjang.

Bilal mentas di UFC akhir pekan lalu. Ia melawan Nilson Rojas pada kelas terbang di UFC Shanghai, dan menang KO pada ronde kedua.

Bilal langsung digadang-gadang jadi bintang UFC berikutnya. Namun sebelum itu, ia harus bisa memenangi duel-duel berikutnya.

Kemenangan atas Rojas belum membuat Bilal masuk ranking 15 besar fighter UFC. Petarung berjuluk The IndoNinja itu menegaskan, akan ada jalan panjang untuk bisa merebut titel.

Bilal memprediksi, dirinya butuh tujuh pertarungan untuk bisa bersaing meraih sabuk juara. Ia harus melawan beberapa fighter di luar ranking lebih dulu.

""Mungkin saya ingin bertarung melawan dua atau tiga petarung di luar peringkat 15 besar, kemudian saya ingin tiga pertarungan melawan peringkat 15 besar, dengan yang keempat akan jadi perebutan gelar,"" kataBilal Hasandalam interview di chanel Youtube Jaiden Cable.

""Jadi mungkin itu, (butuh) tujuh pertarungan,"" katanya.

Saat ini sabuk kelas terbang dipegang Joshua Van. Bilal ditanya kapan kira-kira ia bisa mengejar The Fearless?

""Saya tak tahu. Dia (Van) harus mengalahkan Alexander Pantoja (ranking pertama UFC) dulu, dan Pantoja itu lawan yang tangguh. Jadi, mungkin sekitar satu setengah tahun lagi,"" kataBilal Hasanmenargetkan."
Raket,Hasil China Masters 2026: Jojo Terhenti di Babak Kedua,https://sport.detik.com/raket/d-8646249/hasil-china-masters-2026-jojo-terhenti-di-babak-kedua,"Kamis, 03 Sep 2026 10:46 WIB","Kamis, 03 Sep 2026 10:46 WIB",https://awsimages.detik.net.id/community/media/visual/2026/08/19/jonatan-christie-1787125519152_43.jpeg?w=210&q=90,"Tunggal putra Indonesia, Jonatan Christie, menelan kekalahan di ajang China Masters. Pada babak kedua, Jojo dikalahkan Jason Gunawan 16-21 dan 16-21.

Di Arena Shenzhen, Shenzhen, Kamis (3/9/2026) pagi WIB, Jojo menjalani pertandingan selama 45 menit melawan Jason. Pertarungan gim pertama berjalan sengit dan imbang sampai 14-14.

Setelah itu, Jason tak terkejar. Pemain asal Hong Kong itu akhirnya menyudahi perjuangan Jojo dengan skor 21-16.

Pada gim kedua, Jojo juga menjalani pertarungan sengit melawan Jason. Skor imbang antara Jojo dan Jason bertahan sampai 13-13. Saat fase krusial, Jason kembali tampil lebih prima untuk merebut kemenangan 21-16.

Dengan hasil ini, wakil Indonesia di nomor tunggal putra China Masters pun habis. Indonesia masih mempunyai beberapa wakil di nomor ganda putra.

Sabar Karyaman Gutama/Muhammad Reza Pahlevi Isfahani, Ali Faathir Rayhan/Devin Artha Wahyudi, dan Leo Rolly Carnando/Daniel Marthin merupakan deretan pemain Indonesia yang masih berjuang."
Sportstyle,Spesialnya Jakarta International 10K Tahun Ini,https://sport.detik.com/sportstyle/d-8645952/spesialnya-jakarta-international-10k-tahun-ini,"Kamis, 03 Sep 2026 02:50 WIB","Kamis, 03 Sep 2026 02:50 WIB",https://awsimages.detik.net.id/community/media/visual/2026/09/03/menpora-erick-thohir-1788376802385_43.jpeg?w=210&q=90,"Jakarta International 10Kakan memasuki edisi ke-15 tahun ini. Spesialnya adalah event ini digelar bersamaan dengan perayaan Hari Olahraga Nasional.

Setelah sukses rangkaian Milo Activ Indonesia Race 2026 di Yogyakarta, Medan, Bandung, dan Surabaya yang diikuti lebih dari 25.000 peserta, maka akan digelar acara puncak berupa ajang lari Jakarta International 10K, Minggu (13/9).

Diselenggarakan di Gelora Bung Karno, Jakarta, Minggu, (13/9), ajang lari ini akan diikuti sekitar 25.000 peserta yang akan berpartisipasi dalam empat kategori, yaitu 10K Open, 10K Closed, 5K, dan Family Run 2,5K. Untuk edisi kali ini akan bertepatan dengan perayaan Haornas yang jatuh pada 9 September.

Menteri Pemuda dan Olahraga Republik Indonesia Erick Thohirmengapresiasi Nestle Milo yang terus berkomitmen menggelar ajang Jakarta 10K ini. Sebab ini jadi wujud nyata perusahaan itu dalam upaya menyehatkan kehidupan bangsa lewat ekosistem olahraga.

""Mewujudkan masyarakat Indonesia yang lebih sehat dan aktif melalui olahraga memerlukan kolaborasi yang kuat dari berbagai pihak. Apresiasi kami atas komitmen Nestle Milo yang secara konsisten menghadirkan program dan kegiatan yang mendukung partisipasi masyarakat dalam olahraga, termasuk melalui Milo Activ Indonesia Race 2026 Jakarta International 10K. Inisiatif ini sejalan dengan upaya bersama untuk membudayakan olahraga di tengah masyarakat. Ke depan, kami berharap sinergi antara pemerintah, sektor swasta, komunitas, dan masyarakat dapat terus diperkuat untuk membangun ekosistem olahraga yang semakin inklusif, berkelanjutan, dan berdampak positif bagi Indonesia,"" ujar Erick dalam rilis kepadadetikSport.

Sebagai Brand yang berkomitmen mendorong gaya hidup aktif, Nestle Milo menyadari pentingnya peran olahraga dalam membantu masyarakat menjaga kesehatan sekaligus membangun nilai-nilai karakter positif dalam kehidupan.

""Setelah sukses menyelenggarakan rangkaian MILO ACTIV Indonesia Race 2026 di empat kota, kami sangat antusias membawa semangat ini ke Ibu Kota melalui MILO ACTIV Indonesia Race 2026 Jakarta International 10K. Kami berharap ajang ini dapat menginspirasi masyarakat dari berbagai usia dan latar belakang untuk terus aktif, menikmati olahraga, serta membawa semangat #EnergiTanpaBatas ke dalam kehidupan sehari-hari,"" ujar Marketing Manager Beverages & Confectionery Business Unit PT Nestle Indonesia Alaa Shaaban.

Seperti biasa Jakarta International 10K menghadirkan kategori 10K Open yang terbuka bagi pelari Indonesia maupun peserta dari berbagai negara di dunia. Kehadiran peserta internasional menegaskan komitmen dalam menghadirkan wadah olahraga yang inklusif, yang mempertemukan masyarakat melalui semangat yang sama terhadap olahraga lari dan gaya hidup aktif.

Melalui Jakarta International 10K, Nestle Milo ingin mendorong partisipasi masyarakat yang lebih luas dalam olahraga sekaligus berkontribusi dalam memperkuat posisi Jakarta sebagai salah satu destinasi yang dinamis bagi penyelenggaraan ajang olahraga internasional.

""Bagi saya, lari bukan hanya tentang jarak atau kecepatan, tetapi juga tentang konsistensi, keberanian untuk menantang diri sendiri, dan komunitas yang saling mendukung. Milo Activ Indonesia Race 2026 Jakarta International 10K menjadi kesempatan yang menarik karena mempertemukan pelari dengan berbagai latar belakang, termasuk pelari internasional. Saya berharap semakin banyak masyarakat yang terinspirasi untuk mulai berlari dan menjadikan olahraga sebagai bagian dari gaya hidup mereka,"" papar penggiat olahraga lari Shanada Jzen.

Untuk tahun ini, Kementerian Pemuda dan Olahraga (Kemenpora) dan Nestle Milo berkolaborasi mendukung Indonesia Sports Summit (ISS) 2026, sebuah wadah olahraga berskala nasional yang mempertemukan para pemangku kepentingan olahraga untuk memperkuat kolaborasi dan mendorong kemajuan ekosistem olahraga di Indonesia.

Race Pack Collection (RPC) Jakarta 10K akan diselenggarakan selama ISS 2026, yang bertujuan membangun antusiasme dan mempererat koneksi antara pelari, komunitas olahraga, serta pemangku kepentingan menjelang hari perlombaan."
Raket,Men's World Tennis Championship: Rafalentino dan Anthony ke Babak Kedua,https://sport.detik.com/raket/d-8645946/mens-world-tennis-championship-rafalentino-dan-anthony-ke-babak-kedua,"Kamis, 03 Sep 2026 01:50 WIB","Kamis, 03 Sep 2026 01:50 WIB",https://awsimages.detik.net.id/community/media/visual/2026/09/03/rafalentino-da-costa-1788374989362_43.jpeg?w=210&q=90,"Dua petenis Indonesia menyusulNathan Barkilolos ke Babak KeduaSeri IV M-15 Men's World Tennis Championship,Rafalentino Da Costa dan Anthony Susanto.

Pada pertandingan Babak Pertama di Lapangan A, Bali Beach Country Club, Nusa Dua, Rabu (2/9/2026) , Rafalentino menghadapi Shanker Heisnam asal India.

Meski sempat tertinggal jauh 1-5 di set pertama, Rafalentino tidak goyah dan malah bisa menyamakan skor 5-5, sebelum akhirnya menang dengan skor 7-5.

Keberhasilan comeback di set pertama bikin Rafalentino terpacu semangatnya dan bisa menang mudah di set kedua dengan skor 6-0 dalam waktu 1 jam 14 menit. Rafalentino mengaku kaget dengan pola permainan lawannya di set pertama.

Dia sempat tertekan dengan gaya lawannya sebelum bisa menemukan celah untuk melakukan serangan balik.

""Saya kaget melihat lawan yang agresif, sehingga tertekan dan banyak melakukan kesalahan sendiri. Namun saat mampu meredam serangan-serangan dan mulai dapat mengejar defisit poin, lalu menyamakan skor 5-5, saya makin termotivasi dan percaya diri untuk memenangi pertandingan,"" ujar Rafalentino dalam rilis kepadadetikSport.

Satu lagi petenis Indonesia yang lolos adalah Anthony Susanto usai mengalahkan Hitesh Chauhan dua set langsung 6-5 dan 6-1. Sayangnya, Anthony harus menghadapi Nathan Barki untuk berebut tiket perempatfinal, Kamis (3/9).

Petenis Indonesia yang gagal lolos adalah Gunawan Trismuwantara. Petenis jalur kualifikasi ini harus kalah dari Karan Singh yang merupakan unggulan keempat, dengan dua set langsung 3-6 dan 5-7.

Sempat kalah 3-6 di set pertama, Gunawan sebenarnya memberikan perlawan keras hingga skor imbang 5-5 di set kedua.

Namun dengan ketenangan dan juga pengalaman dari Karan yang berusia 23 tahun itu berhasil mematahkan servis dari Gunawan pada gim ke-12, untuk menutup laga dengan skor akhir 7-5."
G Sport,Atlet Bukan Satu-Satunya Kunci Kemajuan Olahraga Nasional,https://sport.detik.com/g-sport/d-8645920/atlet-bukan-satu-satunya-kunci-kemajuan-olahraga-nasional,"Kamis, 03 Sep 2026 00:30 WIB","Kamis, 03 Sep 2026 00:30 WIB",https://awsimages.detik.net.id/community/media/visual/2026/07/26/latihan-timnas-indonesia-jelang-melawan-kamboja-1785074330133_43.jpeg?w=210&q=90,"Kemajuan olahraga suatu negara bukan cuma soal kemampuan Atlet, namun banyak fakto yang mempengaruhi.

Sistem pembinaan, sport science, infrastruktur, kompetisi, tata kelola, hingga kebijakan yang berkelanjutan turut menjadi faktor penting. Persoalan tersebut akan menjadi salah satu bahasan dalam bedah buku 'Membangun Otot di Negeri Kertas' karya Sadik Algadri yang digelar di Gedung Serbaguna GBK, Jakarta, Sabtu (5/9/2026).

Forum tersebut mempertemukan sejumlah tokoh dari latar belakang berbeda, mulai dari akademisi, wartawan senior olahraga, hingga praktisi dan insan olahraga. Akademisi sekaligus filsuf Rocky Gerung bakal turut membedah isi buku tersebut.

""Olahraga Indonesia tidak cukup hanya memiliki atlet-atlet berbakat. Kita membutuhkan ekosistem olahraga yang kuat, profesional, berbasis ilmu pengetahuan, dan berkelanjutan,"" kata Sadik.

""Saya percaya, prestasi internasional tidak lahir hanya dari atlet yang hebat. Prestasi membutuhkan ekosistem yang kuat,"" sambungnya.

Melalui buku Membangun Otot di Negeri Kertas, Sadik- mantan atlet judo nasional Indonesia - mencoba membongkar berbagai persoalan yang selama ini membelenggu olahraga Indonesia.

""Saya ingin melihat atlet-atlet Indonesia berdiri sejajar dengan atlet terbaik dunia. Bukan sebagai pelengkap kompetisi. Bukan sekadar penggembira. Tetapi sebagai kekuatan yang diperhitungkan,"" tandasnya.

Rocky merasa Indonesia punya banyak masalah dalam memajukan olahraga. Dia merasa buku ini bisa menjadi rujukan dalam mengelola olahraga.

""Indonesia menumpuk regulasi, menerbitkan undang-undang, serta memproduksi jargon-jargon teknokratis yang megah-mulai dari sport science, long-term athlete development, hingga produk mutakhir berupa Desain Besar Olahraga Nasional (DBON),"" kata Rocky.

""Buku Membangun Otot di Negeri Kertas, bukan sekadar gagasan brilian, tapi juga solusi untuk meningkatkan prestasi olahraga nasional Indonesia,"" pungkasnya."
Moto Gp,Agar MotoGP Indonesia 2026 Sukses di Dalam dan Luar Lintasan,https://sport.detik.com/moto-gp/d-8645850/agar-motogp-indonesia-2026-sukses-di-dalam-dan-luar-lintasan,"Rabu, 02 Sep 2026 22:15 WIB","Rabu, 02 Sep 2026 22:15 WIB",https://awsimages.detik.net.id/community/media/visual/2026/09/02/motogp-mandalika-2025-1788358913330_43.jpeg?w=210&q=90,"MotoGP Indonesia 2026akan digelar awal Oktober. Persiapan pun sudah dilakukan sejak dini agar event bisa berjalan sukses di dalam maupun luar lintasan.

UntukMotoGP 2026, balapan digelar 9-11 Oktober di di Sirkuit Mandalika, Lombok Tengah, NTB. Mengingat Mandalika adalah seri ke-17 dari 22 balapan musim ini, maka persaingan diprediksi makin ketat di sana.

Oleh karenanya, Indonesia sebagai tuan rumah tidak boleh main-main dalam mempersiapkan banyak hal, baik di dalam maupun luar lintasan. Untuk itulah InJourney Tourism Development Center (ITDC) sebagai panitia lokal akan melakukan kolaborasi pihak swasta dan BUMN.

Panitia akan mengatur sejumlah aspek krusial, mencakup akomodasi, transportasi, konektivitas, hingga logistik. Menurut ITDC, isu akomodasi dan transportasi yang selama ini disorot publik telah diantisipasi melalui skema terintegrasi yang disusun bersama para mitra seperti bank, travel agent, dan berbagai partner strategis lainnya.

Salah satunya, ITDC bersama Mandalika Grand Prix Association (MGPA) menyiapkan paket yang menghubungkan tiket balapan dengan komponen perjalanan.

""Kalau pertanyaan kita kesulitan akomodasi, kesulitan transportasi rasanya akan terjawab dengan yang ditandatangani pada sore hari ini,"" ujar Direktur Utama ITDC Troy Warokka dalam rilis kepada detikSport.

Skema tersebut meliputi akomodasi, transportasi udara dan laut, layanan airport hospitality, serta travel package. Kerjasama nantinya mencakup penanganan kargo yang dianggap sebagai elemen penting dalam operasional gelaran.

Aktivitas cargo handling akan mulai bergerak sekitar dua minggu sebelum MotoGP Indonesia 2026 untuk memastikan kebutuhan logistik berjalan baik, terutama motor dan perlengkapan tim balap MotoGP.

Bagi Troy, MotoGP bukan sekadar olahraga tapi juga bisnis. Itulah mengapa MotoGP sangat penting mendorong pariwisata dan perekonomian dengan meningkatkan kunjungan wisatawan, memperpanjang length of stay, serta mengungkit tourism spending.

Menurut Troy, penyelenggaraan MotoGP 2025 menghasilkan dampak ekonomi sebesar Rp 4,9 triliun. Efeknya tidak hanya dirasakan di Mandalika, tetapi juga menjalar ke sejumlah daerah lain di Indonesia.

Troy berharap pola kolaborasi yang dibangun untuk MotoGP Mandalika dapat berlanjut dalam jangka panjang. Troy menilai dukungan pemerintah, BUMN, sektor swasta, dan masyarakat menjadi faktor penting agar MotoGP terus digelar di Indonesia serta memberikan dampak ekonomi yang lebih besar.

""Dengan membangun ekosistem yang terintegrasi, kami ingin memastikan dampak MotoGP Indonesia tidak berhenti di sirkuit, tetapi mampu mendorong pergerakan wisatawan, memperpanjang lama tinggal, meningkatkan belanja wisatawan, serta memberikan manfaat yang lebih luas bagi industri pariwisata dan masyarakat di Lombok,"" sambungnya.

Bagi masyarakat yang ingin menyaksikan langsung balapan di Mandalika, Presale 2 masih berlangsung hingga 16 September, dengan potongan harga hingga 20% untuk kategori Grandstand dan 10% untuk kategori VIP Hospitality. Berikut harga tiket untuk menonton MotoGP Indonesia 2026:

- Regular Grandstand (Zona E, G, H, I): Rp 320.000- Premium Grandstand Zona A: Rp 1.400.000- Premium Grandstand Zona B, C, J, K: Rp 720.000- VIP Hospitality - Deluxe Class: Rp 13.500.000- VIP Hospitality - Luxury Tent T1: Rp 6.975.000"
Moto Gp,MotoGP 2026: Aprilia Kian Termotivasi Kalahkan Marc Marquez,https://sport.detik.com/moto-gp/d-8645527/motogp-2026-aprilia-kian-termotivasi-kalahkan-marc-marquez,"Rabu, 02 Sep 2026 18:10 WIB","Rabu, 02 Sep 2026 18:10 WIB",https://awsimages.detik.net.id/community/media/visual/2026/08/30/2292030655-1788050101825_43.jpeg?w=210&q=90,"Rider Ducati,Marc Marquez, mendominasi MotoGP Aragon 2026. Aprilia pun makin termotivasi bisa mengalahkan Baby Alien dalam perburuan gelar juara dunia.

Marc Marquez memenangi sprint race dan main race MotoGP Aragon pada akhir pekan lalu. Oleh sebab itu, pebalap 33 tahun itu bisa menembus posisi kedua klasemen MotoGP.

Dengan raihan 237 poin, Marc Marquez kini tinggal berjarak 19 angka dari jagoan Aprilia, Jorge Martin. Raihan angka Marc Marquez melewati Marco Bezzecchi dan kini unggul lima poin.

Bos Aprilia, Massimo Rivola, mengakui bahwa Marc Marquez masih menjadi rider terkuat di MotoGP. Oleh karena itu, Aprilia makin bersemangat mengalahkanMarc Marquezpada sisa musim ini.

""Memang benar kami telah melakukan langkah-langkah yang tepat, terutama untuk masa depan, tetapi itu saja tidak cukup: kami ada di sini dan kami harus berjuang hingga balapan terakhir melawan pesaing seperti Marquez, yang merupakan salah satu pebalap terkuat dalam sejarah. Mendapat kehormatan untuk bisa mencoba mengalahkannya adalah hal yang luar biasa dan menjadi motivasi yang sangat besar. Kami tidak akan menyerah sampai akhir,"" kata Rivola di GP One.

""Ada banyak hal yang bisa dipelajari dariMarc. Ketika dia tampak kesulitan, dia bisa menang tanpa mengambil risiko, karena dia tahu bahwa konsistensi adalah hal terpenting dari sekarang hingga akhir tahun. Dan ketika saatnya membawa pulang kemenangan, karena dia tahu dia yang terkuat, dia akan melakukannya. Kami harus belajar dari sikapnya,"" kata dia menambahkan.

MotoGP 2026 akan lanjut lagi pada 13 September 2026. Balapan MotoGP San Marino yang akan digelar."
Raket,Hasil China Masters 2026: Sabar/Reza Menang Dua Gim Langsung,https://sport.detik.com/raket/d-8645423/hasil-china-masters-2026-sabar-reza-menang-dua-gim-langsung,"Rabu, 02 Sep 2026 16:53 WIB","Rabu, 02 Sep 2026 16:53 WIB",https://awsimages.detik.net.id/community/media/visual/2026/07/23/sabar-karyaman-gutamamoh-reza-pahlevi-isfahani-1784787619764_43.jpeg?w=210&q=90,"Sabar Karyaman Gutama/Moh Reza Pahlevi Isfahanilolos ke babak 16 besarChina Masters 2026. Mereka menyingkirkan wakil Korea, Kang Min Hyuk/Ki Dong Ju, lewat kemenangan straight game.

Sabar/Reza menghadapi Kang/Ki di Shenzhen Arena, Guangdong, Rabu (2/9/2026) sore WIB. Mereka butuh waktu 43 menit untuk menyudahi perlawanan Kang/Ki 21-18, 21-16.

Pertandingan berjalan ketat sejak awal gim pertama. Sabar/Reza hanya unggul 11-10 atas Kang/Ki saat interval.

Selepas interval, Kang/Ki berbalik unggul dan Sabar/Reza lebih banyak dalam posisi mengejar. Dalam posisi tertinggal 14-16, Sabar/Reza merebut tiga angka beruntun untuk menyalip.

Meski Kang/Ki bisa menyamakan kedudukan 18-18, Sabar/Reza lebih tenang di poin-poin krusial. Mereka merebut tiga angka beruntun untuk mengamankan gim pertama 21-18.

Sabar/Reza tampil lebih dominan pada gim kedua. Unggul 13-6, Sabar/Reza tak membiarkan Kang/Ki mengembangkan permainan.

Sabar/Reza terus menjaga keunggulan dan mengunci kemenangan dengan skor 21-16. Pada babak 16 besar, Sabar/Reza akan menghadapi wakil Denmark Daniel Lundgaard/Mads Vestegaard."
Moto Gp,Francesco Bagnaia di Titik Terendah,https://sport.detik.com/moto-gp/d-8644946/francesco-bagnaia-di-titik-terendah,"Rabu, 02 Sep 2026 13:30 WIB","Rabu, 02 Sep 2026 13:30 WIB",https://awsimages.detik.net.id/community/media/visual/2025/05/27/francesco-bagnaia-1748334773580_43.jpeg?w=210&q=90,"Francesco Bagnaiaakui sedang ada di titik terendah dalam kariernya. Banyak jatuh diMotoGP 2026dan sulit bersaing di papan atas.

Teranyar,Francesco Bagnaiajatuh di MotoGP Aragon 2026. Di sesi sprint race, dirinya cuma finis ke-11.

Bagnaia sudah jatuh tiga kali dalam empat balapan di sesi utama. Bagnaia sementara duduk di peringkat kedelapan klasemen MotoGP 2026 dengan 143 poin, naik podium empat kali tapi belum menangi balapan utama.

""Sulit untuk menerimanya, sekarang salah satu titik terendah dalam karier saya,"" ujar Francesco Bagnaia dilansir dariSky Italia.

""Saya bisa melihat dengan jelas dari data maupun apa yang saya rasakan, bahwa saya tidak benar-benar mengendalikan motor,"" sambungnya.

""Saya justru seperti hanya 'dibawa' oleh motor tersebut. Sebab, saat saya mencoba melakukan manuver lebih agresif, saya malah terjatuh. Bahkan saat melaju pelan pun, saya tetap saja terjatuh,"" cetusnya.

Francesco Bagnaiamasih mau berjuang untuk menutup musimMotoGP 2026dengan manis. Musim ini adalah musim terakhir dengan Ducati, musim depan pindah ke Aprilia.

""Untungnya datanya tersedia, saya juga memiliki kesadaran akan kemampuan saya sendiri. Saat saya melihat data-data dari rider Ducati lain, itu sebenarnya adalah hal-hal yang bisa saya lakukan dengan mudah beberapa tahun lalu,"" paparnya.

""Jadi jelas, kemampuan saya belum hilang. Saya hanya belum bisa tampil sesuai harapan,"" tutup Pecco.

Lihat juga Video: Crash Bagnaia-Ogura Warnai Kemenangan Fernandez di Silverstone

[Gambas:Video 20detik]"
Raket,Ini Dia 20 Pebulutangkis Indonesia di Asian Games 2026,https://sport.detik.com/raket/d-8644579/ini-dia-20-pebulutangkis-indonesia-di-asian-games-2026,"Rabu, 02 Sep 2026 10:31 WIB","Rabu, 02 Sep 2026 10:31 WIB",https://awsimages.detik.net.id/community/media/visual/2026/08/19/jonatan-christie-1787125518907_43.jpeg?w=210&q=90,"Persatuan Bulutangkis Indonesia (PBSI)baru saja mengumumkan daftar 20 pemain yang dibawa keAsian Games 2026.Jonatan Christiesalah satunya.

Dari daftar 20 nama itu dibagi rata, yakni 10 pebulutangkis putra dan 10 pebulutangkis putri. Keputusan ini diambil setelah melalui evaluasi yang mendalam selama beberapa bulan.

Beberapa aspek yang dinilai adalah performa terkini, kondisi fisik, hingga kebutuhan teknis tim, sebelum nama-nama pemain dipilih.

""Penetapan skuad itu dilakukan setelah melalui proses evaluasi secara menyeluruh. Kami melihat performa, kondisi fisik dan teknis masing-masing pemain, serta kebutuhan tim untuk menentukan komposisi yang paling sesuai dengan target di Asian Games,"" ujar Kepala Bidang Pembinaan dan Prestasi PBSI, Eng Hian, dalam keterangan resminya.

Meski membawa 20 nama ke Asian Games Aichi-Nagoya 2026, ada beberapa nama yang memang tidak akan tampil di nomor perorangan. Mereka lebih difokuskan untuk menambah kedalaman skuad di nomor beregu.

Di nomor perorangan, Jonatan Christie dan Alwi Farhan akan menjadi tumpuan. Sementara di nomor beregu, Moh Zaki Ubaidillah dan Muhamad Yusuf jad tumpuan.

Hal serupa dilakukan untuk tim putri, baik di sektor perorangan maupun beregu. Asian Games 2026 berlangsung 19 September hingga 4 Oktober, di mana cabor bulutangkis dimulai sehari setelah upacara pembukaan.

Nomor beregu lebih dulu dipertandingkan mulai 20 hingga 24 September, sebelum nomor perorangan dari 25 hingga 29 September. Cabor bulutangkis digelar di Ichinomiya City Municipal Gymnasium.

""Jadi, fokus utama kami adalah nomor beregu terlebih dahulu. Kami ingin seluruh pemain bisa tampil maksimal dan memberikan kontribusi terbaik untuk tim putra maupun putri,"" sambung Eng Hian.

Daftar Pebulutangkis putra

Jonatan ChristieAlwi FarhanMoh Zaki UbaidillahMuhamad YusufFajar AlfianMuhammad Shohibul FikriLeo Rolly CarnandoDaniel MarthinNikolaus JoaquinAmri Syahnawi

Daftar Pebulutangkis putri

Putri Kusuma WardaniThalita Ramadhani WiryawanNi Kadek Dhinda Amartya PratiwiMutiara Ayu PuspitasariRachel Allessya RoseFebi SetianingrumFebriana Dwipuji KusumaMeilysa Trias PuspitasariSiti Fadia Silva RamadhantiNita Violina Marwah"
Sport Lain,Ketum KONI Pusat Sambut Positif Kejuaraan Pacu Kuda di Aceh,https://sport.detik.com/sport-lain/d-8644322/ketum-koni-pusat-sambut-positif-kejuaraan-pacu-kuda-di-aceh,"Rabu, 02 Sep 2026 02:44 WIB","Rabu, 02 Sep 2026 02:44 WIB",https://awsimages.detik.net.id/community/media/visual/2026/09/02/pacu-kuda-1788291807988_43.jpeg?w=210&q=90,"Ketua Umum Komite Olahraga Nasional Indonesia (KONI)Pusat Letjen TNI Purn Marciano Norman menyaksikan pertandingan Pacuan Kuda di Lapangan Haji Muhammad Hasan Gayo Blang Bebangka, Aceh Tengah.

Kejuaraan Pacuan Kuda HUT RI ke-81 diselenggarakan oleh Konfederasi Nasional Persatuan Olahraga Berkuda Seluruh Indonesia (KN Pordasi). Kegiatan ini berkolaborasi dengan Pengurus Pusat FN Pordasi Pacu dan juga Pengurus Provinsi FN Pordasi Pacu Aceh.

Para atlet bertanding sejak tanggal 24 hingga 30 Agustus 2026. Partisipan kejuaraan dari Kabupaten Aceh Tengah, Kabupaten Bener Meriah dan Kabupaten Gayo Lues.

""Ini merupakan satu prestasi yang bagus setelah Pekan Olahraga Nasional (PON) XXI 2024, ada kejuaraan di sini. Mari kita rawat bersama, kita lahirkan atlet-atlet olahraga berkuda dari Aceh, supaya kelak bisa mewakili Indonesia pada event-event internasional yang lebih besar lagi,"" kata Marciano.

Marciano menilai kejuaraan Pacu Kuda kali ini membawa beragam dampak positif, baik pembinaan atlet berkuda Pacu, pemanfaatan fasilitas venue warisan PON, perekonomian masyarakat dan juga hiburan masyarakat atauTrauma Healingatas kondisi bencana yang telah dihadapi.

""Pertama, ajang ini melanjutkan tradisi Pacu Kuda yang begitu melekat dengan budaya masyarakat Aceh, sekaligus menjadi sarana pembinaan berkesinambungan bagi atlet-atlet berkuda pacu dalam menyongsong Pekan Olahraga Nasional (PON) XXII/2028 di Sumba, Nusa Tenggara Timur,"" ujar Marciano.

Selain sebagai wadah pembinaan, Marciano juga menyoroti pemanfaatan sarana dan prasarana pasca-PON. Lapangan H.M. Hasan Gayo Belang Bebangka yang sebelumnya digunakan pada PON XXI/2024 Aceh-Sumut, dinilainya sebagai salah satu arena Pacu Kuda terbaik di Indonesia dengan animo masyarakat yang sangat luar biasa. Hal ini membuktikan bahwa venue peninggalan PON memberikan manfaat berkelanjutan bagi daerah.

""Kehadiran saya mewakili keluarga besar KONI Pusat-yang menaungi 38 KONI Provinsi, 514 KONI Kabupaten/Kota, 82 Induk Cabang Olahraga, serta organisasi fungsional-merupakan bukti bahwa kami selalu hadir dan bergandengan tangan untuk bangkit bersama masyarakat Aceh dalam mewujudkan Indonesia yang berdaulat, adil, dan makmur sebagaimana tema HUT ke-81 RI,"" tegasnya.

Marciano menyampaikan rasa bangga dan penghormatan setinggi-tingginya kepada pemerintah daerah serta seluruh masyarakat Aceh, khususnya Kabupaten Aceh Tengah. Ia mengajak seluruh pemangku kepentingan untuk terus memajukan olahraga nasional.

""Mari kita bekerja keras untuk olahraga Indonesia, karena bicara olahraga adalah bicara Merah Putih. Jangan pernah lelah berkarya untuk Indonesia,"" tutup Marciano."
Sport Lain,Pordasi Akan Optimalkan Lapangan H.M. Hasan Gayo untuk Olahraga Berkuda,https://sport.detik.com/sport-lain/d-8644288/pordasi-akan-optimalkan-lapangan-h-m-hasan-gayo-untuk-olahraga-berkuda,"Selasa, 01 Sep 2026 23:45 WIB","Selasa, 01 Sep 2026 23:45 WIB",https://awsimages.detik.net.id/community/media/visual/2026/09/01/pordasi-1788280400809_43.jpeg?w=210&q=90,"Konfederasi Nasional Persatuan Olahraga Berkuda Seluruh Indonesia (KN Pordasi) mendapat dukungan dari Pemerintah Kabupaten Aceh Tengah. Pordasi diberikan kesempatan memanfaatkan Lapangan Pacu Kuda H.M. Hasan Gayo sebagai salah satu pusat kegiatan olahraga berkuda, khususnya Pacu yang telah membudaya dan juga Berkuda Memanah (IHAAF/Indonesian Horseback Archery Federation) yang potensinya besar.

Dukungan tersebut disampaikan Bupati Aceh Tengah Drs. Haili Yoga ketika menjamu Ketua Presidium Konfederasi Nasional Pordasi Triwatty Marciano, Ketum KONI Pusat Letjen TNI Purn Marciano Norman, Ketum KONI Aceh Pon Yaya, Waketum II PP FN Pordasi Pacu Andi Fauzan dan beberapa tokoh olahraga di Aceh. Jamuan makan malam digelar di pendopo Bupati Aceh Tengah pada malam tanggal 29 Agustus 2026.

Pada jamuan makan malam tersebut, membahas pengembangan dan pemanfaatan Lapangan Pacuan Kuda H.M. Hasan Gayo. Pengembangan Lapangan Pacu Kuda H.M. Hasan Gayo yang merupakan venue warisan Pekan Olahraga Nasional (PON) XXI/2024 Aceh-Sumut, dapat mendorong pengembangan Sport Industry dan Sports Tourism di daerah tersebut sehingga memberikan dampak positif terhadap perekonomian masyarakat.

""Dengan adanya pertandingan olahraga berkuda secara rutin di Lapangan Pacuan Kuda H.M. Hasan Gayo, kami berharap tumbuh Sport Industry dan Sports Tourism yang dapat menggerakkan perekonomian serta meningkatkan kesejahteraan masyarakat Kabupaten Aceh Tengah,"" kata Ketua Presidium Konfederasi Nasional Pordasi, Triwatty.

Menurutnya, manfaat tersebut terutama dapat dirasakan oleh para peternak kuda dan pelaku UMKM yang berada di sekitar kawasan kegiatan olahraga. Tentunya potensi besar Lapangan H.M. Hasan Gayo dapat dikembangkan tidak hanya sebagai venue pacuan kuda, tetapi juga sebagai lapangan berkuda memanah berstandar internasional.

""Secara teknis, fasilitas venue H.M. Hasan Gayo yang telah berstandar nasional dapat dikembangkan sebagai lapangan berkuda memanah berstandar internasional. Dengan demikian, penggunaannya akan semakin produktif dan manfaatnya semakin luas,"" kata Triwatty.

Pengembangan tersebut diharapkan dapat memperkuat ekosistem olahraga berkuda di Aceh Tengah, baik untuk Pacu Kuda maupun berkuda memanah yang erat kaitannya dengan olahraga Sunnah dalam Islam. Selain menjadi tempat penyelenggaraan pertandingan, keberadaan venue yang aktif juga diharapkan dapat mendukung pembinaan atlet, komunitas olahraga berkuda, peternak kuda, serta berbagai sektor ekonomi masyarakat."
Sportstyle,Mangkuluhur Cup: Ketika Golf Bukan Lagi Sekadar Olahraga,https://sport.detik.com/sportstyle/d-8644207/mangkuluhur-cup-ketika-golf-bukan-lagi-sekadar-olahraga,"Selasa, 01 Sep 2026 23:15 WIB","Selasa, 01 Sep 2026 23:15 WIB",https://awsimages.detik.net.id/community/media/visual/2026/09/01/mangkuluhur-cup-2026-1788274371160_43.jpeg?w=210&q=90,"Golfmemang jadi salah satu olahraga papan atas dunia. Tapi bukan sekadar adu kemampuan, golf bisa merambah ke banyak sektor termasuk bisnis.

Bagi sebagian orang golf memang bukan cuma mencari keringat dan prestasi, tapi juga sarana strategis untuk membangun jaringan bisnis, melatih mental, dan menjaga kesehatan.

Itulah mengapa banyak turnamen golf digelar di Indonesia tidak cuma untuk atlet, tapi juga para para pemain amatir dan penikmat. Salah satunya yang baru dilakukan oleh Inventra, platform trading forex dan CFD berlisensi Bappebti (Badan Pengawas Perdagangan Berjangka Komoditi).

Untuk memperkuat engagement di luar jaringan, Inventra menjadi sponsorMangkuluhur Cup 2026, turnamen golf yang diikuti oleh 400 peserta dari berbagai wilayah Indonesia di New Kuta Golf, Bali, 21-22 Agustus lalu.

Pesertanya sebagian besar adalah para pebisnis, sehingga menjadikan turnamen ini sekaligus salah satu turnamen golf komunitas dengan jumlah peserta terbesar yang digelar di New Kuta Golf sepanjang 2026.

Golf dipilih bukan tanpa alasan. Sebagai olahraga yang identik dengan kalangan pebisnis dan profesional, golf menjadi titik temu alami antara komunitas olahraga dan komunitas bisnis - ruang yang relevan bagi Invetra untuk memperkenalkan diri kepada calon trader dan mitra baru di luar kanal digitalnya.

Selama dua hari turnamen, Invetra hadir bukan sekadar lewat logo di banner. Perusahaan membuka booth interaktif untuk memperkenalkan dan mengedukasi peserta seputar aplikasi trading Invetra, dilengkapi merchandise eksklusif bagi pengunjung booth.

Sebagai nilai tambah bagi peserta yang tertarik memulai perjalanan trading-nya, Invetra turut menghadirkan promo pendaftaran senilai 500 dolar AS khusus untuk peserta turnamen - menjadikan partisipasi di Mangkuluhur Cup sebagai pintu masuk langsung bagi calon trader baru untuk mengenal platform Invetra.

""Melalui Tournament Golf Mangkuluhur Cup 2026, kami melihat kesempatan untuk memperkenalkan Invetra kepada lebih banyak kalangan, termasuk para profesional yang hadir dari berbagai latar belakang. Bagi kami, ajang seperti ini menjadi cara yang efektif untuk membangun koneksi secara langsung dengan calon trader dan mitra bisnis, sekaligus melengkapi kehadiran kami di kanal digital,"" ujar Jufri Ramadhan Sinurat selaku Direktur PT Invetra Teknologi Berjangka dalam rilis kepada detikSport.

Darma Mangkuluhur Hutomo selaku Komisaris Utama PT Intra GolfLink Resorts turut mengapresiasi keterlibatan Invetra sebagai sponsor utama tahun ini.

""Kehadiran Invetra sebagai sponsor utama memberikan dimensi baru bagi turnamen, khususnya dalam mempertemukan komunitas olahraga dengan komunitas profesional dan bisnis. Partisipasi sekitar 400 peserta pada tahun ini menunjukkan besarnya antusiasme masyarakat, dan kami berharap kolaborasi seperti ini dapat terus memberikan nilai positif bagi perkembangan komunitas dan industri di Indonesia,"" kata Darma.

Ke depannya event serupa Mangkuluhur Cup berpotensi digelar lagi karena tidak cuma jadi ajang untuk adu kemahiran bermain golf, tapi juga membangun relasi bisnis."
Raket,Men's World Tennis Championship: Nathan Barki Lolos ke Babak Kedua,https://sport.detik.com/raket/d-8644222/mens-world-tennis-championship-nathan-barki-lolos-ke-babak-kedua,"Selasa, 01 Sep 2026 22:16 WIB","Selasa, 01 Sep 2026 22:16 WIB",https://awsimages.detik.net.id/community/media/visual/2026/09/01/mens-world-tennis-championship-1788275497955_43.jpeg?w=210&q=90,"Babak utamaSeri IV M-15 Men's World Tennis Championship 2026sudah bergulir. Petenis tuan rumahNathan Barkilolos ke Babak Kedua.

Pada laga perdana di Lapangan D, Bali Beach Country Club, Nusa Dua, Selasa (1/9/2026), Nathan secara mengejutkan mengalahkan lawannya yang merupakan unggulan kedelapan asal Spanyol, Pablo Perez Ramos, lewat pertarungan tiga set selama 2 jam 14 menit.

Mengawali laga dengan mantap, Nathan menang 6-2 di set pertama. Namun, Ramos yang berperingkat 984 ATP ini berhasil bangkit dari keterpurukannya untuk merebut set kedua dengan kemenangan 6-2.

Sempat tertinggal 2-4 di set ketiga, Nathan tidak patah arang dan malah berhasil membalikkan keadaan. Ramos kesulitan untuk menghadapi tekanan Nathan sebelum akhirnya kalah 4-6.

""Pertandingan pertama memang selalu tidak mudah. Meski unggul di set pertama, lawan ternyata mampu merespon dengan baik di set kedua, bahkan saya sempat tertinggal di set ketiga. Tapi, persiapan matang yang saya lakukan sebelum turnamen jadi kunci kemenangan,"" ujar Nathan dalam rilis kepadadetikSport.

Di sektor ganda putra, Rafalentino Ali Da Costa/Ethan David Zapp menembus perempatfinal usai mengandaskan perlawanan Raghav Jaisinghani/Udit Kamboj dengan rubber set.

Takluk 5-7 di set pertama, ganda muda tuan rumah itu berhasil dengan kemenangan 6-3 di set kedua. Laga harus dilanjutkan ke set ketiga yang menggunakan format super tiebreak,

Dengan motivasi tinggi dan bermain lepas, Rafalentino/Ethan sukses menutup set ketiga ini dengan skor meyakinkan 10-4.

Sayang langkah keduanya gagal diikuti rekannya Anthony Susanto yang berpasangan dengan Ren Nakamura. Mereka kalah rubber set dari Nan Hsun Lin/Kai-i Wang.

Keunggulan 7-6 tiebreak 3 di set pertama, gagal dipertahankan oleh Anthony/Ren karena ganda Taiwan itu sukses merebut dua set berikutnya dengan kemenangan 6-4 dan super tiebreak 10-5 dalam durasi 1 jam 37 menit di lapangan F."
Moto Gp,"'Kampiun MotoGP 2026 Bukan yang Paling Banyak Menang, tapi Paling Tenang'",https://sport.detik.com/moto-gp/d-8643938/kampiun-motogp-2026-bukan-yang-paling-banyak-menang-tapi-paling-tenang,"Selasa, 01 Sep 2026 20:30 WIB","Selasa, 01 Sep 2026 20:30 WIB",https://awsimages.detik.net.id/community/media/visual/2026/08/30/sprint-race-motogp-aragon-2026-1788055273532_43.webp?w=210&q=90,"Persaingan perebutan gelar juara dunia MotoGP 2026 berlangsung ketat. Menurut General Manager Ducati Corse Gigi Dall'Igna, gelar juara pada akhirnya akan ditentukan oleh pebalap yang paling mampu menjaga ketenangan dan konsistensi hingga akhir musim.

Dall'Igna menganalisis persaingan MotoGP 2026 dalam wawancara denganSky Italia. Menurutnya, kondisi mental dan kemampuan menghindari kesalahan akan menjadi faktor penting dalam menentukan juara dunia.

""Menurut saya, Kejuaraan Dunia akan dimenangkan oleh siapa yang lebih tenang antara sekarang hingga akhir musim, karena saya pikir penting untuk mengumpulkan poin dan menghindari kesalahan,"" kata Dall'Igna seperti dilansirMotosan.

Persaingan musim ini memang berlangsung sengit di antara para pebalap terdepan dari Ducati dan Aprilia. Dalam kondisi seperti itu, Dall'Igna menilai konsistensi lebih penting daripada sekadar mengoleksi kemenangan sebanyak-banyaknya dalam sembilan seri tersisa.

""Sejarah beberapa tahun terakhir menunjukkan bahwa tidak penting untuk mungkin memenangi 11 balapan, tetapi Anda harus menang sedikit lebih sedikit. Anda harus lebih konsisten dan stabil, dan yang terpenting, mampu membuat lebih sedikit kesalahan,"" ujarnya.

Bagi Dall'Igna, pebalap yang mampu menjaga perolehan poin sekaligus meminimalkan kesalahan akan memiliki peluang terbesar menjadi juara. Artinya, hasil finis secara konsisten dapat menjadi lebih berharga daripada terlalu memaksakan diri demi kemenangan.

Dengan persaingan yang masih terbuka, setiap kesalahan bisa menjadi pembeda dalam perburuan gelar MotoGP 2026. Karena itu, kemampuan menjaga kepala tetap dingin hingga seri terakhir diyakini Dall'Igna bakal menjadi kunci utama."
Moto Gp,"MotoGP Aragon Selesai, Ini Nama Pemenang Bold Riders Podium Picks",https://sport.detik.com/moto-gp/d-8644045/motogp-aragon-selesai-ini-nama-pemenang-bold-riders-podium-picks,"Selasa, 01 Sep 2026 19:18 WIB","Selasa, 01 Sep 2026 19:18 WIB",https://awsimages.detik.net.id/community/media/visual/2026/09/01/bold-riders-1788264949348_43.png?w=210&q=90,"Marc Marquez kembali menjadi yang tercepat di MotoGP Aragon 2026. Rider berjuluk The Baby Alien itu berhasil memenangi balapan di MotorLand Aragon, Minggu (30/8).

Kemenangan tersebut membuat Marc mencatat hat-trick di Aragon. Ia kembali berdiri di podium teratas setelah sebelumnya juga memenangi dua edisi terakhir balapan di sirkuit yang sama.

Balapan sempat menyajikan perubahan posisi di barisan depan. Marco Bezzecchi yang mengawali race dengan baik sempat memimpin, sebelum Marc mengambil alih posisi pertama pada lap keenam.

Pedro Acosta kemudian menjadi rider yang paling dekat dengan Marc. Namun hingga finis, Acosta harus puas di posisi kedua, sementara Bezzecchi melengkapi podium di urutan ketiga.

Sementara itu, Alex Marquez dari Gresini Racing harus berjuang setelah kehilangan beberapa posisi di awal balapan. Ia kemudian mampu memperbaiki posisinya dan menyelesaikan race di urutan keempat.

Bagi Alex, hasil tersebut tetap berarti. Ia mengantongi 13 poin dari balapan utama dan total membawa pulang 22 poin dari akhir pekan Aragon setelah sebelumnya finis kedua di Sprint Race.

Alex mengakui ada kesalahan di awal race yang membuatnya kehilangan waktu. Meski gagal naik podium, tambahan poin tersebut tetap penting untuk menjaga persaingannya di musim 2026.

Tebakan Podium Terjawab

Keseruan di Aragon tidak hanya terjadi di lintasan. Para penggemar MotoGP sebelumnya juga ikut menguji insting mereka lewat Bold Riders Podium Picks.

Dalam kompetisi ini, peserta menebak tiga rider yang akan finis di posisi pertama, kedua, dan ketiga. Setelah race selesai dan seluruh prediksi diperiksa, dua detikers berhasil mengumpulkan poin tertinggi.

Mereka adalah:

Keduanya berhak mendapatkan voucher masing-masing senilai Rp250 ribu. Selamat untuk Nung Jannah dan Khoirul Anam yang berhasil membaca peluang podium di Aragon.

Buat detikers yang belum berhasil, masih ada seri MotoGP berikutnya untuk kembali menguji insting. Siapa tahu, tebakan berikutnya justru membawa pulang hadiah.

Buat lo yang belum gabung, sekarang waktunya follow Bold Riders, official sponsor Gresini Racing Moto GP team sekaligus wadah komunitas motor multi-genre terbesar di Indonesia.

Di sini lo bisa ketemu sesama pecinta motor, riding bareng, sampai ikut berbagai aktivitas seru. Jangan lupa follow Instagram @boldriders supaya nggak ketinggalan update MotoGP, konten otomotif, dan info event motor lainnya.

Bold Riders, Spirit of Brotherhood!"
Moto Gp,Moto3: Veda Ega Sudah Empat Kali Gagal Raih Poin,https://sport.detik.com/moto-gp/d-8643813/moto3-veda-ega-sudah-empat-kali-gagal-raih-poin,"Selasa, 01 Sep 2026 18:50 WIB","Selasa, 01 Sep 2026 18:50 WIB",https://awsimages.detik.net.id/community/media/visual/2026/06/17/veda-ega-pratama-1781667899012_43.webp?w=210&q=90,"Rider Honda Team Asia,Veda Ega Pratama, menjalani akhir pekan yang buruk diMoto3 Aragon. Pebalap asal Gunungkidul itu sudah gagal meraih poin empat kali di Moto3.

Di Sirkuit Aragon pada akhir pekan lalu, Veda Ega finis ke-20. Dia sudah kesulitan sejak hari Jumat.

Veda Ega harus memulai balapan dari posisi ke-22. Dia pun kesulitan untuk menembus barisan depan.

Dengan hasil ini, Veda Ega gagal meraih poin. Raihan angka Rocket Boy masih tertahan 97 poin. Dia tinggal berjarak tujuh poin dari Hakim Danish di posisi kedelapan.

Selain di Aragon,Veda Egajuga gagal meraih poin dalam tiga seri lainnya. Dia gagal finis di Moto3 Amerika Serikat, finis ke-16 di Moto3 Hungaria, dan gagal finis di Moto3 Belanda.

""Bukan hasil balapan yang saya inginkan di minggu ini. Memang sepanjang minggu ini saya merasa kesulitan dari sesi di hari Jumat, Sabtu, dan race,"" kata Veda Ega selepas balapan.

""Jalannya balapan saya mencoba untuk start bagus dan mencoba untuk secepatnya ke depan. Tapi saat saya mencoba ke depan, dengan rider lain sempat ada senggolan sedikit sampai akhirnya melakukan kesalahan.""

""Dalam balapan saya mencoba untuk push, push, push untuk mengejar grup di depan. Ya sulit, kesulitan dengan sirkuit Aragon dengan grip yang menurut saya cukup licin. Minggu yang harus saya lupakan, dan ya saya ambil pelajarannya. Saya dan tim akan mencari tahu di mana titik poin yang saya bisa improve lagi. Pada seri di Misano saya akan mencoba lebih baik lagi,"" kataVeda Egamenambahkan."
Moto Gp,Marc Marquez Beri Pukulan untuk Rider-rider Aprilia!,https://sport.detik.com/moto-gp/d-8643612/marc-marquez-beri-pukulan-untuk-rider-rider-aprilia,"Selasa, 01 Sep 2026 17:30 WIB","Selasa, 01 Sep 2026 17:30 WIB",https://awsimages.detik.net.id/community/media/visual/2026/08/10/marc-marquez-1786317953678_43.jpeg?w=210&q=90,"Rider Ducati,Marc Marquez, memetik kemenangan ganda diMotoGP Aragon 2026. Baby Alien pun memberi pukulan telak untuk pebalap-pebalap Aprilia.

Di Sirkuit Aragon pada akhir pekan lalu, Marc Marquez mampu menjadi juara saat sprint race dan main race MotoGP Aragon 2026. Dengan tambahan poin penuh pada seri ke-13 MotoGP 2026, pebalap asal Spanyol itu memperbaiki posisi di klasemen.

Saat ini, Marc Marquez ada di posisi kedua klasemen MotoGP 2026 dengan raihan 237 poin. Dia cuma berjarak 19 poin dari Jorge Martin, pebalap Aprilia pemuncak klasemen MotoGP 2026.

Pengamat MotoGP, Carlo Pernat, menilai bahwaMarc Marquezmenobatkan diri sebagai raja di Sachsenring dan Aragon. Di Aragon, Marc Marquez baru saja mencatatkan hat-trick.

""Marc Marquez, raja Sachsenring dan raja Aragon. Sempat ada sejumlah keraguan, karena Aprilia jelas telah berkembang pesat. Motor tersebut kini bisa kita sebut sebagai motor juara, dengan para pebalap tangguh, khususnya Martin dan Bezzecchi, yang berada di papan atas klasemen dan itu bukanlah sebuah kebetulan,"" kata Pernat seperti dikabarkan oleh GP One.

""Namun, Marc melakukan apa yang ia mau. Dia benar-benar menghajar mereka,"" kata dia menambahkan.

MotoGP 2026 akan lanjut lagi pada 13 September 2026. MotoGP San Marino di Misano yang akan menjadi sajiannya.Marc Marquezbisa menang lagi di Misano?"
Raket,"China Masters 2026: Singkirkan Unggulan 1, Leo/Daniel ke 16 Besar",https://sport.detik.com/raket/d-8643860/china-masters-2026-singkirkan-unggulan-1-leo-daniel-ke-16-besar,"Selasa, 01 Sep 2026 17:25 WIB","Selasa, 01 Sep 2026 17:25 WIB",https://awsimages.detik.net.id/community/media/visual/2026/05/17/leo-rolly-carnandodaniel-marthin-thailand-open-2026-1779009993554_43.jpeg?w=210&q=90,"Leo Rolly Carnando/Daniel Marthinmelaju ke babak keduaChina Masters 2026. Leo/Daniel mengalahkan unggulan pertama Kim Won Ho/Seo Seung Jae 21-19, 21-19.

Leo Rolly Carnando/Daniel Marthin melawan unggulan pertama Kim Won Ho/Seo Seung Jae (Korea Selatan) pada babak pertama China Masters 2026. Laga ini berlangsung di Court 1, Shenzhen Arena, Selasa (1/9/2026).

Leo/Daniel tertinggal di awal gim pertama 1-5. Mereka bisa bangkit mengejar untuk hanya tertinggal satu poin saat skor 5-6.

Kedua ganda ini kemudian saling pertukar poin. Kim/Seo unggul 11-9 saat interval gim pertama.

Leo/Daniel bisa menyetarakan angka selepas interval saat skor 12-12. Kejar mengejar poin terjadi hingga 16-16.

Kim/Seo mendapatkan momentum untuk menjauh usai mendapatkan dua angka. Kim/Seo diambang menutup gim pertama usai unggul 19-16.

Namun, Leo/Daniel tampil menawan di poin-poin krusial. Mereka mendulang lima angka beruntun untuk membalikkan situasi. Leo/Daniel mengamankan gim pertama usai menang 21-19.

Laga berjalan sengit di awal gim kedua. Kejar mengejar poin terjadi hingga 7-7. Skor masih ketat sampai 10-10.

Leo/Daniel mendapatkan satu angka untuk memimpin 11-10 saat interval gim kedua.

Selepas interval situasi sempat berbalik dengan Leo/Daniel tertinggal 12-15. Mereka bisa mengejar hingga skor kembali sama kuat saat 15-15.

Skor sama kuat hingga 17-17. Leo/Daniel kembali menunjukkan mental yang sangat baik di poin krusial.Leo/Daniel bisa memenangi lagi usai mengamankan gim kedua 21-19.

Leo/Daniel melaju ke babak kedua (16 besar). Leo/Daniel mengikuti jejak dari Ali Faathir Rayhan/Devin Artha Wahyudi.

Ali Faathir Rayhan/Devin Artha Wahyudi mengalahkan unggulan kelima dari Malaysia, Goh Sze Fei/Nur Izzuddin. Fathir/Devin ke babak kedua usai Goh/Izzudin retired. Mereka mundur setelah kalah 16-21 di gim pertama."
Moto Gp,Bagnaia Kena Mental? Bos Ducati: Ada Masalah Fokus,https://sport.detik.com/moto-gp/d-8643496/bagnaia-kena-mental-bos-ducati-ada-masalah-fokus,"Selasa, 01 Sep 2026 16:30 WIB","Selasa, 01 Sep 2026 16:30 WIB",https://awsimages.detik.net.id/community/media/visual/2026/05/08/2272865651-1778225161405_43.jpeg?w=210&q=90,"Manajer Tim Ducati Davide Tardozzi melontarkan kritik tajam terhadap Francesco Bagnaia setelah MotoGP Aragon. Menurutnya, masalah Bagnaia saat ini bukan soal kecepatan, melainkan aspek psikologis, secara khusus kepercayaan diri dan fokus mental.

Bagnaia kembali menjalani akhir pekan yang sulit di Aragon. Pebalap Italia itu gagal menunjukkan performa yang diharapkan Ducati dan akhirnya terjatuh dalam balapan.

Ducati sebelumnya berharap Bagnaia setidaknya mampu finis di lima besar di MotorLand Aragon. Namun, ekspektasi tersebut tidak terpenuhi. Tardozzi menyebut tim sempat mencoba perubahan saat sesi pemanasan, tetapi hasilnya tidak sesuai harapan.

""Kami berharap Bagnaia setidaknya bisa berada di lima besar di sini, tetapi kenyataannya tidak demikian. Kami mencoba sesuatu saat pemanasan yang tidak berhasil. Dia tidak memiliki kepercayaan diri, dia tidak memacu motornya, dan kami belum menemukan cara untuk mengatasi masalah ini,"" kata Tardozzi kepada TNT Sports.

Tardozzi kemudian menilai persoalan Bagnaia sudah menyentuh aspek psikologis. Menurutnya, kemampuan Bagnaia untuk melaju cepat tidak perlu diragukan, tetapi pendekatannya dalam menghadapi situasi sulit justru membatasi performanya.

""Saya pikir ini adalah masalah psikologis. Pendekatannya terkadang membatasi performanya. Kami tidak meragukan bahwa dia cepat, tetapi sekarang dia harus melewati batas tipis antara percaya diri dan menutup mata terhadap tantangan,"" ujarnya.

Pernyataan Tardozzi tersebut menjadi sorotan mengingat Bagnaia akan meninggalkan Ducati pada akhir musim. Mulai 2027, dia akan memperkuat Aprilia Racing, sementara Ducati telah memastikan Pedro Acosta sebagai rekan setim Marc Marquez untuk musim 2027 dan 2028."
Sport Lain,"Abdul Kadir Karding Jadi Ketum Perbasasi, Singgung Pembinaan dan Prestasi",https://sport.detik.com/sport-lain/d-8643405/abdul-kadir-karding-jadi-ketum-perbasasi-singgung-pembinaan-dan-prestasi,"Selasa, 01 Sep 2026 14:30 WIB","Selasa, 01 Sep 2026 14:30 WIB",https://awsimages.detik.net.id/community/media/visual/2026/09/01/abdul-kadir-karding-perbasasi-1788246364871_43.jpeg?w=210&q=90,"Abdul Kadir Kardingjadi KetumPerserikatan Baseball Softball Seluruh Indonesia (PB Perbasasi)periode 2026-2030. Dirinya singgung soal pembinaan dan prestasi.

Abdul Kadir Kardingterpilih secara aklamasi sebagai Ketua Umum Pengurus Besar Perserikatan Baseball Softball Seluruh Indonesia (PB Perbasasi). Usai terpilih, Karding menegaskan langkah awal kepengurusannya akan difokuskan pada konsolidasi organisasi sebagai fondasi untuk membangun ekosistem baseball dan softball Indonesia yang lebih kuat.

""Kalau kita tidak solid, kita tidak bisa apa-apa. Jadi kita harus solid dulu, kuat dulu. Setelah itu baru kita bisa membangun target-target prestasi,"" ujar Karding dalam sambutannya di Tangerang, Senin, (31/8).

Karding mengusung agenda modernisasi dan kolaborasi untuk memperkuat tata kelola organisasi. Salah satu langkah yang akan didorong adalah pembangunan basis data yang lebih baik bagi pembinaan baseball dan softball di Indonesia.Selain itu, Perbasasi juga akan memperkuat sistem pembinaan atlet secara berjenjang.

""Pembinaan yang berjenjang menjadi penting. Tetapi yang tidak kalah penting adalah bagaimana masyarakat dibuat mencintai baseball dan softball,"" katanya.

Untuk meningkatkan popularitas olahraga tersebut, Karding mendorong pembentukan klub-klub baseball dan softball melalui kerja sama dengan berbagai pihak, termasuk pemerintah daerah dan sektor swasta.

Ia menilai jaringan yang dimiliki para pengurus dan pemangku kepentingan dapat dimanfaatkan untuk memperluas basis pembinaan dan meningkatkan partisipasi masyarakat.

Selain itu, Karding menargetkan Perbasasi mampu meningkatkan prestasi Indonesia di berbagai kompetisi. Ia menyebut keinginan untuk membawa baseball dan softball Indonesia masuk jajaran 10 besar pada sejumlah level kompetisi. Tentu, harus dibangun melalui fondasi organisasi yang kuat.

""Target kita tentu prestasi. Bisa SEA Games, Asian Games, bahkan Olimpiade. Tetapi dana, jaringan, organisasi, dan model pembinaan harus menjadi satu ekosistem baseball dan softball yang baik,"" ujarnya.

Karding mengakui persoalan pendanaan menjadi salah satu tantangan utama dalam pengelolaan organisasi olahraga. Karena itu, Perbasasi akan mencari berbagai alternatif pendanaan dan memperkuat kolaborasi dengan berbagai pihak agar program pembinaan dan pengembangan organisasi dapat berjalan secara berkelanjutan.

Ia juga membuka ruang keterlibatan yang lebih luas bagi berbagai unsur dalam struktur organisasi Perbasasi. Menurutnya, membangun organisasi tidak dapat dilakukan seorang diri tetapi membutuhkan kerja bersama seluruh pengurus, pengurus daerah, komunitas, atlet, serta pemangku kepentingan lainnya.

""Kita rekonsiliasikan dan kita bangun bersama. Target kita adalah menciptakan ekosistem baseball dan softball yang baik, organisasi yang kuat, serta prestasi Indonesia di tingkat dunia,"" kata Karding.

""Saya tidak bisa bekerja sendiri. Saya berharap semua yang ada di sini bisa terlibat. Kita ingin punya ekosistem baseball dan softball yang bagus, Perbasasi yang kuat, dan prestasi Indonesia di tingkat dunia,"" pungkasnya.

Lihat juga Video: Apa Itu Badan Karantina Indonesia yang Kini Dipimpin Kadir Karding

[Gambas:Video 20detik]"
Sport Lain,Bukan Pukulan Hoki yang Runtuhkan Umar Nurmagomedov,https://sport.detik.com/sport-lain/d-8643113/bukan-pukulan-hoki-yang-runtuhkan-umar-nurmagomedov,"Selasa, 01 Sep 2026 12:30 WIB","Selasa, 01 Sep 2026 12:30 WIB",https://awsimages.detik.net.id/community/media/visual/2026/09/01/umar-nurmagomedov-song-yadong-1788237459466_43.jpeg?w=210&q=90,"Umar Nurmagomedovtelan kekalahan dariSong Yadongdi lanjutanUFC.Shovel uppercut langsung bikin Umar KO dan tak sadarkan diri. Bukan pukulan hoki!

UFC Fight Night: Nurmagomedov vs Song dalam UFC Shanghai digelar di Oriental Sports Center, Sabtu (29/8). Duel utama di kelas bantam UFC, Umar Nurmagomedov di ranking ketiga kontra Song Yadong di ranking keenam.

Song Yadong menang KO pada ronde kedua. Shovel uppercut yang dilepaskannya masuk, bikin Umar langsung tersungkur dan tak sadarkan diri, ditambah dua pukulan hammer fist.

Dirangkum dari berbagai sumber, pukulan shovel uppercut tidak seperti pukulan uppercut dalam tinju. Teknik ini dilakukan petarung MMA atau Muay Thai.

Pukulan ini dilayangkan dari bawah ke atas dengan lintasan diagonal sekitar 45 derajat, menyerupai gerakan seseorang yang sedang mencangkul atau menyekop. Khusus pukulan shovel uppercut Song Yadong, petarung asal China itu melakukannya dengan cantik.

Saat Song Yadong lepas pukulan itu dengan tangan kanannya, dirinya tidak memutar pergelangan tangan. Pergelangan tangannya lurus.

Song lebih dulu melepas jab.Umar Nurmagomedovyang lakukan duck (merendahkan tubuh bagian atas) langsung kena hantam shovel uppercut Song yang mengenai belakang kupingnya, di belakang bagian temple.

Umar langsung terjatuh tidak sadarkan diri. Dari posisi yang terkena pukulan itu pun mengalir darah segar.

Song dan timnya sudah baca kebiasaan buruk Umar. Umar suka duck ketika diserang dan lancarkan single leg takedown. Song dengan tepat dapat timing untuk mengeksekusinya.

""Pelatih saya Rudy Hernandez sudah bilang, kami akan menang dengan upper cut. Ya, saya percaya diri untuk melakukannya,"" ungkap Song.

""Kami tahu, Umar akan menghindar ke bawah. Kami sudah memperhatikan itu dan saya bisa melakukannya dengan baik,"" tutup Song.

Lihat juga Video Cara Khabib Nurmagomedov Nikmati Masa Pensiun: Makan Apa pun Asal Halal

[Gambas:Video 20detik]"
Sport Lain,Bilal Hasan Bikin Legenda UFC Ini Kagum,https://sport.detik.com/sport-lain/d-8643074/bilal-hasan-bikin-legenda-ufc-ini-kagum,"Selasa, 01 Sep 2026 11:30 WIB","Selasa, 01 Sep 2026 11:30 WIB",https://awsimages.detik.net.id/community/media/visual/2026/08/29/bilal-hasan-1788000736300_43.jpeg?w=210&q=90,"Bilal Hasanmemulai debut diUFCdengan meyakinkan, menang KO. Legenda UFC,Henry Cejudodibikin kagum olehnya.

UFC Fight Night: Nurmagomedov vs Song dalam UFC Shanghai digelar di Oriental Sports Center, Sabtu (29/8). Bilal Hasan yang jalani laga debut, hadapi petarung asal Peru, Nilson Rojas di kelas flyweight.

Kedua petarung punya rekor sama 9-0. Bilal menang di ronde kedua setelah pukulan lurus kanannya masuk sempurna!

Bilal Hasankini punya rekor kemenangan di dunia MMA 9-0. Petarung asal Indonesia itu memulai debut diUFCdengan mulus, bikin Henry Cejudo kagum!

""Bilal melepas pukulan jab dan sesaat ketika tangan kirinya turun, bum! Pukulan kanan yang lurus ke arah tengah,"" katanya di sosial media.

""Anak ini punya daya tarik. Dia punya sebuah pertunjukan dan membuktikannya di dalam oktagon,"" tambahnya.

Henry Cejudo merupakan legenda di UFC. Dia pernah menyabet dua gelar di kelas flyweight dan bantam weight.

Cejudo sebelumnya pernah juga memujiBilal Hasansaat kemenangan KO 45 detik. Itu ketika 'The IndoNinja' menang atas petarung asal India, Mridul Saikia dalam perebutan kontrak UFC di Dana White's Contender Series (DWCS) Season 10, Agustus lalu.

""Menang KO cuma 45 detik, ingat-ingat namanya, Bilal Hasan,"" jelas Cejudo.

""Dana White sudah terkesan padanya. Apalagi di kelas flyweight, banyak petarung hebat. Saya nggak sabar menantikan aksi-aksinya,"" sambungnya.

Simak juga Video: Menlu AS Bicara Alasan Pemasangan Ring UFC di Halaman Gedung Putih

[Gambas:Video 20detik]"
Https:,"Video Menang di Aragon, Marquez Kini Cuma Ketinggalan 19 Poin dari Martin",https://20.detik.com/detikupdate/20260901-260901114/video-menang-di-aragon-marquez-kini-cuma-ketinggalan-19-poin-dari-martin,"Selasa, 01 Sep 2026 10:21 WIB","Selasa, 01 Sep 2026 10:21 WIB",https://awsimages.detik.net.id/community/media/visual/2026/08/31/marc-marquez-dan-marco-bezzecchi-adu-drag-di-motogp-aragon-2026-1788148084609_43.png?w=210&q=90,"Marc Marquez kembali tampil gila di MotoGP Aragon. Pembalap Ducati ini sukses ngunci kemenangan ketiga beruntun. Ini juga jadi kemenangan kedelapannya di MotorLand Aragon.

Nggak cuma Marc, Alex Marquez juga tampil oke dan finis keempat. Sementara Fermin Aldeguer berhasil finis keenam. Hasil ini bikin akhir pekan Ducati makin mantap."
Raket,"China Masters 2026: Jonatan Christie Kalahkan Leong Jun Hao, Maju ke 16 Besar",https://sport.detik.com/raket/d-8642931/china-masters-2026-jonatan-christie-kalahkan-leong-jun-hao-maju-ke-16-besar,"Selasa, 01 Sep 2026 09:47 WIB","Selasa, 01 Sep 2026 09:47 WIB",https://awsimages.detik.net.id/community/media/visual/2026/08/18/jonatan-christie-1787029659644_43.jpeg?w=210&q=90,"Bertanding di Court 1, Shenzhen Arena, Selasa (1/9/2026), Jonatan yang menjadi unggulan pertama di dalam turnamen BWF Super 750 itu membutuhkan waktu 44 menit untuk mengunci kemenangan.

Pada gim pertama, Jonatan langsung mengamankan kemenangan dengan skor 21-17. Leong Jun Hao berusaha memberikan perlawanan, tetapi Jonatan mampu menjaga keunggulan dari awal hingga gim berakhir.

Persaingan lebih ketat terjadi pada gim kedua. Jonatan akhirnya kembali menang dengan skor 21-19 untuk memastikan kemenangan dua gim langsung.

Dengan hasil tersebut, Jonatan Christie melaju dari babak 32 besar setelah mengalahkan wakil Malaysia tersebut. Di China Masters 2026 ini sendiri Indonesia memiliki empat orang wakil.

Selain Jonatan Christie, ada tiga wakil lain dari nomor ganda. Ketiganya adalah pasangan ganda putra yakni Leo Rolly Carnando/Daniel Marthin, Sabar Karyaman Gutama/Moh Reza Pahlevi Isfahani, dan Ali Faathir Rayhan/Devin Artha Wahyudi.

Sejumlah nama lain yang sempat masuk daftar undian pekan lalu urung tampil. Mereka adalah Alwi Farhan, Putri Kusuma Wardani, dan Fajar Alfian/Muhammad Shohibul Fikri.

Simak juga Video: Jonatan Christie: Hampir Seumur Hidup untuk Bulu Tangkis Indonesia

[Gambas:Video 20detik]

(krs/bay)...Tautan telah disalin"
Sport Lain,Arwana Jaya dan Onic Sport Juara IPL Season 2,https://sport.detik.com/sport-lain/d-8642836/arwana-jaya-dan-onic-sport-juara-ipl-season-2,"Selasa, 01 Sep 2026 08:25 WIB","Selasa, 01 Sep 2026 08:25 WIB",https://awsimages.detik.net.id/community/media/visual/2026/09/01/grand-final-ipl-season-2-1788225931684_43.jpeg?w=210&q=90,"Selesai sudah musim keduaBRI Indonesia Pingpong League (IPL) 2026. Arwana Jaya dan Onic Sport tampil sebagai juara.

Grand final season 2 ini menghadirkan format kompetisi yang menuntut konsistensi setiap tim sepanjang empat hari penyelenggaraan, 26-29 Agustus, di Main Atrium Trans Studio Mall Ciubur, Depok.

Dalam format Grand Final ini, seluruh tim pada masing-masing kategori Elite Putera dan Elite Puteri saling bertemu. Hasil akhir ditentukan berdasarkan total raihan poin setiap tim selama rangkaian pertandingan.

Khusus kategori Elite Puteri, dalam setiap pertemuan terdapat sesi pertandingan ganda. Sementara pada kategori Elite Putera, pertandingan berlangsung tanpa sesi ganda.

Persaingan Elite Putera berlangsung ketat hingga pertandingan terakhir. Arwana Jaya berhasil mengumpulkan 6 poin dan keluar sebagai juara. Keberhasilan tersebut menjadi pencapaian istimewa bagi Arwana Jaya karena mereka berhasil mengambil alih tahta dari Onic Sport, yang merupakan juara IPL Season 1.

Pilar Arwana Jaya, Muhammad Bima Abdi Negara, menyebut keberhasilan merebut gelar dari juara bertahan menjadi pencapaian yang sangat berarti bagi timnya.

""Kami sangat bersyukur bisa menjadi juara. Onic adalah juara Season 1 dan kami tahu mereka punya kualitas yang sangat bagus. Jadi bisa merebut gelar ini tentu menjadi pencapaian yang sangat spesial bagi kami. Semua pemain memberikan yang terbaik dan kami berusaha menjaga fokus sampai pertandingan terakhir,"" ujar Bima dalam rilis kepadadetikSport.

""Dengan sistem seperti ini, setiap pertandingan sangat penting. Walaupun menang mendapatkan dua poin dan kalah masih mendapatkan satu poin, kami tetap tidak boleh lengah. Target kami adalah memenangkan setiap pertandingan dan mengumpulkan poin sebanyak mungkin. Kekompakan dan mental tim menjadi kunci,"" katanya.

Sementara itu, Onic Sport tampil sebagai juara di kategori Elite Puteri dengan raihan 6 poin. Onic Sport mengungguli Sukun Kudus di posisi kedua dengan lima poin. Arwana Jaya di posisi ketiga dengan 4 poin dan Jasa Raharja Putera di posisi keempat dengan tiga poin.

Pemain Onic Sport, Cindy Marcella, mengaku bangga dapat membawa timnya meraih gelar juara Elite Puteri. Menurut Cindy, konsistensi jadi kunci kemenangan Onic Sport, mengingat turnamen berlangsung cuma empat hari.

""Pastinya kami sangat senang dan bangga bisa menjadi juara. Perjalanan menuju Grand Final tidak mudah karena semua tim punya kualitas yang bagus. Kami berusaha menjaga fokus, saling mendukung, dan memberikan kemampuan terbaik di setiap pertandingan,"" papar Cindy.

""Kami harus menjaga fokus dari pertandingan pertama sampai pertandingan terakhir karena setiap pertandingan punya nilai yang sangat penting. Kami bersyukur bisa menjaga konsistensi dan akhirnya mendapatkan hasil terbaik,"" sambungnya.

Grand Final Indonesian Pingpong League Season 2 turut dihadiri Ketua Umum IPL Petrus Reinhard Golose, Sekretaris Jenderal IPL Yon Mardiyono, serta seluruh jajaran pengurus Indonesian Pingpong League.

Petrus mengatakan Grand Final menjadi momentum penting bagi para atlet untuk menunjukkan hasil kerja keras mereka sepanjang musim.

""Grand Final adalah panggung bagi para atlet untuk menunjukkan hasil dari kerja keras mereka sepanjang musim. Kami ingin IPL terus menjadi kompetisi yang memberikan ruang bagi atlet untuk berkembang, berprestasi, dan mendapatkan pengalaman bertanding di level tertinggi,"" ujar Petrus."
Moto Gp,Marc Marquez: Sirkuit Mandalika yang Terburuk Buatku,https://sport.detik.com/moto-gp/d-8642734/marc-marquez-sirkuit-mandalika-yang-terburuk-buatku,"Selasa, 01 Sep 2026 04:50 WIB","Selasa, 01 Sep 2026 04:50 WIB",https://awsimages.detik.net.id/community/media/visual/2026/08/11/2289692653-1786452161989_43.jpeg?w=210&q=90,"Rider DucatiMarc Marqueztelah kembali dalam persaingan titel juara duniaMotoGP 2026. Marquez mengaku khawatir dengan balapan di Mandalika nanti.

Sukses menyapu seri Aragon membawa Marquez terus mendekati pemuncakklasemen MotoGPJorge Martin. Dengan koleksi 237 poin, superstar balap motor Spanyol itu menghuni peringkat kedua dengan hanya tertinggal 19 poin saja. Marco Bezzecchi mengintai di posisi ketiga usai meraup 232 poin.

Di sisi lain, kejuaraanMotoGP 2026memiliki sembilan seri yang tersisa atau total 18 balapan. Sedangkan MotoGP Indonesia, yang digelar di Sirkuit Mandalika menempati putaran ke-17 pada Oktober mendatang.

Marc Marquezbelum mau memikirkan soal persaingan gelar dengan Jorge Martin dan Bezzecchi. Pebalap berusia 33 tahun itu ingin fokus melakoni balapan demi balapan, meskipun dia cukup waspada dengan balapan di Mandalika.

""Dari sejarah, Indonesia adalah yang terburuk [buatku], karena setiap tahun aku mendapatkan memori buruk dari sana,"" ceplos juara dunia MotoGP tujuh kali itu dilansirCrash.

""Namun, selain itu, aku merasa baik-baik saja dengan sirkuit-sirkuit yang lain. Jadi balapan demi balapan. Sekarang, mari memulihkan tenaga dari balapan ini dan fokus ke Misano,"" dia menambahkan.

Sejauh ini MotoGP Mandalika bak jadi ""kutukan"" bagiMarc Marquez. Mantan rider Honda dan Gresini itu tidak pernah bisa finis di masing-masing dari tiga edisi terakhir balapan MotoGP Mandalika. Bahkan pada edisi tahun lalu, Marquez bertabrakan dengan Marco Bezzecchi sehingga mengalami patah tulang selangka, cedera yang terus mengganggunya sampai sekarang."
Sport Lain,Jawa Timur Juara Kejurnas Panahan Tradisional 2026,https://sport.detik.com/sport-lain/d-8642711/jawa-timur-juara-kejurnas-panahan-tradisional-2026,"Selasa, 01 Sep 2026 02:40 WIB","Selasa, 01 Sep 2026 02:40 WIB",https://awsimages.detik.net.id/community/media/visual/2026/09/01/kejuaraan-nasional-kejurnas-fespati-2026-tampil-sebagai-juara-umum-adalah-jawa-timur-1788203917609_43.jpeg?w=210&q=90,"Baru saja digelarKejuaraan Nasional (Kejurnas) Fespati 2026. Tampil sebagai juara umum adalah Jawa Timur.

Kejurnas Fespati adalah kompetisi memanah untuk segala usia yang digelar di Villa Bukit Tidar, Kota Malang, 22-24 Agustus, yang digelar Federasi Seni Panahan Tradisional (Fespati). Ada total 1.090 peserta dari 16 provinsi di seluruh Indonesia.

Ada 13 kategori perlombaan yang dipertandingkan. Mulai dari pelajar U9 sampai U-18, hunting pelajar dan umum, jemparingan pelajar dan umum, jarak 30 dan 50 meter untuk atlet panahan tradisional peserta perempuan dan laki-laki umum. serta HBA atau Horse Back Archery untuk kategori Junior Putra, Open Putri dan Senior Putra.

Total peserta ribuan itu melebihi edisi sebelumnya di Klaten, Jawa Tengah, yang diikuti 700 peserta. Kenaikan ini menunjukkan tren positif, karena artinya panahan tradisional semakin banyak peminatnya.

Apalagi sertifikat pemenang akan dikurasi oleh Pupresnas atau Pusat Prestasi Nasional, institusi di bawah Kementrian Pendidikan Dasar dan Menengah Republik Indonesia, yang memberikan pengakuan resmi terhadap ajang talenta atau prestasi peserta didik.

Malang dipilih sebagai lokasi penyelenggaraan Kejurnas 2026 dikarenakan Malang adalah peringkat utama kota industri pariwisata di Jawa Timur. Diharapkan gelaran Kejurnas bisa membawa dampak positif juga bagi naiknya income bagi pengusaha UMKM dan industri pariwisata di kota Malang, seperti slogan 'Fespati untuk Negeri.'

Kejurnas 2027 rencananya akan dihelat di tiga Provinsi, yakni DKI Jakarta, Jawa Barat atau Banten. Imran Taufik selaku Ketua Umum Fespati menyebut kejurnas bisa jadi seleksi untuk para pemanah muda yang mau membela Indonesia di kancah internasional."
Raket,Men's World Tennis Championship: Gunawan Tembus Babak Utama Seri IV,https://sport.detik.com/raket/d-8642692/mens-world-tennis-championship-gunawan-tembus-babak-utama-seri-iv,"Selasa, 01 Sep 2026 01:40 WIB","Selasa, 01 Sep 2026 01:40 WIB",https://awsimages.detik.net.id/community/media/visual/2026/09/01/seri-iv-m-15-mens-world-tennis-championship-2026-1788201435447_43.jpeg?w=210&q=90,"Satu wakil Indonesia lolos ke Babak Utama Seri 4 M-15 Amman MineralMen's World Tennis Championship 2026.Dia adalahGunawan Trismuwantara.

Pada pertandingan final kualifikasi di lapangan A, Bali Beach Country Club, Nusa Dua, Senin (31/8/2026), Gunawan menghadapi Haruto Ishikawa asal Jepang.

Petenis 23 tahun itu harus bertarung ketat tiga set selama 1 jam 41 menit untuk memastikan tiket babak utama dengan kemenangan 4-6, 6-6, dan 10-7.

Setelah saling balas di dua set pertama, format super tie break harus digunakan di set ketiga untuk menentukan pemenang. Gunawan bisa memenangi set penentuan tersebut dengan skor akhir 10-7.

""Saya memang sering melakukan kesalahan di set pertama, terutama saat poin penting. Namun, saya kembali fokus di sisa game, terutama di babak super tie dan akhirnya bisa menang,"" ujar Gunawan dalam rilis kepadadetikSport.

Pada pertandingan lainnya di lapangan F, performa impresif Ethan David Zapp gagal dilanjutkan saat bertemu unggulan ketiga dari India, Shanker Heisnam.

Meski telah mengeluarkan seluruh permain terbaiknya dan memberikan perlawanan keras terutama di set awal, petenis 17 tahun itu takluk 4-6 dan 1-6 dalam tempo 1 jam 35 menit.

Gunawan pun menemani sejumlah pemain Indonesia yang lebih dulu masuk Babak Utama lewat fasilitas Wild Card, seperti Anthony Susanto, Nathan Barki, dan Rafalentino Ali Da Costa.

Selain turun dinomor tunggal pada kejuaraan yang berhadiah total 20 ribu dolar AS, Indonesia punya enam wakil di nomor ganda melalui Gunawan Trismuwantara/Kareem Abdul Hakim, Rafalentino Ali Dacosta/Ethan David Zapp serta Anthony Susanto yang menggandeng pemain Jepang Ren Nakamura."
Sport Lain,GTWCE 2026: Sean Gelael dkk. Gagal Dapat poin di Jerman,https://sport.detik.com/sport-lain/d-8642668/gtwce-2026-sean-gelael-dkk-gagal-dapat-poin-di-jerman,"Senin, 31 Agu 2026 23:35 WIB","Senin, 31 Agu 2026 23:35 WIB",https://awsimages.detik.net.id/community/media/visual/2026/08/31/sean-gelael-1788194101556_43.jpeg?w=210&q=90,"BalapanGT World Challenge Europe (GTWCE)di Jerman berakhir pahit untukSean GelaeldanAF Corse 50. Mereka gagal dapat poin.

Pada balapan putaran keempat Endurance Cup di Sirkuit Nurburgring, Minggu (30/8/2026) malam WIB, Sean bersama Lilou Wadoux dan Arthur Leclerc mendapat start yang kurang impresif.

Sebab mereka harus memulai dari posisi ke-17 setelah hasil buruk di kualifikasi. Mobil Ferrari yang dikendarai Sean dkk. memang tidak bisa memberikan perlawanan berarti di Nurburgring.

Tidak cuma mobil nomor 50, tapi juga nomor 51. AF Corse 51 yang finis ketiga di Belgia dua bulan lalu, hanya mampu menyelesaikan balapan di posisi ke-14, terpaut satu menit dibanding sang pemenang, tim Comtoyou Racing #7.

Sementara, AF Corse 50 tidak berubah, yakni tetap di urutan ke-17 dengan selisih 1 menit 25,406 detik di belakang pemenang.

Rata-rata dua mobil Ferrari itu kalah 1 s.d. 1,5 detik per lap dari mobil dan tim lain. Selain Balance of Performance (BoP) yang jadi handicap walau besarannya tak dirilis, ada juga karakter sirkuit yang berbeda dibanding Spa-Francorchamps, sehingga Ferrari tidak punya daya cengkram di mobilnya.

Keberadaan Safety Car (SC) yang membantu mendekatkan jarak antar-mobil pun tak menolong. Padahal selama tiga jam balapan di Nurburgring, SC tiga kali masuk ke trek untuk menetralisir lomba.

Tim Mercedes-AMG Team Mann-Filter #48 keluar sebagai juara umum GTWCE-Endurance Cup. Balapan pamungkas GTWCE digelar di Sirkuit Algarve, Portimao di Portugal. Menariknya, akhir pekan itu berbarengan dengan putaran FIA WEC di Barcelona, Spanyol.

Sebagai kompromi, Race GTWCE Sabtu (17/10), lalu FIA WEC di hari Minggu, (17/10)."
Sport Lain,"Kejurnas Hoki Indoor 2026: Jabar Juara Putra, Jatim Kampiun Sektor Putri",https://sport.detik.com/sport-lain/d-8642499/kejurnas-hoki-indoor-2026-jabar-juara-putra-jatim-kampiun-sektor-putri,"Senin, 31 Agu 2026 22:15 WIB","Senin, 31 Agu 2026 22:15 WIB",https://awsimages.detik.net.id/community/media/visual/2026/08/31/hoki-1788181874018_43.jpeg?w=210&q=90,"Kejuaraan Nasional (Kejurnas) Hoki Indoor 2026 telah berakhir. Jawa Barat sukses keluar sebagai juara di sektor putra Tier 1, sementara Jawa Timur tampil berjaya dengan merebut gelar juara sektor putri.

Ajang yang berlangsung di GOR Nambo Jaya Sport Centre, Kota Tangerang, Banten, ini berakhir, Minggu (30/8/2026). Jawa Barat mengalahkan tuan rumah Banten di laga final sektor putra dengan skor 3-2 dalam adu penalti setelah imbang 2-2.

Sementara itu, kejutan terjadi di sektor putri. Jawa Timur sukses menghentikan dominasi Jawa Barat dengan kemenangan 2-0 via adu penalti setelah sebelumnya imbang 2-2.

""Alhamdulillah teknik pemain-pemain kita semakin baik, padahal kejurnas ini tidak dihadiri pemain nasional yang sedang melakoni training camp di Malaysia untuk menghadapi Asian Games Aichi-Nagoya 2026,"" kata Gubernur Banten, Andra Soni, yang juga Ketua Dewan Pembina Federasi Hockey Indonesia (FHI), dalam keterangan persnya.

""Dengan pembinaan berjenjang dan konsisten, olahraga Olimpiade ini akan semakin diminati dan prestasinya semakin mendunia. Dulu kita hanya bermimpi dapat medali, tapi kini kita membuktikan mampu meraih prestasi back-to-back pada SEA Games Kamboja 2023 dan SEA Games Thailand 2025,"" Andra Soni menambahkan.

Tidak hanya itu saja, Andra Soni juga tampil memperkuat Tim Hockey PP FHI menghadapi Tim yang beranggotakan ofisial peserta kejurnas hockey Indoor 2026 dalam pertandingan ekshibisi sebelum dimulai laga final. Ketua Umum PP FHI Mayjen TNI (Purn) Budi Sulistijono tampil sebagai penjaga gawang dalam pertandingan yang bertujuan mempererat hubungan masyarakat hoki tersebut.

""Selamat dan apresiasi setinggi-tingginya untuk PP FHI dan FHI Banten. Pertandingan berjalan penuh semangat dan sportifitas. Kejurnas ini menjadi ajang mengukur kualitas pembinaan sekaligus mempererat silaturahmi. Saya berharap hockey terus berkembang pesat dan Banten bisa menjadi bagian penting dari kemajuan tersebut,"" ujar Andra Soni.

Hasil Lengkap Kejurnas Hockey Indoor 2026:

Putra Tier 1â¢ Juara :Jawa Baratâ¢ Runner-up:Banten (Skor Final: 2-2, penalti 3-2)â¢ Peringkat 3:Jawa Timur (Kalahkan Jateng 5-2)

Putri Tier 1â¢ Juara :Jawa Timurâ¢ Runner-up:Jawa Barat (Skor Final: 2-2, penalti 2-0)â¢ Peringkat 3:Nusa Tenggara Barat (Kalahkan Jateng 2-0)

Putra Tier 2â¢ Juara :DKI Jakartaâ¢ Runner-up:Kalimantan Timur (Skor Final: 3-2)â¢ Peringkat 3:Kalimantan Barat (Kalahkan NTB 2-2, penalti 4-3)

Putri Tier 2â¢ Juara :DKI Jakartaâ¢ Runner-up:Banten (Skor Final: 2-2, penalti 2-0)â¢ Peringkat 3:Kalimantan Timur (Kalahkan DI Yogyakarta 1-0)."
