kategori,judul,link,waktu_lengkap,waktu_relatif,gambar,isi_berita
Infrastruktur,MRT Ungkap Rencana 'Sulap' Kawasan Kota Tua,https://finance.detik.com/infrastruktur/d-8656204/mrt-ungkap-rencana-sulap-kawasan-kota-tua,"Rabu, 09 Sep 2026 23:13 WIB",4 jam yang lalu,https://awsimages.detik.net.id/community/media/visual/2026/06/17/rencana-revitalisasi-kawasan-kota-tua-jakarta-1781630437729_43.jpeg?w=210&q=90,"PT MRT Jakarta (Perseroda) berencana mengembangkan Kota Tua dengan konsep yang sama dengan di Blok M, namun tetap mempertahankan identitas heritage kawasan. Pengembangan ini sejalan dengan rencana perpanjangan jalur MRT hingga Kota Tua.

Kepala Divisi Business Planning & Expansion MRT Jakarta R. Samuel Ryan Pradipta Pranowo mengatakan, pengembangan kawasan berbasis Transit Oriented Development (TOD) tidak cukup hanya dengan membangun ruang fisik, tetapi juga perlu dibarengi dengan ruang untuk beraktivitas.

Hal tersebut menjadi bagian dari konsep placemaking dengan menghidupkan kembali kawasan, tidak hanya secara bisnis tetapi juga untuk mendukung kegiatan masyarakat perkotaan. Konsep inilah yang diterapkan di Blok M, dan selanjutnya di Kota Tua.

Placemaking sendiri merupakan proses menciptakan atau menghidupkan sebuah ruang sehingga ruang tersebut menjadi tempat yang punya fungsi, karakter, aktivitas, dan makna bagi orang yang menggunakannya.

""Area kota tua itu akan kami revitalisasi juga. Mudah-mudahan tetap hidup dengan mempertahankan identitas heritage-nya. Jadi heritage Chinatown-nya, Little Amsterdam-nya itu nggak hilang, tapi tetap area-nya akan dibuat hidup dengan kombinasi retail, komunitas, dan lain sebagainya."" ujar Samuel, dalam acara Workshop MRT Fellowship 2026 di Wisma Nusantara, Jakarta, Rabu (9/9/2026).

Dalam konsep besar dari placemaking sendiri, pengembangan kawasan mengacu pada karakter dan demografi dari kawasan tersebut sehingga setiap tempat punya 'soul' atau jiwa. Hal ini yang menjadi identitas sekaligus keunikan dari tempat-tempat tersebut.

Samuel menjelaskan, salah satu kunci untuk mengembangkan kawasan dengan konsep ini ialah melalui activity generation partnership, mendorong aktivtas dengan melibatkan komunitas di kawasan tersebut. Konsep ini mengakomodasi masyarakat yang ingin berkumpul dan beraktivitas.

Seperti halnya di Blok M, yang memiliki beragam aktivitas komunitas di dalamnya. Blok M saat ini terus berkembang, tidak hanya sebagai tempat berkumpul dan beraktivtas, tetapi juga menjadi pusat kuliner dan lifestyle.

Di Blok M, identitas kawasan dibangun sebagai urban youth hub untuk anak muda, sekaligus membawa unsur nostalgia bagi generasi terdahulu. Sementara di Kota Tua, lanjut Samuel, elemen Glodok, Pecinan, dan heritage tetap dipertahankan.

Selain itu, di beberapa area di kawasan tersebut juga akan dikombinasikan dengan unsur yang lebih modern atau futuristik, mengingat kawasan Glodok juga dulunya dikenal dengan pusat elektronik. Heritage dan modern merupakan dua sisi yang berlawanan, tetapi akan dikombinasikan di dalam kawasan tersebut.

""Terkait komunitas apa, misalnya tadi di Kota Tua nanti akan banyak heritage, movie, dan seni. Mungkin komunitas pertama yang akan ditargetkan pertama untuk dirangkul. Misalkan komunitas yang suka ngelukis, art performer. Jadi setelah placemaking ditentukan temanya, komunitas sekitar dirangkul, nanti berikutnya baru komunitas yang sesuai tema itu akan dirangkul juga dari luar,"" ujar Samuel.

Pengembangan placemaking tersebut nantinya akan berjalan seiring dengan pembangunan MRT menuju Kota Tua. Samuel belum merincikan kapan revitalisasi kawasan akan dimulai, mengingat saat ini pembangunan masih berfokus pada penyelesaian Stasiun Thamrin dan Monas yang ditargetkan beroperasi pada Desember 2027.

Revitalisasi kawasan Kota Tua kemungkinan akan dilakukan setelah jalur MRT Jakarta tersambung hingga kawasan tersebut. Adapun dalam rencana besarnya, jalur MRT North-South ditargetkan tembus ke Kota Tua pada 2029 mendatang.

""(Mulai revitalisasi kawasan) Kota itu akan seiring sejalan dengan target kami 2029, kota sudah dibuka. Nah sebetulnya setelah Extended Concourse, tahun depan, di Desember itu mungkin palcemaking terdekat ada di Thamrin sama di Monas. Karena stasiun Thamrin dan Monas itu target beroperasinya di bulan Desember,"" katanya."
Berita Ekonomi Bisnis,"RUU Ketenagakerjaan Dinilai Jauh dari Harapan, Buruh Besok Demo Besar",https://finance.detik.com/berita-ekonomi-bisnis/d-8656192/ruu-ketenagakerjaan-dinilai-jauh-dari-harapan-buruh-besok-demo-besar,"Rabu, 09 Sep 2026 22:36 WIB",4 jam yang lalu,https://awsimages.detik.net.id/community/media/visual/2026/01/08/buruh-demo-tolak-ump-2026-minta-upah-layak-1767860482938_43.jpeg?w=210&q=90,"Koalisi Besar Perjuangan Buruh Indonesia (KBPBI) akan menggelar aksi serentak di 30 kota/kabupaten pada Kamis (10/9/2026). Aksi tersebut melibatkan sekitar 50 ribu buruh.

Selain menggelar aksi, massa buruh juga akan melakukan audiensi dengan DPRD, pemerintah kabupaten/kota maupun pemerintah provinsi untuk menyampaikan aspirasi terkait substansi RUU tersebut.

Ketua Umum Konfederasi Aliansi Serikat Buruh Indonesia (KASBI) Sunarno mengatakan, aksi tersebut merupakan bentuk pengawalan terhadap pembahasan RUU Ketenagakerjaan yang dinilai masih jauh dari harapan pekerja. Buruh menilai masih terdapat sejumlah persoalan krusial yang belum terakomodasi.

""10 September 2026 kami akan melakukan aksi pengawalan di berbagai daerah di Indonesia. Setidaknya ada 30 daerah kota/kabupaten yang akan melakukan aksi turun ke jalan. Untuk estimasi besok sebagai aksi permulaan, perkiraan ada sekitar 50.000 buruh,"" kata Sunarno dalam keterangan tertulis, Rabu (9/9/2026).

Sementara itu, Ketua Umum Gerakan Serikat Buruh Indonesia (GSBI) Rudi HB Daman menegaskan RUU inisiatif DPR masih belum menjawab persoalan utama buruh. Menurut Rudi, sejumlah ketentuan dalam RUU tersebut dinilai masih mempertahankan semangat Omnibus Law yang selama ini ditolak oleh kalangan buruh.

""RUU inisiatif DPR ini adalah masih jauh dari harapan buruh. Undang-undang ini salah satunya masih memiliki semangat Omnibus Law,"" kata Rudi.

Dia mencontohkan ketentuan mengenai pemagangan yang dinilai berpotensi menjadi skema baru politik upah murah dan praktik outsourcing. KBPBI, kata Rudi, meminta skema pemagangan dihapuskan. Jika tetap diatur, pemagangan seharusnya hanya diperuntukkan bagi siswa dan mahasiswa dalam konteks pendidikan dengan durasi maksimal tiga bulan.

Selain pemagangan, persoalan lain yang disoroti adalah Perjanjian Kerja Waktu Tertentu (PKWT). Rudi menyebut RUU tersebut masih mengatur PKWT hingga empat tahun.

""Di Koalisi Besar, itu tuntutan kita adalah dihapuskan. Tapi kita memberikan kompromi kepada pemerintah, kepada DPR, kalaupun diatur hanya satu tahun,"" ujarnya.

Rudi juga mengkritik banyaknya ketentuan dalam RUU yang didelegasikan kepada pemerintah melalui Peraturan Pemerintah, Peraturan Presiden, maupun Peraturan Menteri. Berdasarkan catatan yang disampaikannya, terdapat sekitar 43 pasal yang didelegasikan kepada Peraturan Pemerintah, 16 pasal kepada Peraturan Menteri, dan sekitar tiga pasal kepada Peraturan Presiden.

""Ketika undang-undang banyak mendelegasikan kepada Peraturan Pemerintah, maka esensi demokratisasinya itu hilang,"" tegasnya.

Persoalan pengupahan juga menjadi perhatian buruh. Rudi menilai formula upah minimum yang masih menggunakan variabel alfa berpotensi kembali memicu polemik di kalangan pekerja.

Karena itu, KBPBI mendesak pemerintah dan DPR tidak menggunakan alfa dalam penetapan upah minimum, melainkan menggunakan indeks tertentu yang dinilai lebih menjamin peningkatan kesejahteraan pekerja.

Rudi menegaskan, aksi pada 10 September merupakan bentuk penampungan aspirasi basis buruh di daerah sekaligus peringatan kepada DPR dan pemerintah agar membuka ruang perbaikan terhadap RUU tersebut.

Menurutnya, sejumlah basis buruh di daerah sebenarnya telah mendesak agar aksi besar langsung digelar di Jakarta. Namun, pimpinan serikat buruh masih memilih menempuh komunikasi dan memberikan ruang kepada DPR serta pemerintah untuk merespons tuntutan mereka.

""Kita sebenarnya kawan-kawan daerah ini sudah mendesak untuk segera bergerak ke Jakarta,"" katanya."
Berita Ekonomi Bisnis,Menaker soal Formula Upah Minimum 2027: Tunggu Aja!,https://finance.detik.com/berita-ekonomi-bisnis/d-8656183/menaker-soal-formula-upah-minimum-2027-tunggu-aja,"Rabu, 09 Sep 2026 22:22 WIB",4 jam yang lalu,https://awsimages.detik.net.id/community/media/visual/2026/04/09/menaker-yassierli-1775719774015_43.jpeg?w=210&q=90,"Kalangan buruh mulai menghitung besaran kenaikan upah minimum tahun 2027. Sejumlah kelompok buruh mengusulkan kenaikan upah minimum naik sebesar 7% hingga 9%.

Lantas apakah pemerintah sudah menghitung formula upah minimum tahun 2027?

Menteri Ketenagakerjaan Yassierli menyampaikan bahwa saat ini pemerintah tengah melakukan pembahasan terkait formula upah minimum. Dalam pembahasan tersebut, usulan dari berbagai pihak akan ditampung.

""Tunggu aja, kita usulkan dulu,"" kata Yassierli saat ditanya terkait formula upah minimum, Rabu (9/9/2026).

Saat ditanya apakah pembahasan formula upah minimum 2027 akan berkaitan dengan revisi Undang-Undang Ketenagakerjaan, Yassierli mengatakan pemerintah juga akan mengupayakannya masuk dalam kerangka tersebut.

""(Pakai UU Ketenagakerjaan) Kita usahakan juga,"" ujarnya.

Sebelumnya, Presiden Konfederasi Serikat Pekerja Indonesia (KSPI) Said Iqbal mengusulkan kenaikan upah minimum harus tetap mempertimbangkan inflasi, pertumbuhan ekonomi, dan indeks tertentu atau alfa. Ia mengusulkan indeks alfa sebesar 0,5 sampai 0,9.

""Buruh akan mengusulkan kenaikan upah minimum 2027 berdasarkan inflasi, pertumbuhan ekonomi, dan indeks tertentu. Indeks tertentu yang kami usulkan dari buruh setidak-tidaknya dari KSPI dan KSP-PB adalah 0,5 sampai 0,9,"" kata Said di kompleks DPR RI Senayan, Jakarta, Senin (7/9/2026).

Ia memperkirakan inflasi berada di kisaran 3%, sedangkan rata-rata pertumbuhan ekonomi sekitar 5,2-5,3%. Berdasarkan perhitungan tersebut, Said memperkirakan kenaikan upah minimum 2027 dapat berada pada kisaran 7,5% hingga 8,5%.

""Kalau diambil rata-rata (pertumbuhan ekonomi) 5,2% atau 5,3%, ditambah inflasi 3 sekian persen, kita udah ketemu tuh kira-kira 8,4% atau 8,5%. Dikalikan aja 0,9 (alfa). Maka bisa diperkirakan kenaikan upah minimum 2027 itu adalah berkisar 7,5% sampai dengan 8,5%,"" jelas dia.

Sebagai informasi, penghitungan kenaikan upah minimum 2026 menggunakan formula inflasi + (pertumbuhan ekonomi x alfa). Pemerintah menetapkan rentang alfa sebesar 0,5-0,9.

Alfa merupakan indeks tertentu yang menggambarkan kontribusi tenaga kerja terhadap pertumbuhan ekonomi. Besaran alfa menjadi salah satu komponen yang menentukan persentase kenaikan upah minimum.

Namun, Said menegaskan usulannya masih berupa perkiraan. Besaran usulan masih menunggu data resmi Badan Pusat Statistik (BPS) mengenai inflasi dan pertumbuhan ekonomi yang menjadi dasar penghitungan upah minimum.

""Tentu menunggu laporan resmi BPS tentang inflasi dan pertumbuhan ekonominya, dihitung bukan tahun kalender tapi tahun takwim. September 2025 sampai Oktober 2026. Berarti menunggu BPS. Kan kita belum tau September dan Oktober berapa inflasi dan berapa pertumbuhan ekonominya,"" jelas dia.

Sementara itu, Presiden Konfederasi Serikat Pekerja Nusantara (KSPN) Ristadi menyoroti kesenjangan upah minimum antardaerah yang dinilai semakin lebar. Ristadi mencontohkan upah minimum di Cirebon sekitar Rp 2,8 juta, sedangkan Kota Bekasi sudah mencapai sekitar Rp 5,9 juta.

""Selisihnya sudah 100% lebih, misal Cirebon Rp 2,8 juta, di kota Bekasi sudah Rp 5,9 juta, ini sudah termasuk ekstrem. Maka secara prinsip KSPN sedang meminta reformasi aturan upah minimum melalui UU Ketenagakerjaan yang baru yang sedang proses dibahas di DPR,"" kata Ristadi dihubungi detikcom.

Dengan skema tersebut, pekerja pada sektor industri sejenis akan memiliki upah minimum yang sama di seluruh Indonesia. Sistem tersebut dinilai dapat memberikan keadilan bagi pekerja sekaligus menciptakan persaingan yang lebih sehat bagi pengusaha.

Namun, apabila sistem pengupahan tahun depan masih menggunakan formula yang berlaku saat ini, KSPN mengusulkan persentase kenaikannya tidak disamaratakan di seluruh Indonesia.

KSPN mengusulkan kenaikan upah minimum dibagi menjadi tiga kategori. Berikut rinciannya:

1. Upah Minimum di atas Rp 4,5 juta= 3,5% + (5,7% x 0,6)= 3,5% + 3,42%= 6,92% bulatkan 7%

2. Upah Minimum Rp 3,5 juta sampai dengan Rp 4,5 juta= 3,5% + (5,7% x 0,8)= 3,5% + 4,56%= 8,06% bulatkan 8%

3. Upah Minimum di bawah Rp 3,5 juta= 3,5% + (5,7% x 1)= 3,5% + 5,7%= 9,2%"
Berita Ekonomi Bisnis,Ini Kesalahan Promosi di WhatsApp yang Bikin Calon Customer Kabur,https://finance.detik.com/berita-ekonomi-bisnis/d-8656172/ini-kesalahan-promosi-di-whatsapp-yang-bikin-calon-customer-kabur,"Rabu, 09 Sep 2026 22:11 WIB",5 jam yang lalu,https://awsimages.detik.net.id/community/media/visual/2026/09/09/detikevent-whatsapp-marketing-1788966625671_43.jpeg?w=210&q=90,"WhatsApp bisa menjadi salah satu channel paling efektif untuk berkomunikasi dengan calon customer. Tapi kalau digunakan dengan cara yang kurang tepat, broadcast WhatsApp justru bisa membuat orang merasa terganggu dan memilih mengabaikan pesan dari bisnis kamu.

Salah satu kesalahan yang masih sering dilakukan pelaku usaha adalah mengirim pesan promosi dengan pola yang sama berulang kali.

Mulai dari judul dengan huruf kapital semua, harga yang dicoret, hingga ajakan ""order sekarang"" tanpa memberikan konteks yang membuat customer merasa pesan tersebut memang relevan untuk mereka.

Padahal, broadcast WhatsApp seharusnya tidak hanya berisi promosi. Cara menyusun pesan, memilih informasi yang disampaikan, hingga menentukan waktu pengiriman juga bisa memengaruhi respons calon customer.

Broadcast Terlalu Promosi Bisa Terasa Seperti Spam

Ketika setiap pesan yang masuk hanya berisi penawaran, diskon, atau ajakan membeli, customer bisa merasa bahwa mereka sedang menerima spam, bukan sedang mendapatkan informasi yang bermanfaat.

Pesan yang terlalu berjualan juga berisiko membuat penerima kehilangan ketertarikan untuk membuka pesan berikutnya. Dalam jangka panjang, hal ini dapat mempengaruhi hubungan bisnis dengan customer dan membuat komunikasi melalui WhatsApp menjadi kurang efektif.

Belajar Membuat Broadcast WhatsApp yang Lebih Efektif

Kalau kamu masih bingung bagaimana membuat broadcast yang tidak terasa seperti spam, kelas WhatsApp Marketing: Maksimalin Cuan, Cuma Pakai WhatsApp Doang!!! Batch 3 bisa menjadi salah satu pilihan untuk mempelajari strateginya.

Kelas online yang berlangsung pada Jumat, 18 September 2026 ini akan membahas cara menyusun broadcast yang informatif tanpa menghilangkan tujuan penjualan. Peserta juga akan mempelajari copywriting melalui studi kasus yang dekat dengan kebutuhan pelaku bisnis sehari-hari.

Cocok untuk Pelaku Usaha yang Ingin Maksimalkan WhatsApp

Kelas ini ditujukan untuk pemilik usaha yang sudah menggunakan WhatsApp sebagai salah satu channel penjualan maupun yang baru ingin membangun sistem komunikasi digital dari awal.

Kalau selama ini broadcast WhatsApp kamu belum memberikan hasil yang maksimal, mungkin masalahnya bukan pada produknya, tetapi pada cara pesan tersebut disampaikan.

Yuk, daftarkan dirimu melaluidetikevent!"
Berita Ekonomi Bisnis,Pembukuan Usaha Jasa Kamu Masih Manual? Pelajari Accurate Lewat Pelatihan Ini!,https://finance.detik.com/berita-ekonomi-bisnis/d-8656160/pembukuan-usaha-jasa-kamu-masih-manual-pelajari-accurate-lewat-pelatihan-ini,"Rabu, 09 Sep 2026 22:03 WIB",5 jam yang lalu,https://awsimages.detik.net.id/community/media/visual/2026/09/08/detikevent-accurate-service-company-1788883745552_43.jpeg?w=210&q=90,"Masih pakai Excel atau bahkan catatan tulisan tangan buat pembukuan usaha jasa kamu? Risikonya bukan cuma buang waktu, tapi juga rawan salah hitung yang berujung ke keputusan bisnis yang keliru.

ACCURATE FOR SERVICE COMPANY: Pelatihan Akuntansi Jasa Berbasis Accurate Batch 4 hadir buat pelaku usaha jasa yang mau naik level dari pencatatan manual ke sistem digital yang lebih rapi dan real-time.

Kenapa Harus Migrasi dari Manual ke Sistem Digital

Pencatatan manual gampang human error, susah ditelusuri kalau ada selisih, dan bikin laporan keuangan telat setiap kali dibutuhkan mendadak, misalnya buat ajukan pinjaman atau evaluasi bulanan. Software akuntansi seperti Accurate bantu proses ini jadi lebih cepat dan minim drama.

Yang Dipelajari di Pelatihan Ini

Digelar Rabu, 16 September 2026 hingga Jumat, 18 September 2026, pukul 18.30-20.30 WIB, secara online, pelatihan ini mengajak peserta praktik langsung mengelola transaksi usaha jasa di Accurate. Mulai dari pencatatan penjualan jasa, kas dan bank, transaksi penyesuaian, sampai alur lengkap laporan keuangan siap pakai.

Siapa yang Cocok Ikut

Pelatihan ini pas buat pelaku usaha jasa yang masih mengandalkan cara manual, staf administrasi dan keuangan yang mau upgrade skill, sampai mahasiswa akuntansi yang mau paham sistem kerja software akuntansi sungguhan, bukan cuma teori di kelas.

Jangan tunggu laporan makin berantakan. Amankan slot pelatihan Accurate for Service Company Batch 4 sekarang didetikevent."
Berita Ekonomi Bisnis,Prabowo Ungkap Kata Pakar: 2050 RI Negara Keempat Ekonomi Terbesar Dunia,https://finance.detik.com/berita-ekonomi-bisnis/d-8656126/prabowo-ungkap-kata-pakar-2050-ri-negara-keempat-ekonomi-terbesar-dunia,"Rabu, 09 Sep 2026 21:15 WIB",6 jam yang lalu,https://awsimages.detik.net.id/community/media/visual/2026/09/09/presiden-prabowo-subianto-dalam-hut-ke-25-demokrat-1788961314954_43.png?w=210&q=90,"Presiden Prabowo Subianto menyebut pakar dan institusi dunia meramalkan bahwa Indonesia akan menjadi negara dengan ekonomi terbesar keempat dunia pada 2050.

Hal ini diungkapkan Prabowo dalam acara perayaan HUT Ke-25 Partai Demokrat yang disaksikan secara virtual, Rabu (9/9/2026).

""Semua pakar, semua institusi dunia menyampaikan bahwa Indonesia tahun 2050 akan menjadi negara keempat. Kita akan menjadi negara keempat ekonominya terbesar di dunia. Mereka mengatakan kita akan menjadi one of the great powers,"" ujar Prabowo.

Namun di sisi lain, Prabowo mengatakan, dari omongan para pakar tersebut juga bahwa masyarakat Indonesia terkadang belum menyadari besarnya potensi yang dimiliki Indonesia.

""Mereka mengatakan kadang-kadang orang Indonesia ini tidak sadar betapa besar dan betapa potensi kuat kita,"" kata Prabowo.

Prabowo menambahkan pada masa Indonesia menjadi negara dengan ekonomi terbesar keempat di dunia nanti, para pemimpinnya adalah generasi muda saat ini.

Dengan begitu, tugas pemerintah saat ini adalah membuat suatu pondasi yang kuat untuk generasi anak-anak muda Indonesia.

""Yang ingin saya sampaikan, 2050 adalah 24 tahun lagi. 24 tahun lagi itu adalah masa yang muda-muda. Pak SBY dan saya, ya kita generasi ibarat kami adalah anak tangga yang akan digunakan oleh generasi yang lebih muda kita untuk naik, untuk mengambil alih tanggung jawab, untuk meneruskan kebangkitan bangsa Indonesia,"" terang Prabowo."
Moneter,Kapan Pembukaan Rekening buat Masyarakat Dimulai? Ini Jawabannya,https://finance.detik.com/moneter/d-8656071/kapan-pembukaan-rekening-buat-masyarakat-dimulai-ini-jawabannya,"Rabu, 09 Sep 2026 20:47 WIB",6 jam yang lalu,https://awsimages.detik.net.id/community/media/visual/2026/08/20/jaga-pertumbuhan-ekonomi-nasional-pemerintah-perkuat-sektor-strategis-1787215028622_43.jpeg?w=210&q=90,"Pemerintah menyiapkan program pembukaan rekening untuk masyarakat. Kebijakan ini merupakan perintah Presiden Prabowo Subianto kepada jajarannya dalam rapat terbatas soal pertumbuhan ekonomi Senin (7/9/2026).

Menteri Koordinator Perekonomian Airlangga Hartarto mengatakan pembukaan rekening ini akan dibahas bersama Bank Indonesia (BI) dan Otoritas Jasa Keuangan (OJK).

""Kita akan siapkan dalam waktu dekat. Roll out-nya kita akan bahas dengan BI dan OJK,"" ujar Airlangga di Kompleks Istana Kepresidenan, Jakarta Pusat, Rabu (9/9/2026).

Dia mengatakan masih perlu ada rapat teknis untuk membentuk regulasinya kemudian masuk dalam program Dewan Nasional Keuangan Inklusif.

""Kita siapkan. Mungkin nanti sesudah dirapatkan teknis, kita siapkan regulasinya, masuk ke dalam Dewan Nasional Keuangan Inklusif, kemudian baru sesudah itu kita buatkan timeline-nya,"" terang Airlangga.

Airlangga menambahkan sebelum akhir tahun ini persiapan pembukaan rekening untuk masyarakat sudah bisa dimulai.

""Insyaallah, kita sudah bisa mulai,"" tutur Airlangga."
Berita Ekonomi Bisnis,Kopdes Merah Putih Bakal Gandeng PNM dan PT Pos,https://finance.detik.com/berita-ekonomi-bisnis/d-8656057/kopdes-merah-putih-bakal-gandeng-pnm-dan-pt-pos,"Rabu, 09 Sep 2026 20:33 WIB",6 jam yang lalu,https://awsimages.detik.net.id/community/media/visual/2026/07/06/lokasi-kopdes-merah-putih-di-atas-gunungmasigit-1783335021447_43.jpeg?w=210&q=90,"Koperasi Desa/Kelurahan Merah Putih bakal menggandeng BUMN untuk memperkuat layanan. BUMN itu adalah PT Permodalan Nasional Madani (PNM) dan PT Pos Indonesia.

Chief Operation Officer Danantara sekaligus Kepala Badan Pengaturan BUMN Dony Oskaria mengatakan PNM nantinya akan membuka kantor di Kopdes. PNM menyalurkan pembiayaan kepada masyarakat desa dengan bunga yang lebih rendah.

Langkah ini dilakukan guna memutus mata rantai rentenir.

""Kita ingin memutus mata rantai rentenir di desa. PNM nanti akan membuka kantor di Koperasi Desa. Dalam rangka apa? Menyalurkan kredit untuk menghindari adanya, sekarang kan banyak ya saudara-saudara kita kena rentenir dan lain sebagainya. Nanti dengan bunga 8%. Ya, jadi dia akan menjadi collecting agent dan juga distribution agent-nya,"" jelas Dony saat ditemui di Kantor Kementerian Keuangan, Jakarta, Rabu (9/9/2026).

Kopdes juga akan menjadi agen layanan logistik yang diharapkan dapat mempermudah masyarakat dalam mengirimkan barang. Di mana Kopdes akan berkerja sama dengan PT Pos Indonesia.

""Kemudian juga, untuk teman-teman saudara-saudara kita, sekarang kan eranya itu era online kan, yang berbisnis di desa, lalu bagaimana kalau ada order pick-up-nya? PT Pos Indonesia akan bekerja sama dengan seluruh Koperasi Desa menjadi channel untuk logistik, agennya logistik PT Pos Indonesia,"" kata Dony.

Kemudian, Kopdes Merah Putih juga akan menjadi menjadi tempat bagi masyarakat untuk menarik uang dan setor tunai. Dalam hal ini Kopdes akan menjadi agennya BRILink.

""Sekarang ini kan banyak orang tidak punya akses perbankan masyarakat kita. Nah, nanti dengan adanya Kopdes, Kopdes ini akan menjadi BRILink, akan menjadi agennya BRILink. Di mana masyarakat desa bisa melakukan penarikan dan setoran uang di situ,"" terang Dony."
Infrastruktur,"Otorita IKN Minta Tambah Rp 15,8 Triliun, Purbaya Jawab Begini",https://finance.detik.com/infrastruktur/d-8656017/otorita-ikn-minta-tambah-rp-15-8-triliun-purbaya-jawab-begini,"Rabu, 09 Sep 2026 20:15 WIB",7 jam yang lalu,https://awsimages.detik.net.id/community/media/visual/2026/03/22/ikn-buka-kunjungan-selama-libur-lebaran-2026-1774143191357_43.jpeg?w=210&q=90,"Menteri Keuangan Purbaya Yudhi Sadewa mengaku belum menerima usulan anggaran tambahan dari Otorita Ibu Kota Nusantara (OIKN). Tambahan anggaran yang diajukan sebesar Rp 15,8 triliun untuk pagu indikatif OIKN tahun 2027.

Purbaya juga belum memberikan lampu hijau untuk penambahan anggaran pembangunan IKN. Ia mengaku akan terlebih dahulu mempelajari usulan anggaran tersebut.

""Saya nggak tahu, saya harus lihat dulu suratnya seperti apa, alasan seperti apa,"" ungkap Purbaya kepada wartawan di kantor Kemenkeu, Jakarta, Rabu (9/9/2026).

Sebagai informasi, tambahan anggaran diusulkan oleh Sekretaris OIKN Bimo Adi Nursanthyasto, dalam rapat bersama Komisi II pada Selasa (1/9) kemarin. Tambahan anggaran tersebut akan dialokasikan untuk pembangunan fisik, sarana dan prasarana pendukung pembangunan IKN batch II-III.

Dalam rapat tersebut, Bimo menjelaskan pagu indikatif OIKN baru tercatat sebesar Rp 6,7 triliun. Padahal total kebutuhan anggaran untuk pembangunan IKN mencapai Rp 22,5 triliun.

""Dari total kebutuhan anggaran Otorita IKN tahun anggaran 2027 sebesar Rp 22,5 triliun telah dialokasikan dalam pagu indikatif sebesar Rp 6,7 triliun sehingga masih terdapat kebutuhan tambahan anggaran sebesar Rp 15,8 triliun yang terdiri dari pembangunan IKN batch kedua sebesar Rp 7,22 triliun, pembangunan IKN batch ketiga sebesar Rp 8,57 triliun,"" ungkap Bimo dikutip dari YouTube TV Parlemen."
Berita Ekonomi Bisnis,"Bulog Minta Jatah Minyakita 100%, Mendag Tegaskan UMKM Harus Kebagian",https://finance.detik.com/berita-ekonomi-bisnis/d-8655884/bulog-minta-jatah-minyakita-100-mendag-tegaskan-umkm-harus-kebagian,"Rabu, 09 Sep 2026 20:00 WIB",7 jam yang lalu,https://awsimages.detik.net.id/community/media/visual/2026/08/20/menteri-perdagangan-mendag-budi-santoso-1787211883943_43.jpeg?w=210&q=90,"Menteri Perdagangan (Mendag) Budi Santoso alias Busan menegaskan pihaknya belum berencana melakukan perubahan kebijakan terkait persentase penyaluran Minyakita hasil domestic market obligation (DMO) yang dilakukan oleh BUMN sektor pangan.

Ia menjelaskan dalam aturan yang ada, BUMN pangan seperti Bulog dan ID FOOD hanya diwajibkan untuk menyalurkan 35% dari seluruh pasokan DMO Minyakita ke masyarakat. Namun dalam praktiknya, para BUMN pangan ini secara total menyalurkan 51% dari produk Minyakita.

Lagi pula menurutnya di luar BUMN, banyak UMKM ikut terlibat sebagai distributor DMO Minyakita. Atas dasar inilah menurutnya tidak perlu meningkatkan persentase DMO Minyakita yang harus disalurkan Bulog dan ID FOOD untuk menjaga usaha-usaha kecil ini.

""Ini kan 35% ya, terus realisasinya kan sudah mencapai 51%. Jadi sementara memang belum 100%, kenapa? Karena juga banyak UMKM, distributor yang lain itu menjadi distributor Minyakita. Jadi kan harus bareng-bareng,"" kata Busan dalam saat ditemui di AEON Mall BSD City, Tangerang, Rabu (9/9/2026).

Ketika ditanya mengenai kemungkinan adanya penyesuaian atau kenaikan aturan penyaluran DMO Minyakita oleh BUMN pangan ke depan, Budi menegaskan bahwa pemerintah masih melihat perkembangan situasi di lapangan secara dinamis.

Sebab pihaknya perlu untuk menjaga keseimbangan penyaluran Minyakita antara BUMN Pangan dan pelaku usaha lainnya.

""Ya sambil berjalan saja, kan dinamikanya seperti itu. Jadi kan sekarang masih UMKM yang berbarengan juga dengan Bulog, dengan ID FOOD, tapi kan nggak ada masalah selama ini ya. Jadi kita juga harus kasih kesempatan kepada UMKM yang lain,"" pungkasnya.

Sebelumnya, Perum Bulog menunggu keputusan Kementerian Perdagangan atas usulan agar porsi penyaluran Minyakita melalui BUMN pangan ditingkatkan menjadi 100% dari realisasi domestic market obligation (DMO).

Direktur Utama Perum Bulog Ahmad Rizal Ramdhani mengatakan usulan peningkatan porsi tersebut telah disampaikan secara tertulis kepada Menteri Perdagangan (Mendag).

""Kami sudah mengajukan secara tertulis kepada Pak Mendag untuk kenaikan DMO untuk BUMN,"" kata Rizal seusai meninjau operasi pasar di Pasar Jatinegara, Jakarta Timur, Sabtu (5/9) seperti dikutip dari Antara.

Rizal mengatakan Bulog mengajukan peningkatan porsi penyaluran hingga 100% sesuai arahan Menteri Pertanian Andi Amran Sulaiman. Menurut Rizal, peningkatan porsi penyaluran melalui BUMN pangan diusulkan untuk memperkuat ketersediaan Minyakita di pasar."
Https:,"Video: #Tanyadetikfinance Pak Purbaya, UMR Sekarang Cukup Nggak buat Kehidupan Gen Z?",https://20.detik.com/detikupdate/20260909-260909048/video-tanyadetikfinance-pak-purbaya-umr-sekarang-cukup-nggak-buat-kehidupan-gen-z,"Rabu, 09 Sep 2026 20:00 WIB",7 jam yang lalu,https://awsimages.detik.net.id/community/media/visual/2026/09/09/pak-purbaya-umr-sekarang-cukup-nggak-buat-kehidupan-gen-z-1788949022840_43.jpeg?w=210&q=90,
Moneter,"BNI Biayai Kopdes Merah Putih, Dinilai Minim Risiko Kredit Macet",https://finance.detik.com/moneter/d-8656006/bni-biayai-kopdes-merah-putih-dinilai-minim-risiko-kredit-macet,"Rabu, 09 Sep 2026 19:49 WIB",7 jam yang lalu,https://awsimages.detik.net.id/community/media/visual/2018/07/28/bb462c7f-0b4a-4501-8faf-d038e168e32b_43.jpeg?w=210&q=90,"Head of Investor Relation PT Bank Negara Indonesia (Persero) Tbk atau BNI, Yohan Setio menilai penyaluran kredit untuk program prioritas pemerintah memiliki risiko yang rendah. Pasalnya pembayaran kredit program pemerintah ditanggung oleh Anggaran Pendapatan dan Belanja Negara (APBN).

Emiten berkode saham BBNI ini menyalurkan kredit untuk salah satu program prioritas pemerintah, yaitu Koperasi Desa/Kelurahan Merah Putih (KDMP).

Perseroan juga memberikan suku bunga kredit yang lebih murah untuk program KDMP, yakni sebesar 6% dari rata-rata sebesar 7%.

""Kalau kita lihat di tahun ini, pemerintah menggarap proyek pembangunan Koperasi Desa Merah Putih melalui Agrinas, yang Bank Himbara berpartisipasi memberikan kredit. Nah, untuk suku bunganya biasanya sedikit lebih rendah dibanding suku bunga komersial, misalkan suku bunga komersial di BNI secara rata-rata kita di angka 7%, untuk proyek ini, Koperasi Desa Merah Putih, sedikit lebih murah hanya 6%,"" ungkap Yohan dalam acara Public Expose virtual, Rabu (9/9/2026).

Suku bunga kredit khusus ini diberikan lantaran sumber pembayaran proyek KDMP ditanggung oleh APBN langsung. Karenanya, profil risiko program tersebut menjadi lebih rendah.

""Untuk proyek seperti ini, sumber pembayarannya akan datang dari APBN secara langsung sehingga profil risikonya secara teori menjadi sangat rendah. Itu menjadi alasan kenapa pricingnya juga bisa menjadi lebih rendah,"" jelasnya.

Di sisi profitabilitas, Yohan mengatakan kredit terhadap program pemerintah masih memiliki margin yang bisa diperoleh Himpunan Bank Milik Negara (Himbara). Namun ia menekankan, BNI tidak mencari profit dalam menyalurkan kredit ke sejumlah program pemerintah.

""Secara profitabilitas, masih ada profit yang bisa dipetik oleh Bank Himbara, tentunya ketika kita menjalankan proyek pemerintah, mencari profit bukan tujuan utama kita. Kita balance antara profit yang wajar dan membangun negara,"" tegasnya."
Berita Ekonomi Bisnis,Kopdes Diklaim Bikin Negara Hemat Rp 150 T-Putus Mata Rantai Rentenir,https://finance.detik.com/berita-ekonomi-bisnis/d-8655921/kopdes-diklaim-bikin-negara-hemat-rp-150-t-putus-mata-rantai-rentenir,"Rabu, 09 Sep 2026 19:45 WIB",7 jam yang lalu,https://awsimages.detik.net.id/community/media/visual/2026/04/14/koperasi-merah-putih-digeber-30-ribu-unit-ditargetkan-jalan-agustus-2026-1776153628799_43.jpeg?w=210&q=90,"Pemerintah bakal menjadikan Koperasi Desa/Kelurahan Merah Putih (Kopdes Merah Putih) sebagai saluran distribusi barang subsidi kepada masyarat. Hal ini dilakukan agar barang subsidi yang diberikan pemerintah benar-benar tepat sasaran.

COO Danantara sekaligus Kepala BP BUMN Dony Oskaria mengatakan dengan penyaluran barang subsidi langsung dari Kopdes Merah Putih ke masyarakat ini akan menekan adanya kebocoran subsidi setelah sistem data penerima subsidi terintegrasi.

Dony mengatakan saat ini, pihaknya bersama Kementerian Keuangan, dan Kementerian Koperasi engah menyiapkan sistem secara daring untuk menekan kebocoran subsidi. Dari perhitungannya bisa menekan Rp 150 triliun per tahun.

""Kami menargetkan kalau ini sudah terjadi nanti ada single data-nya, kebocoran subsidi itu akan berkurang. Tadi kita berdiskusi kita sedang membuat tim antara saya, tim saya, dan tim Pak Purbaya, dan tim Menteri Koperasi, membangun nanti online system yang berdasarkan kepada basis siapa yang berhak untuk menerima subsidi,"" ujarnya saat ditemui di Kantor Kementerian Keuangan, Jakarta, Rabu (9/9/2026).

""Teman-teman bisa bayangkan nanti paling tidak kita bisa menghemat subsidi kita yang tidak tepat sasaran itu sekitar Rp 150 triliun setahun. Jadi mesti dilihat dampaknya,"" sambungnya.

Selain itu, Dony menyebut hadirnya koperasi ini dapat m menjadi instrumen pemerintah untuk mengendalikan harga barang kebutuhan pokok di daerah. Jaringan Kopdes yang tersebar di seluruh desa, dinilai memungkinkan pemerintah melakukan intervensi distribusi ketika terjadi kenaikan harga.

""Dan kedua adalah untuk channel kita menekan inflasi. Kalau terjadi inflasi, orang main-mainin harga, kita punya distribution di seluruh desa. Misalkan harga beras naik, misalkan contohnya. Kita tinggal distribusikan khusus di seluruh Kopdes harga sekian, inflasi bisa kita tekan. Terutama bahan pokok ya. Nah, inilah makanya kita mesti lihat manfaatnya. Jadi lokasinya itu kan memang coverage-nya satu desa itu,"" terangnya.

Kemudian, Kopdes Merah Putih juga akan menjadi menjadi tempat bagi masyarakat untuk menarik uang dan setor tunai. Dalam hal ini Kopdes akan menjadi agennya BRILink.

""Kita ingin memutus mata rantai rentenir di desa. PNM nanti akan membuka kantor di Koperasi Desa. Dalam rangka apa? Menyalurkan kredit untuk menghindari adanya, sekarang kan banyak ya saudara-saudara kita kena rentenir dan lain sebagainya. Nanti dengan bunga 8%. Ya, jadi dia akan menjadi collecting agent dan juga distribution agent-nya,"" ungkap Dony.

Tidak hanya itu, Kopdes nantinya akan menjadi agen layanan logistik yang diharapkan dapat mempermudah masyarakat dalam mengirimkan barang. Di mana Kopdes akan bekerja sama dengan PT Pos Indonesia.

""Kemudian juga, untuk teman-teman saudara-saudara kita, sekarang kan eranya itu era online kan, yang berbisnis di desa, lalu bagaimana kalau ada order pick-up-nya? PT Pos Indonesia akan bekerja sama dengan seluruh Koperasi Desa menjadi channel untuk logistik, agennya logistik PT Pos Indonesia,"" kata Dony."
Foto Bisnis,Berburu Mainan dan Nostalgia Masa Kecil di Kampoeng Mainan Blok M,https://finance.detik.com/foto-bisnis/d-8655963/berburu-mainan-dan-nostalgia-masa-kecil-di-kampoeng-mainan-blok-m,"Rabu, 09 Sep 2026 19:30 WIB",7 jam yang lalu,https://awsimages.detik.net.id/community/media/visual/2026/09/09/berburu-mainan-dan-nostalgia-masa-kecil-di-kampoeng-mainan-blok-m-1788956285282_43.jpeg?w=210&q=90,"Jakarta- Kampoeng Mainan di Blok M Square menjadi tujuan berburu koleksi mainan, dari action figure hingga kartu Pokmon, bagi anak-anak dan kolektor dewasa."
Moneter,"BRI Ditugaskan Buka Rekening Warga RI, Khusus Aceh Lewat BSI",https://finance.detik.com/moneter/d-8655862/bri-ditugaskan-buka-rekening-warga-ri-khusus-aceh-lewat-bsi,"Rabu, 09 Sep 2026 19:30 WIB",7 jam yang lalu,https://awsimages.detik.net.id/community/media/visual/2026/06/18/menteri-hilirisasi-dan-investasi-rosan-roeslani-kamis-1862026-1781790660049_43.jpeg?w=210&q=90,"CEO Badan Pengelola Investasi (BPI) Danantara, Rosan Roeslani menjelaskan soal penugasan Bank Rakyat Indonesia (BRI) dan Bank Syariah Indonesia (BSI) dalam menyediakan rekening untuk masyarakat.

Rosan menjelaskan, pembukaan rekening secara nasional akan dilakukan oleh BRI. Namun khusus wilayah Aceh, pembukaan rekening akan dilakukan oleh BSI.

""Pembukaan rekening di seluruh Indonesia melalui BRI dan untuk Aceh itu khusus dengan BSI bisa terlaksana dengan secepatnya ya,"" kata Rosan saat ditemui di Kompleks Istana Kepresidenan, Jakarta Pusat, Rabu (9/9/2026).

Rosan menyebut manajemen BRI dan BSI sudah berkoordinasi terkait penugasan tersebut. Rosan menyebut mekanisme penyerahan rekening sedang dibahas pemerintah.

""Ya nanti mekanismenya lagi dirancang segera kok,"" ujar Rosan.

Diberitakan sebelumnya, pemerintah bakal memberikan rekening bagi warga berusia 17 tahun. Rekening tersebut akan terisi saldo Rp 50 ribu.

Menurut Menteri Koordinator bidang Perekonomian, Airlangga Hartarto, seluruh saldo bisa dicairkan oleh pemilikinya. Saldo tersebut berasal dari Anggaran Pendapatan dan Belanja Negara (APBN) dengan anggaran Rp 11 triliun.

""Bisa, bisa ditarik,"" kata Airlangga singkat saat ditemui di Kompleks Istana Kepresidenan, Jakarta Pusat, Rabu (9/9/2026)."
Moneter,"Duit APBN Dipakai Biayai Buka Rekening Bank, Purbaya Buka Suara",https://finance.detik.com/moneter/d-8655958/duit-apbn-dipakai-biayai-buka-rekening-bank-purbaya-buka-suara,"Rabu, 09 Sep 2026 19:18 WIB",7 jam yang lalu,https://awsimages.detik.net.id/community/media/visual/2026/08/20/purbaya-1787205133556_43.jpeg?w=210&q=90,"Menteri Keuangan (Menkeu) Purbaya Yudhi Sadewa buka suara soal Anggaran Pendapatan dan Belanja Negara (APBN) dipakai mendanai pembukaan rekening bank. Pembukaan rekening untuk masyarakat merupakan perintah Presiden Prabowo Subianto.

Prabowo menugaskan PT Bank Rakyat Indonesia (Persero) Tbk (BRI) dan PT Bank Syariah Indonesia (Persero) Tbk (BSI) sebagai penyedia rekening bagi masyarakat. Purbaya juga membuka kemungkinan penggunaan APBN sebagai saldo awal pembukaan rekening.

""Mungkin ya. Kan kalau Rp 50 ribu kali sekian saya, nggak banyak-banyak amat lah kalau saya lihat,"" ungkap Purbaya kepada wartawan di kantor Kementerian Keuangan, Jakarta, Rabu (9/9/2026).

Purbaya mengatakan, anggaran tersebut dialokasikan dari cadangan belanja pemerintah. Menurutnya, besaran anggaran tersebut cukup untuk memenuhi kebutuhan saldo awal pembukaan rekening.

""Cadangan belanja pemerintah ada, selalu ada. Saya lihat masih masuk,"" jelasnya.

Diberitakan sebelumnya, Menteri Koordinator Perekonomian Airlangga Hartarto, mengatakan saldo awal pembukaan rekening bersumber dari APBN. Menurut perhitungannya, kira-kira butuh anggaran Rp 11 triliun untuk menjalankan program penyediaan rekening untuk masyarakat.

""Dananya dari APBN. Totalnya, kalau 200 juta penduduk kan berarti kira-kira 600 juta, atau sekitar Rp 11 T lah,"" ujar Airlangga di Kompleks Istana Kepresidenan, Jakarta Pusat, Rabu (9/9/2026)."
Berita Ekonomi Bisnis,Nasib Karyawan Telkom yang Gedungnya Bakal Ditempati BGN,https://finance.detik.com/berita-ekonomi-bisnis/d-8655809/nasib-karyawan-telkom-yang-gedungnya-bakal-ditempati-bgn,"Rabu, 09 Sep 2026 19:00 WIB",8 jam yang lalu,https://awsimages.detik.net.id/community/media/visual/2026/09/08/gedung-graha-merah-putih-1788845167948_43.jpeg?w=210&q=90,"Badan Gizi Nasional (BGN) dalam beberapa bulan ke depan akan pindah kantor ke Gedung Merah Putih (GMP) Telkom di kawasan Gatot Subroto Jakarta. Adapun saat ini kantor BGN masih berada di kawasan Kebon Sirih Jakarta.

Lantas bagaimana dengan nasib karyawan Telkom ketika nanti GMP ditempati BGN?

COO Danantara sekaligus Kepala BP BUMN Dony Oskaria memastikan bahwa karyawan yang selama ini bekerja di gedung tersebut telah disiapkan tempat kerja penggantinya. Tak mungkin kata Dony, jika ada rencana BGN bertempat di GMP tanpa menyiapkan gedung pengganti.

""Kadang-kadang kan kita suka berlebihan. Pasti kalau enggak ada tempatnya enggak mungkin orang dipindahin. Masa mereka kerja di jalan. Ya pasti ada, gedungnya memang sudah dihitung ya kan,"" ujar Dony saat ditemui di Kantor Kementrian Keuangan, Jakarta, Rabu (9/9/2026).

Adapun ketika ditanya terkait dengan adanya kabar di media sosial soal barang-barang yang ada di gedung tersebut sudah ditandai akan digunakan oleh BGN, Dony meminta agar masyarakat tak gampang percaya terkait kabar tersebut. Pasalnya kata Dony, BGN saja belum menempati gedung milik Telkom tersebut.

""Barang-barang yang di-tag itu gimana? Itu kan BGN-nya aja belum masuk. Jadi ya hati-hati juga. Kok di-tag-in pasti ada sewa-menyewanya, tidak ada. Ingat, Telkom itu adalah perusahaan terbuka. Jadi jangan teman-teman juga termakan oleh hal-hal yang perusahaan terbuka, semua prosesnya mengikuti ketentuan yang berlaku sebagai perusahaan terbuka,"" katanya.

""Ada fair value-nya, tidak boleh dan itu dilarang oleh OJK. Nanti kena benturan kepentingan, misalkan harganya di bawah pasar, enggak boleh. Enggak boleh! Apalagi kalau cuma dipakai enggak sewa, ya enggak mungkin. Karena itu kan perusahaan terbuka,"" lanjutnya.

Sebelumnya, Kepala BGN Sudaryono dalam sesi jawaban RDP dengan Komisi IX DPR RI pada Kamis (3/9/2026) membenarkan rencana pemindahan kantor BGN ke Gedung Merah Putih. Dia mengatakan saat ini pihaknya masih berkoordinasi dengan Danantara terkait rencana tersebut.

""Betul, Pak, ini sedang koordinasi dengan Danantara dan dalam waktu dekat ini Badan Gizi Nasional akan menduduki Gedung Graha Merah Putih yang saat ini menjadi kantor Telkom,"" ujar Sudaryono.

Sudaryono menjelaskan jika tak ada aral melintang, perpindahan kantor BGN ke Gedung Merah Putih akan dilakukan dalam satu hingga dua bulan ke depan.

""InsyaAllah dalam satu dua bulan ini kami akan pindah kantor ke Graha Merah Putih,"" terang Sudaryono.

Dalam kesempatan tersebut, ia mengatakan bahwa pegawai yang yang sebelumnya menempati Gedung Merah Putih dan akan digunakan BGN tersebut akan dipindahkan ke gedung Telkom yang berada di sebelahnya.

""Orang yang menempati Gedung Graha Merah Putih itu akan menempati gedung Telkom yang di sebelahnya, gedung yang lebih tinggi lagi,"" katanya."
Moneter,"Warga RI Bakal Dapat Rekening Saldo Rp 50 Ribu, Bisa Dicairkan!",https://finance.detik.com/moneter/d-8655820/warga-ri-bakal-dapat-rekening-saldo-rp-50-ribu-bisa-dicairkan,"Rabu, 09 Sep 2026 18:45 WIB",8 jam yang lalu,https://awsimages.detik.net.id/community/media/visual/2025/08/21/ilustrasi-rekening-dan-atm-1755758937413_43.jpeg?w=210&q=90,"Pemerintah bakal memberikan rekening bagi warga berusia 17 tahun dari Bank Rakyat Indonesia (BRI) dan Bank Syariah Indonesia (BSI). Rekening tersebut akan terisi saldo Rp 50 ribu.

Menurut Menteri Koordinator bidang Perekonomian, Airlangga Hartarto, seluruh saldo tersebut bisa dicairkan oleh pemiliknya. Sebagai informasi, pemberian rekening untuk masyarakat merupakan salah satu upaya pemerintah meningkatkan inklusi keuangan.

""Bisa, bisa ditarik,"" kata Airlangga singkat saat ditemui di Kompleks Istana Kepresidenan, Jakarta Pusat, Rabu (9/9/2026).

Saldo tersebut berasal dari Anggaran Pendapatan dan Belanja Negara (APBN). Total anggaran yang disiapkan untuk sekitar 200 juta penduduk mencapai Rp 11 triliun.

Pemerintah melarang saldo rekening tersebut disalahgunakan untuk judi online atau judol. Menurut Airlangga, pihak yang menyalahgunakan akan langsung ditangkap pihak berwajib.

""Nah, kalau judol kan langsung ditangkap,"" tegas Airlangga.

Rekening sendiri akan diterima masyarakat secara otomatis tanpa pergi ke bank. Dalam hal ini pemerintah akan memanfaatkan data Kependudukan dan Pencatatan Sipil (Dukcapil).

""Otomatis dapat. Nanti kita kerja sama dengan Dukcapil ya, mengenai data-data ini kayaknya,"" terang Airlangga.

Nantinya akan ada teknis terkait pembuatan rekening dari pemerintah. Menurut Airlangga, BRI dan BSI telah memiliki program yang mendukung hal tersebut. Selain itu, kebijakan serupa pernah diterapkan pemeritah sebelumnya.

""Nanti akan ada teknisnya seperti apa. Karena kan BI, bank BSI maupun BRI sudah punya programnya. Dan sebetulnya kami pernah lakukan juga di periode sebelumnya dengan berbagai program yang direct dari Menteri Keuangan ke rekening masing-masing orang,"" tutup Airlangga."
Moneter,Pemilik KTP Baru Usia 17 Tahun Otomatis Dibuatkan Rekening BRI atau BSI,https://finance.detik.com/moneter/d-8655777/pemilik-ktp-baru-usia-17-tahun-otomatis-dibuatkan-rekening-bri-atau-bsi,"Rabu, 09 Sep 2026 18:30 WIB",8 jam yang lalu,https://awsimages.detik.net.id/community/media/visual/2025/08/21/ilustrasi-rekening-dan-atm-1755758937413_43.jpeg?w=210&q=90,"Chief Executive Officer (CEO) BPI Danantara, Rosan Roeslani, merespons rencana pemerintah memberikan rekening bank bagi warga negara Indonesia yang telah berusia 17 tahun dan memiliki Kartu Tanda Penduduk (KTP).

Rosan mengatakan pemerintah telah menunjuk dua bank pelat merah sebagai penyedia rekening, yakni PT Bank Rakyat Indonesia (Persero) Tbk (BRI) dan PT Bank Syariah Indonesia Tbk (BSI).

""Iya memang sudah BRI dan BSI,"" kata Rosan saat ditemui di Istana Kepresidenan, Jakarta Pusat, Rabu (9/9/2026).

Untuk itu pemerintah bersama Danantara dan manajemen perbankan terkait telah melakukan koordinasi dan kajian bersama agar program tersebut dapat berjalan dengan baik di seluruh pelosok Tanah Air.

""Memang dari manajemennya juga sudah berkoordinasi, untuk apa? melakukan rencananya agar akselerasi dari pembukaan rekening di seluruh Indonesia melalui BRI dan untuk Aceh itu khusus dengan BSI bisa terlaksana dengan secepatnya,"" jelasnya.

Mengenai ketetapan saldo awal pembukaan rekening sebesar Rp 50.000 hingga sumber pendanaan, Rosan menyebutkan hal itu masih dalam tahap penyusunan. Ia juga tidak merinci lebih jauh kapan program ini akan dimulai hingga teknis pendaftarannya di lapangan.

""Ya nanti mekanismenya lagi dirancang segera kok,"" ujarnya singkat."
Moneter,Warga Usia 17 Tahun Bakal Otomatis Dapat Rekening tanpa Pergi ke Bank,https://finance.detik.com/moneter/d-8655804/warga-usia-17-tahun-bakal-otomatis-dapat-rekening-tanpa-pergi-ke-bank,"Rabu, 09 Sep 2026 18:15 WIB",9 jam yang lalu,https://awsimages.detik.net.id/community/media/visual/2026/08/14/menteri-koordinator-bidang-perekonomian-indonesia-airlangga-hartanto-1786705669875_43.png?w=210&q=90,"Menteri Koordinator bidang Perkeonomian, Airlangga Hartarto menjelaskan soal mekanisme pembuatan rekening Bank Rakyat Indonesia (BRI) danBank Syariah Indonesia (BSI). Pembuatan rekening tersebut merupakan perintah langsung dari Presiden Prabowo Subianto.

Airlangga menjelaskan, masyarakat berusia 17 tahun akan menerima rekening secara otomatis tanpa pergi ke bank. Dalam hal ini pemerintah akan memanfaatkan data Kependudukan dan Pencatatan Sipil (Dukcapil).

""Otomatis dapat. Nanti kita kerja sama dengan Dukcapil ya, mengenai data-data ini kayaknya,"" kata Airlangga saat ditemui di Kompleks Istana Kepresidenan, Jakarta Pusat, Rabu (9/9/2026).

Nantinya akan ada teknis terkait pembuatan rekening dari pemerintah. Menurut Airlangga, BRI dan BSI telah memiliki program yang mendukung hal tersebut. Selain itu, kebijakan serupa pernah diterapkan pemeritah sebelumnya.

""Nanti akan ada teknisnya seperti apa. Karena kan BI, bank BSI maupun BRI sudah punya programnya. Dan sebetulnya kami pernah lakukan juga di periode sebelumnya dengan berbagai program yang direct dari Menteri Keuangan ke rekening masing-masing orang,"" tuturnya.

Terkait kapan program ini dimulai, Airlangga belum merinci. Namun ia menyebut perlu ada rapat teknis dalam mempersiapkan regulasi lengkapnya.

""Kita siapkan. Mungkin nanti sesudah dirapatkan teknis, kita siapkan regulasinya, masuk ke dalam Dewan Nasional Keuangan Inklusif, kemudian baru sesudah itu kita buatkan timeline-nya,"" tutup Airlangga."
Berita Ekonomi Bisnis,"Cicilan Kopdes Merah Putih Pakai Duit Negara, Purbaya Jamin Nggak Gagal Bayar",https://finance.detik.com/berita-ekonomi-bisnis/d-8655808/cicilan-kopdes-merah-putih-pakai-duit-negara-purbaya-jamin-nggak-gagal-bayar,"Rabu, 09 Sep 2026 18:06 WIB",9 jam yang lalu,https://awsimages.detik.net.id/community/media/visual/2026/09/07/menteri-keuangan-menkeu-purbaya-yudhi-sadewa-1788758870758_43.jpeg?w=210&q=90,"Menteri Keuangan (Menkeu) Purbaya Yudhi Sadewa, menjamin pemerintah tidak akan gagal bayar cicilan kredit pembangunan Koperasi Desa/Kelurahan Merah Putih (KDMP) ke Himpunan Bank Milik Negara (Himbara) atau Bank BUMN.

Hal tersebut ia pastikan usai menggelar pertemuan bersama Kepala Badan Pengaturan (BP) Badan Usaha Milik Negara (BUMN) Dony Oskaria dan Menteri Koperasi (Menkop) Ferry Juliantono.

Purbaya menjelaskan, pembayaran akan dilakukan Kementerian Keuangan (Kemenkeu) setelah menerima permintaan pembayaran dari Kementerian Koperasi (Kemenkop).

""Kita akan memastikan bahwa tidak akan ada kegagalan bayar sehingga perbankan akan tetap keadaannya. Nanti Pak Menteri Koperasi akan mengirim surat ke saya permintaan pembayarannya dan dengan syarat-syarat yang dijanjikan beliau,"" ungkap Purbaya kepada wartawan di kantor Kemenkeu, Jakarta, Rabu (9/9/2026).

Selain itu, pemerintah juga akan membentuk satuan tugas (satgas) untuk memastikan operasional KDMP berjalan baik. Terlebih KDMP juga akan diarahkan untuk menyalurkan bantuan sosial (bansos) pemerintah.

""Kami bertiga sepakat untuk membentuk satu satgas yang bisa memanfaatkan keadaan adanya Koperasi Merah Putih secara maksimal, termasuk penyaluran barang-barang subsidi di sana dipastikan hanya lewat sana,"" jelasnya.

Purbaya mengatakan, cicilan kredit akan langsung ditransfer ke rekening Himbara sesuai permintaan Kemenkop. Ia juga memastikan dananya siap sebelum jatuh tempo pembayaran.

""Uangnya ada kan selama ini dianggarkan. Jadi, bukan bukan ABT, bukan dana bank, memang sudah ada disediakan,"" terang Purbaya.

Dalam kesempatan yang sama, Ferry mengatakan satgas tersebut akan diisi juga oleh Menkeu dan Kepala BP BUMN. Satgas ini akan memperkuat pengawasan penyaluran barang subsidi pemerintah melalui infrastruktur KDMP.

Kemenkop juga akan melakukan verifikasi dan validasi ulang terhadap KDMP sebelum mengajukan pembayaran ke Kemenkeu. Ia memastikan, pembayaran cicilan KDMP akan dilakukan berdasarkan surat pengajuan pihaknya.

""Pak Menteri Keuangan bersama Pak Dony juga tim ini nanti ikut, Pak Menteri Keuangan ikut memastikan nanti supaya utilitas atau penggunaan ini, termasuk kepastian barang-barang subsidi itu menggunakan infrastruktur pemerintah yang namanya sekarang Koperasi Desa Kelurahan Merah Putih, begitu. Tadi yang kita sepakati tadi juga itu, tim bersama,"" pungkasnya."
Bursa Dan Valas,Adhi Karya Buka Suara Usai Diminta Tutup Semua Anak Usaha,https://finance.detik.com/bursa-dan-valas/d-8655761/adhi-karya-buka-suara-usai-diminta-tutup-semua-anak-usaha,"Rabu, 09 Sep 2026 18:00 WIB",9 jam yang lalu,https://awsimages.detik.net.id/community/media/visual/2021/11/19/ihsg-ditutup-menguat-2_43.jpeg?w=210&q=90,"PT Adhi Karya (Persero) Tbk (ADHI) buka suara usai diminta Badan Pengelola Investasi (BPI) Daya Anagata Nusantara (Danantara) dan Badan Pengaturan (BP) Badan Usaha Milik Negara (BUMN) untuk menutup seluruh anak-cucu usaha. Danantara dan BP BUMN diketahui adalah pemegang saham Seri A dan Seri B terbanyak perseroan.

Direktur Portofolio Bisnis dan Manajemen Risiko Adhi Karya, Rozi Sparta, menjelaskan streamlining atau pemangkasan entitas usaha perseroan akan dilakukan melalui skema divestasi perusahaan afiliasi. Proses tersebut ditargetkan mulai memberikan hasil pada akhir 2026.

""Sesuai dengan arahan dan aspirasi dari pemegang saham seri A dan seri B terbanyak bahwa Adhi Karya diminta untuk back to core sehingga beberapa perusahaan yang tidak relevan dengan core itu diminta untuk dilakukan streamlining, streamlining-nya adalah salah satunya bagaimana Adhi Karya saat ini mendorong terkait dengan perusahaan afiliasi ini untuk segera dilakukan divestasi,"" ungkap Rozi dalam acara Public Expose secara virtual, Rabu (9/9/2026).

Rozi menjelaskan, Adhi Karya memiliki 18 entitas usaha yang terdiri dari tujuh anak usaha, satu cucu usaha dan 10 usaha afiliasi. Belasan entitas usaha tersebut berasal dari sektor properti, pembangunan gedung, pengelolaan jalan tol.

Dalam kesempatan yang sama, Direktur Utama Adhi Karya Moeharmein Zein Chaniago, menjelaskan perseroan diminta untuk kembali fokus pada bisnis kontraktor. Hal ini menjadi dasar untuk dilakukannya pemangkasan entitas usaha Adhi Karya.

""Sejalan dengan aspirasi pemegang saham, kami untuk kembali berfokus pada bisnis inti, core bisnisnya yaitu kontraktor, construction only, serta kami juga sedang melakukan penataan anak usaha yang juga sedang dilakukan,"" jelasnya.

Zein mengatakan, Adhi Karya akan melakukan divestasi terhadap tiga anak usaha pada tahun ini. Sementara itu, divestasi terhadap entitas usaha lainnya akan dilakukan secara bertahap hingga seluruh proses ditargetkan rampung pada 2027.

""Pada 2026 ini mungkin akan bisa kita divest paling tidak tiga perusahaan, anak perusahaan dan seterusnya dalam waktu secepatnya tidak lewat dari tahun 2027, sisanya juga akan kita lakukan program divestasi tersebut,"" pungkasnya.

Diberitakan sebelumnya, Kepala BP BUMN sekaligus COO BPI Danantara, Dony Oskaria, meminta Adhi Karya untuk tidak membuka anak usaha baru. Pasalnya setiap membentuk anak usaha, entitas usaha tersebut bermasalah.

""Tidak ada lagi, ini kan sudah kita lihat nih, setiap bikin anak perusahaan semuanya bermasalah. Jadi stop, tidak boleh lagi ada anak-anak perusahaan baru dan Adhi fokus pada kontraktor,"" tegas Dony dalam unggahan resmi Instagram @bumn_id, Jumat (4/9/2026)."
Moneter,"Masyarakat Dibuatkan Rekening Saldo Awal Rp 50 Ribu, Sumber APBN Rp 11 T",https://finance.detik.com/moneter/d-8655766/masyarakat-dibuatkan-rekening-saldo-awal-rp-50-ribu-sumber-apbn-rp-11-t,"Rabu, 09 Sep 2026 17:43 WIB",9 jam yang lalu,https://awsimages.detik.net.id/community/media/visual/2014/07/22/ecc3f603-8533-4eba-8c8d-9b08c23ade46_43.jpg?w=210&q=90,"Semua masyarakat akan memiliki rekening bank. Presiden Prabowo Subianto telah menugaskan BRI dan Bank Syariah Indonesia untuk menyediakan rekening untuk masyarakat.

Rencananya setiap rekening baru akan diberikan saldo awal sebesar Rp 50.000. Dana tersebut, menurut Menteri Koordinator Perekonomian Airlangga Hartarto bersumber dari APBN.

Menurut perhitungannya, kira-kira butuh anggaran Rp 11 triliun untuk menjalankan program penyediaan rekening untuk masyarakat.

""Dananya dari APBN. Totalnya, kalau 200 juta penduduk kan berarti kira-kira 600 juta, atau sekitar Rp 11 T lah,"" ujar Airlangga di Kompleks Istana Kepresidenan, Jakarta Pusat, Rabu (9/9/2026).

Soal anggarannya akan masuk di APBN tahun ini atau tidak, dia enggan menjelaskan. Yang jelas soal anggarannya masih perlu dibahas.

""Anggaran nanti kita bahas, karena kan nggak semuanya langsung segitu. Kan nanti itunya (penyediaan rekeningnya) secara bertahap,"" kata Airlangga.

Ketika masyarakat sudah menerima rekening tersebut, Airlangga bilang uang yang menjadi dana mengendap di awal sebesar Rp 50.000 bisa diambil sepenuhnya.

""Bisa, bisa ditarik ya,"" tuturnya.

Tonton juga video ""TanyadetikFinance Utang Whoosh Beralih ke Kemenkeu, Ndak Bahaya Ta?""

[Gambas:Video 20detik]"
Berita Ekonomi Bisnis,Danantara soal BGN Pindah ke Gedung Telkom: Disewa di Atas Harga Pasar,https://finance.detik.com/berita-ekonomi-bisnis/d-8655752/danantara-soal-bgn-pindah-ke-gedung-telkom-disewa-di-atas-harga-pasar,"Rabu, 09 Sep 2026 17:32 WIB",9 jam yang lalu,https://awsimages.detik.net.id/community/media/visual/2026/09/09/danantara-dan-menkeu-1788949868728_43.jpeg?w=210&q=90,"COO Danantara sekaligus Kepala BP BUMN Dony Oskaria buka suara soal Gedung Merah Putih (GMP) milik Telkom di kawasan Gatot Subroto Jakarta bakal ditempati oleh Badan Gizi Nasional (BGN) dalam beberapa bulan ke depan.

Dony menyampaikan hal tersebut merupakan bagian dari optimalisasi aset milik Telkom yang sudah melalui kajian internal perusahaan.

""Itu kan corporate action ya. Satu, yang pertama adalah bahwa tentu sudah ada pertimbangan. Jadi harus dilihat bahwa kadang-kadang kan kita melihatnya dari sisi yang negatif. Ini optimalisasi aset pasti sudah dilakukan, sudah dikaji tentu oleh Telkom ya, untuk melakukan itu,"" ujar Dony saat ditemui di Kantor Kementerian Keuangan, Jakarta, Rabu (9/9/2026).

Ia juga menyampaikan BGN tak serta merta pindah begitu saja tanpa membayar biaya sewa.

Kata Dony, penyewaan gedung tersebut dilakukan melalui transaksi bisnis yang normal. Di mana akan ada penilaian dari Kantor Jasa Penilai Publik (KJPP) untuk memastikan harga transaksinya. Bahkan Dony menyebutkan nilai sewa Gedung Merah Putih kepada BGN berada di atas harga pasar.

""Ya, tetapi proses sewanya tentu karena perusahaan terbuka melewati tadi, benturan kepentingan. Jadi harus ada KJPP-nya, market price-nya, dan saya dengar ini harganya di atas daripada harga pasar untuk sewa. Ini yang paling penting ya,"" ujar Dony.

""Jadi jangan lihat, Ini gedung itu.. Jadi kadang-kadang kan kita melihatnya tuh, memang ada masalah apa? Gedung disewakan kan banyak. Itu OJK juga sewa gedung. Di mana juga sewa gedung, ini normal aja,"" sambungnya.

Sebelumnya, PT Telkom Indonesia (Persero) Tbk (Telkom) menyambut positif rencana pemanfaatan Gedung Graha Merah Putih (GMP) oleh Badan Gizi Nasional (BGN) secara skema Business to Business (B2B). Langkah penyewaan ini menjadi bagian dari strategi leveraging asset perusahaan untuk mengoptimalkan aset properti sekaligus membuka peluang pendapatan baru dari konektivitas digital.

Direktur Utama Telkom, Dian Siswarini menyampaikan bahwa skema bisnis ini dijalankan secara proporsional dengan tetap mengedepankan tata kelola perusahaan yang baik (Good Corporate Governance).

""Bagi Telkom Group, rencana penyewaan gedung GMP oleh BGN merupakan bentuk leveraging asset yang dapat menghadirkan peluang bisnis baru, termasuk melalui penyediaan layanan konektivitas dan solusi digital unggul dari yang kami miliki,"" ujar Dian dalam keterangannya, Selasa (8/9/2026).

""Saat ini, sejumlah unit masih yang berkaitan tersebar di berbagai lokasi kerja di Jakarta. Melalui penataan ini, kami ingin menciptakan lingkungan kerja yang lebih terintegrasi sesuai stream masing-masing unit. Harapannya, ini dapat membuat kolaborasi menjadi lebih mudah, proses kerja semakin efektif, dan produktivitas karyawan semakin meningkat,"" jelas Dian.

Proses transisi penempatan ruang kerja BGN di GMP akan dilakukan secara bertahap setelah seluruh pembahasan negosiasi rampung. Telkom memastikan keamanan, keselamatan, serta kenyamanan operasional karyawan tetap menjadi prioritas utama.

""Berdasarkan hasil survei dan diskusi bersama Telkom, BGN menyampaikan rencana pemanfaatan GMP untuk ruang kerja serta beberapa fasilitas workstation standar. Pemanfaatan tersebut akan dilakukan setelah proses penataan unit-unit di Telkom dan pemindahan peralatan kerja existing ke lokasi yang telah disepakati bersama,"" lanjut Dian.

Tonton juga video ""Maaf! Minuman Rasa Susu hingga Kental Manis Dilarang Masuk Menu MBG""

[Gambas:Video 20detik]"
Berita Ekonomi Bisnis,Prabowo Janji Berikan Bonus Rp 3 M buat Peraih Emas Asian Games 2026,https://finance.detik.com/berita-ekonomi-bisnis/d-8655674/prabowo-janji-berikan-bonus-rp-3-m-buat-peraih-emas-asian-games-2026,"Rabu, 09 Sep 2026 16:45 WIB",10 jam yang lalu,https://awsimages.detik.net.id/community/media/visual/2026/09/09/presiden-prabowo-subianto-1788943463400_43.jpeg?w=210&q=90,"Presiden Prabowo Subianto menyatakan bonus untuk atlet Asian Games 2026 akan ditetapkan Rp 3 miliar, jauh lebih besar daripada bonus emas untuk Sea Games 2025. Kenaikan bonus ini dikatakan Prabowo setelah mendapatkan bisikan dari Menteri Pemuda dan Olahraga Erick Thohir.

""Dan saya nggak lupa, saya diberi laporan Pak Erick, pak untuk Sea Games medali emas dapat Rp 1 miliar, tapi ini Asian Games medali Rp 3 miliar,"" ujar Prabowo saat pelepasan Kontingen Indonesia di Istana Kepresidenan, Jakarta Pusat, Rabu (9/9/2026).

Ketua Umum Pengurus Besar Persatuan Angkat Besi Seluruh Indonesia (PB PABSI) Rosan Perkasa Roeslani mengatakan pihaknya bersyukur dengan bonus yang dijanjikan oleh Prabowo.""Ya tentunya itu ya alhamdulillah ya, itu adalah suatu bentuk apresiasi dari pemerintah, tentunya,"" kata Rosan usai acara.

Menurutnya, Prabowo berpesan bahwa untuk menjadi atlet yang bisa berkompetisi dan juga bisa mendapatkan medali emas adalah suatu kebanggaan dan kehormatan bukan hanya untuk atlet itu sendiri, tapi juga untuk kebanggaan untuk seluruh masyarakat Indonesia.

""Jadi, ya saya rasa itu apa, apresiasi yang sangat luar biasa dari bapak presiden langsung tadi disampaikan,"" kata Rosan.

Tonton juga video ""Bicara Kesiapan Atlet untuk Asian Games, Mensesneg: Persiapan Sangat Baik""

[Gambas:Video 20detik]"
Bursa Dan Valas,"Kepala Pengawas Bursa Mineral Mau RI Tentukan Harga Nikel, Ini Alasannya",https://finance.detik.com/bursa-dan-valas/d-8655589/kepala-pengawas-bursa-mineral-mau-ri-tentukan-harga-nikel-ini-alasannya,"Rabu, 09 Sep 2026 16:17 WIB",11 jam yang lalu,https://awsimages.detik.net.id/community/media/visual/2026/09/09/kepala-eksekutif-pengawas-bursa-mineral-dan-komoditas-strategis-bmks-otoritas-jasa-keuangan-ojk-sarjito-1788945358162_43.jpeg?w=210&q=90,"Kepala Eksekutif Pengawas Bursa Mineral dan Komoditas Strategis (BMKS) Otoritas Jasa Keuangan (OJK), Sarjito, mengungkap rencananya dalam mengembangkan BMKS. Sarjoto sendiri baru dilantik di Mahkamah Agung (MA) hari ini.

Sarjito menyoroti posisi Indonesia sebagai salah satu produsen nikel terbesar dunia tetapi belum memiliki pengaruh dalam menentukan harga. Menurutnya, harga nikel hingga saat ini masih mengacu pada harga yang dibentuk negara lain.

""Kita itu sebagai penghasil contoh nikel terbesar di dunia, tetapi kita tidak pernah bisa menentukan harganya harganya ditentukan di yuridiksi lain, oleh pihak-pihak lain, dan itu ironi,"" kata Sarjito usai pelantikan di MA, Jakarta Pusat Rabu (9/9/2026).

Karena itu, ia menilai keberadaan BMKS penting untuk memperkuat posisi Indonesia. Keberadaan bursa tersebut diharapkan membuat Indonesia secara bertahap tidak lagi sekadar menjadi price taker atau mengikuti harga yang terbentuk, melainkan menjadi penentu harga.

""Paling tidak untuk awal tidak lagi menjadi price taker tapi bisa menjadi price influencer dan menjadi bursa kita reference dan at the end kita tentu harus sanggup dan mampu confident untuk menjadi price maker,"" ujarnya.

Selain memperkuat posisi Indonesia dalam pembentukan harga, keberadaan bursa dapat meningkatkan pengawasan terhadap transaksi komoditas. Hal ini termasuk untuk mengantisipasi persoalan transfer pricing dan under-invoicing karena data harga maupun volume transaksi dapat terpantau lebih baik.

""Oleh karena itu, kita mestinya confident untuk membangun bursa sendiri, sehingga di dalam banyak kesempatan juga isu mengenai transfer pricing, under-invoicing, baik harga dan volume bisa kita kontrol dengan baik,"" tutur Sarjito.

Meski demikian, Sarjito belum mengungkap komoditas apa yang pertama kali akan diperdagangkan melalui bursa tersebut. Pemerintah masih menunggu Peraturan Presiden (Perpres) yang akan menentukan mineral dan komoditas strategis yang masuk dalam perdagangan bursa.

Penerapannya juga akan dilakukan secara bertahap. Sarjito mengatakan pemerintah tidak ingin langsung memasukkan banyak komoditas tetapi pada akhirnya sistem tersebut tidak berjalan optimal.

""Bahwa kita menunggu Perpres dulu. Kita tentu tidak ingin, nanti banyak yang diperdagangkan, tapi it doesn't work tapi kita ingin gradual, dan mana-mana yang bisa diperdagangkan terlebih dahulu,"" sebut dia.

OJK sendiri tengah mengejar penyusunan aturan awal terkait pengawasan bursa mineral dan komoditas strategis. Sarjito menyebut Peraturan OJK (POJK) awal ditargetkan dapat diundangkan pada 17 September 2026, sementar BMKS sendiri ditargetkan beroperasi 1 Januari 2027.

""Kita harus keluarkan POJK yang harus minta persetujuan DPR, itu yang harus diundangkan tanggal 17 September itu POJK awal. Dan kita menyusun POJK-POJK yang baru, kemudian kita juga menunggu peraturan presiden untuk at the beginning mineral dan komunitas strategis apa yang akan diperdagangkan,"" tutup Sarjito.

Tonton juga video ""Kejagung Pamerkan Uang Rp 401 M Hasil Sitaan Korupsi Nikel PT CNI""

[Gambas:Video 20detik]"
Berita Ekonomi Bisnis,Purbaya Mau Kejar Potensi Pajak Perdagangan Emas Gelap,https://finance.detik.com/berita-ekonomi-bisnis/d-8655579/purbaya-mau-kejar-potensi-pajak-perdagangan-emas-gelap,"Rabu, 09 Sep 2026 16:15 WIB",11 jam yang lalu,https://awsimages.detik.net.id/community/media/visual/2026/05/19/purbaya-garuk-kepala-apbn-april-2026-defisit-rp1644-triliun-1779201435821_43.jpeg?w=210&q=90,"Menteri Keuangan Purbaya Yudhi Sadewa mengatakan sistem Lembaga National Single Window (LNSW) dapat mengejar potensi pajak dari perdagangan emas gelap. Purbaya meminta LNSW untuk mendeteksi potensi pajak dari perdagangan emas ilegal.

LNSW nantinya dapat mendeteksi pembelian emas dari para Pertambangan Emas Tanpa Izin (PETI). Pihaknya akan mengejar pendapatan yang belum masuk ke kocek negara.

""Itu akan ketahuan nanti sebelah belakangnya siapa sih yang melakukan pembelian nggak tercatat atau beli barang dari PETI-PETI itu yang ilegal. Itu nanti akan kita kejar.Income-nya yang belum masuk ke negara akan kita kejar,"" kata Purbaya di Kantor LNSW, Jakarta Pusat, Rabu (9/9/2026).

Ditanya soal potensi pendapatan yang bisa dikejar, Purbaya bilang masih dihitung secara keseluruhan. Namun dia bilang sudah ada data 10 besar potensi penarikan pajak dari perdagangan emas ilegal.

""Lagi mau dihitung secara keseluruhan. Kalau sedikit-sedikit kan kalau 10 besar sudah kelihatan,"" lanjut Purbaya.

Yang jelas, bila nantinya sudah jelas nama-nama pihak yang melakukan perdagangan emas ilegal sudah bisa dikantongi pihaknya akan langsung menarik pajak.

""Nanti harusnya sih kalau sudah clear kan nama PT-PT-nya ada tuh, kita kan bisa kejar. Saya akan minta orang pajak periksa perusahaan itu, belinya dari mana. Ke belakangnya bisa diteruskan. Kalau dia belum bayar pajak, kita suruh bayar pajak, kayak gitu kira-kira. Itu namanya ekstensifikasi dalam pengertian mengefisienkan, meningkatkan efisiensi pengumpulan pajak dengan analisa big data,"" papar Purbaya.

Tonton juga video ""Banggar Tagih Profil Utang Pemerintah, Purbaya: DPR Mau Minta Kapan?""

[Gambas:Video 20detik]"
Bursa Dan Valas,"Danantara Mau Beli Saham BEI, Bursa Bakal Dimiliki Pemerintah?",https://finance.detik.com/bursa-dan-valas/d-8655574/danantara-mau-beli-saham-bei-bursa-bakal-dimiliki-pemerintah,"Rabu, 09 Sep 2026 16:08 WIB",11 jam yang lalu,https://awsimages.detik.net.id/community/media/visual/2015/11/18/8ce87a8f-a7f6-47e2-971d-8109939b85be_43.jpg?w=210&q=90,"Badan Pengelola Investasi (BPI) Danantara menyatakan minatnya untuk menjadi salah satu pemegang saham Bursa Efek Indonesia (BEI) melalui skema demutualiasi. Minat ini pun telah disampaikan melalui Danantara Investment Management (DIM).

CEO Badan Pengelola Investasi (BPI) Danantara Rosan Roeslani menyampaikan rencana tersebut saat ini masih terus dimatangkan. Baik itu untuk besaran porsi yang bakal diambil Danantara maupun terkait hal lainnya.

Ia mengatakan pembahasan ini akan melibatkan sejumlah pihak. Namun ia tidak menjelaskan detail siapa saja yang juga ikut dalam pembahasan terkait pengambilan porsi saham di BEI.

""Iya, ini masih kita bahas, nanti kita bahas bersama-sama bukan dengan Danantara saja,"" ujar Rosan singkat saat ditemui di Kantor Kementerian Investasi dan Hilirisasi/BPKM, Jakarta, Rabu (9/9/2026).

Sebelumnya, Direktur Utama Bursa Efek Indonesia (BEI), Jeffrey Hendrik, membenarkan adanya minat Badan Pengelola Investasi (BPI) Daya Anagata Nusantara (Danantara) membeli saham bursa efek melalui skema demutualisasi. Diketahui, demutualisasi merupakan perubahan status hukum perusahaan tertutup menjadi perusahaan publik.

Skema ini menjadi amanat dari Undang-Undang (UU) tentang Pengembangan dan Penguatan Sektor Keuangan (P2SK) yang disahkan beberapa waktu lalu. Dalam UU tersebut, Kementerian Keuangan (Kemenkeu), Bank Indonesia (BI), dan BPI Danantara, dimungkinkan menjadi pemegang saham BEI melalui demutualisasi.

Namun begitu, Jeffrey tak menyebut pasti porsi yang diajukan lantaran masih menunggu Peraturan Otoritas Jasa Keuangan (POJK) tentang demutualisasi.

""Yang sudah menyampaikan minat, itu adalah BPI Danantara melalui DIM. Ya jadi untuk selanjutnya, untuk komunikasi kita bangun terus ya sambil menunggu POJK,"" ungkap Jeffrey kepada wartawan di gedung BEI, Jakarta, Rabu (12/8/2026).

Jeffrey mengatakan, BEI telah melakukan kajian terkait demutualisasi bursa efek. Ia mengaku, skema demutualisasi ini dilakukan dengan mencontoh bursa Hong Kong, Singapura, Australia, hingga Malaysia.

""Kalau di kajian kita kan tentu kita melihat bursa-bursa yang sudah demutualisasi, ada Hong Kong, ada Singapura, ada Australia, ada Malaysia. Bursa-bursa yang memang sudah melakukan demutualisasi,"" jelasnya.

Dalam kesempatan terpisah, Jeffrey juga mengungkap ada investor potensial yang akan membeli saham BEI. Ia menambahkan, pihak akan menjaga independensi pasar modal kendati dilakukan demutualisasi.

""Adapun kepemilikan saham oleh pihak-pihak tersebut akan tetap mempertahankan independensi Bursa Efek,"" ungkap Jeffrey dalam konferensi persnya secara virtual, Rabu.

[Gambas:Video 20detik]"
Foto Bisnis,Bajaj Masih Eksis di Tengah Gempuran Ojol,https://finance.detik.com/foto-bisnis/d-8654607/bajaj-masih-eksis-di-tengah-gempuran-ojol,"Rabu, 09 Sep 2026 16:00 WIB",11 jam yang lalu,https://awsimages.detik.net.id/community/media/visual/2026/09/08/bajaj-masih-eksis-di-tengah-gempuran-ojol-1788884330094_43.jpeg?w=210&q=90,"Jakarta- Di tengah maraknya transportasi online, bajaj konvensional masih bertahan melayani penumpang di sekitar Stasiun Cikini, Jakarta Pusat."
Berita Ekonomi Bisnis,"Anak Krakatau Erupsi, Harga Bahan Pokok Aman? Ini Kata Mendag",https://finance.detik.com/berita-ekonomi-bisnis/d-8655538/anak-krakatau-erupsi-harga-bahan-pokok-aman-ini-kata-mendag,"Rabu, 09 Sep 2026 15:48 WIB",11 jam yang lalu,https://awsimages.detik.net.id/community/media/visual/2026/09/09/mendag-busan-1788943000094_43.jpeg?w=210&q=90,"Erupsi Gunung Anak Krakatau yang sempat mengganggu aktivitas penerbangan dan sejumlah moda transportasi di sejumlah wilayah belum berdampak terhadap harga bahan pokok.

Menteri Perdagangan (Mendag) Budi Santoso alias Busan mengatakan kondisi ini terlihat dalam data Sistem Pemantauan Pasar dan Kebutuhan Pokok (SP2KP), di mana harga bahan pokok sejauh ini masih relatif stabil.

""Sementara nggak ada masalah. Dari pantuan kami, termasuk dari SP2KP, dan kita juga komunikasi, tidak hanya melihat SP2KP, sementara tidak ada masalah,"" kata Busan saat ditemui di Kantornya, Jakarta Pusat, Rabu (9/9/2026).

Lebih lanjut, menurut Busan sebaran abu vulkanik juga belum memengaruhi rantai pasok dan distribusi bahan pokok, termasuk di daerah terdampak. Sehingga belum ada indikasi kenaikan harga.

""Kan kami bisa pantau juga dari SP2KP, karena SP2KP itu di semua kabupaten kota, yang terkena dampak pun juga sebenarnya distribusinya tetap masuk. Jadi selama ini kalau kita lihat sebenarnya harganya stabil,"" ujarnya.

Terlepas dari imbas sebaran abu vulkanik, Busan menegaskan pemerintah akan terus memperhatikan perkembangan harga barang pokok secara nasional. Menurutnya pemerintah tidak hanya fokus ketika harga mengalami lonjakan, namun saat harga jatuh terlalu rendah juga menjadi ancaman karena berpotensi menekan produsen.

Ia mencontohkan harga telur ayam yang sempat turun hingga sekitar Rp 22.000 per kilogram padahal harga acuannya berada di kisaran Rp 30.000 per kilogram, pemerintah terus melakukan intervensi agar nilai komoditas ini dapat kembali meningkat.

""Nah sekarang sudah mulai naik harga rata-rata nasionalnya, kayak telur kan Rp 26.600. Berarti kan naik dari Rp 22.000 mendekati harga acuan,"" tandasnya.

Tonton juga video ""5 Jurnalis Hilang Kontak di Sekitar Anak Krakatau, Pencarian DIperluas""

[Gambas:Video 20detik]"
Industri,"Pemerintah Permudah Izin Tenaga Kerja Asing, 5 Hari Langsung Terbit",https://finance.detik.com/industri/d-8655518/pemerintah-permudah-izin-tenaga-kerja-asing-5-hari-langsung-terbit,"Rabu, 09 Sep 2026 15:43 WIB",11 jam yang lalu,https://awsimages.detik.net.id/community/media/visual/2026/09/09/pemerintah-pangkas-proses-perizinan-tka-1788943246561_43.jpeg?w=210&q=90,"Menteri Investasi dan Hilirisasi/Kepala BKPM Rosan Perkasa Roeslani menyampaikan saat ini beberapa sektor industri yang ada di Indonesia masih membutuhkan Tenaga Kerja Asing (TKA). Pemerintah akan memangkas proses perizinan bagi TKA yang menyertai penanaman modal di Indonesia.

Hal ini ditandai dengan penandatanganan dua Surat Keputusan Bersama (SKB) antara Menteri Ketenagakerjaan Yassierli, Menteri Imigrasi dan Pemasyarakatan Agus Andrianto, serta Menteri Investasi dan Hilirisasi/Kepala BKPM Rosan P. Roeslani di Kantor Kementerian Investasi dan Hilirisasi/BKPM, Jakarta, Rabu (9/9/2026).

SKB pertama yaitu tentang Integrasi Sistem Online Single Submission (OSS), Sistem Informasi dan Aplikasi Pelayanan Ketenagakerjaan (SIAPkerja), dan Aplikasi All Indonesia. SKB kedua yaitu tentang Pembentukan Tim Teknis Integrasi.

Melalui SKB tiga kementerian ini, sistem Online Single Submission (OSS) pada Kementerian Investasi dan Hilirisasi/BKPM akan diintegrasikan dengan SIAPkerja milik Kementerian Ketenagakerjaan dan Aplikasi All Indonesia pada Kementerian Imigrasi dan Pemasyarakatan.

Rosan mengatakan kini proses perizinan TKA ditargetkan dapat selesai dalam waktu sekitar lima hari. Jika melewati batas waktu tersebut, izin akan diterbitkan secara otomatis sesuai mekanisme yang telah ditetapkan. Adapun keputusan ini mulai berlaku akhir bulan ini.

""Jadi memang rencananya pada akan mulai berjalan implementasinya pada akhir bulan ini rencananya tadi saya di- diinformasikan, Insyaallah akhir bulan ini sudah mulai berjalan hasil dari kesepakatan dari kami bertiga,"" ujar Rosan.

Dengan terpangkasnya waktu ini, Rosan mengatakan hal ini dapat meningkatkan iklim investasi dan industri di Indonesia. Kebijakan itu juga diharapkan memberikan dampak positif terhadap penanaman modal asing atau foreign direct investment (FDI).

""Karena memang kita melihat bahwa dari beberapa sektor industri memang kebutuhan tenaga kerja asing itu masih kita perlukan. Dan harapan ini bisa memberikan transfer of knowledge, transfer of technology kepada sumber daya manusia kita,"" terangnya.

Menteri Ketenagakerjaan Yassierli menyampaikan bahwa dengan SKB ini, pelayanan ke depan nantinya akan lebih baik dari yang ada saat ini. Meski begitu, pihaknya tetap berkomitmen untuk melakukan monitoring terhadap jalannya proses perizinan kerja KTA.

""Dan Insyaallah kita yakin dalam implementasinya nanti akan memberikan layanan dan hasil yang efektif dan efisien yang lebih baik,"" katanya.

Tonton juga video ""Kemendikdasmen: Terdapat 172 Pelanggaran TKA 2026""

[Gambas:Video 20detik]"
Berita Ekonomi Bisnis,"Cuma Presentasi Online, UMKM RI Bisa Dapat Buyer dari 33 Negara",https://finance.detik.com/berita-ekonomi-bisnis/d-8655508/cuma-presentasi-online-umkm-ri-bisa-dapat-buyer-dari-33-negara,"Rabu, 09 Sep 2026 15:38 WIB",11 jam yang lalu,https://awsimages.detik.net.id/community/media/visual/2026/09/09/mendag-busan-1788943000387_43.jpeg?w=210&q=90,"Kementerian Perdagangan (Kemendag) mencatat transaksi ekspor usaha mikro, kecil, dan menengah (UMKM) pada Januari-Juli 2026 berhasil mencapai US$ 333 juta atau setara Rp 5,82 triliun (kurs Rp 17.500). Angka ini sudah jauh melampaui capaian transaksi sebelumnya yang sebesar US$ 134,8 juta atau Rp 2,35 triliun untuk periode Januari-Desember 2025.

Menteri Perdagangan (Mendag) Budi Santoso alias Busan mengatakan capaian transaksi ini merupakan catatan dari hasil program pendampingan UMKM Bisa Ekspor yang diusung Kemendag. Sehingga nilai ekspor produk UMKM ini belum termasuk yang di luar program.

""Tahun lalu transaksinya itu mencapai US$ 134,8 juta setahun. Nah, sekarang Januari-Juli itu sudah mencapai US$ 333 juta,"" ungkap Busan dalam pembukaan Program Pendampingan UMKM bertajuk Gapai Pasar Global dengan AI di kantornya, Jakarta Pusat, Rabu (9/9/2026).

Dalam hal ini, Busan menjelaskan program UMKM Bisa Ekspor ini memanfaatkan jaringan yang dimiliki Kemendag di luar negeri. Melalui program ini pelaku usaha disambungkan secara langsung dengan jajaran Direktorat Jenderal Pengembangan Ekspor Nasional (PEN) serta kantor perwakilan Indonesia di berbagai negara guna mempresentasikan produk mereka secara daring.

""Kita ada 46 perwakilan atas perdagangan dan ITPC (Indonesia Trade Promotion Center) ya, di 33 negara. Jumlahnya 46 di 33 negara. Nah, Bapak-Ibu nanti tinggal presentasi mempresentasikan produknya, semua dengan cara online. Nah, setelah itu perwakilan kita carikan buyer,"" jelasnya.

Setelah itu, pihaknya akan mencarikan calon pembeli atau importir produk UMKM di negara itu. Guna memastikan kelancaran proses negosiasi, Kemendag juga menyediakan pendampingan bahasa bagi para pelaku usaha saat berhadapan dengan pembeli asing.

""Jadi kalau misalnya buyer-nya dari Taiwan, dari Jepang, pakai bahasa mereka, ya Bapak, Ibu nggak usah khawatir karena nanti akan diterjemahkan oleh teman-teman kita yang mendampingi,"" imbuh Busan.

Berkat fasilitasi inilah menurutnya pemerintah berhasil mendongkrak transaksi ekspor produk UMKM yang amat pesat hingga Rp 5,82 triliun dalam tujuh bulan pertama 2026 tadi. Untuk itu Busan sangat mendorong pelaku UMKM untuk ikut dalam program ini dan merambah pasar luar negeri.

""Yang ikut UMKM Bisa Ekspor ini rata-rata 70% belum pernah ekspor. Jadi Bapak, Ibu nggak usah khawatir, kalau belum pernah ekspor itu bisa aja ekspor,"" pungkasnya.

Tonton juga video ""Driver Ojol Bakal Jadi UMKM, Perpres Dikebut Sebelum 17 Agustus""

[Gambas:Video 20detik]"
Berita Ekonomi Bisnis,Purbaya Kebut Sistem Deteksi Pajak Ekspor-Impor Pakai AI,https://finance.detik.com/berita-ekonomi-bisnis/d-8655501/purbaya-kebut-sistem-deteksi-pajak-ekspor-impor-pakai-ai,"Rabu, 09 Sep 2026 15:36 WIB",11 jam yang lalu,https://awsimages.detik.net.id/community/media/visual/2026/08/05/toko-online-lega-pemerintah-tunda-pajak-final-05-persen-1785929270093_43.jpeg?w=210&q=90,"Menteri Keuangan Purbaya Yudhi Sadewa akan terus menyempurnakan sistem Lembaga National Single Window (LNSW), yang salah satunya berfungsi untuk mendeteksi pajak ekspor dan impor. Pengembangan LNSW akan menggunakan kecerdasan buatan atau artificial intelligence (AI), khususnya untuk menganalisa potensi pendapatan dari perbaikan sistem.

""Jadi, kita kembangkan di sini aplikasi menggunakan AI juga. Untuk membantu para analis kita melihat potensi pendapatan yang mungkin diperoleh dengan perbaikan sistem. Dengan mengintegrasikan pemakaian semua data yang ada di LNSW,"" ujar Purbaya di kantor LNSW, Jakarta Pusat, Rabu (9/9/2026).

LNSW akan menjadi sistem yang cukup kuat dan dapat membantu analisa perpajakan secara signifikan. Segala bentuk potensi pajak dan cukai dapat terdeteksi sejak awal.

""Jadi segala potensi pajak, potensi cukai yang miss bisa terdeteksi awal di sini,"" ujar Purbaya.

Purbaya mengatakan, sudah banyakprogrammerjago yang menjadi awak LNSW, namun tetap saja hasil kerjanya akan ditentukan oleh masyarakat. Maka dari itu pihaknya meminta agar semua awak LNSW bekerja dengan sungguh-sungguh.

Sebagai contoh kasus saja, pada tata kelola ekspor impor batu bara, bila ada potensi kurang bayar pajak LNSW harus bisa mendeteksinya.

""Untuk batu bara ke depan setiap perusahaan berapa potensi pembayaran pajak yang kurang. Digabungkan dengan SPT-nya mereka. Jadi, ke depan nggak ada yang bisa main-main lagi. Kita akan monitor itu dengan lebih teliti. Kita pakai semua data yang ada secara integrasi. Dengan memanfaatkan AI, data,"" ujar Purbaya.

Tonton juga video ""Menkeu Bidik Rp 2.908 T Penerimaan Pajak di 2027""

[Gambas:Video 20detik]"
Moneter,Punya Banyak Rencana? Cek Penawaran BRI Multiguna Pre-Approved,https://finance.detik.com/moneter/d-8655433/punya-banyak-rencana-cek-penawaran-bri-multiguna-pre-approved,"Rabu, 09 Sep 2026 15:01 WIB",12 jam yang lalu,https://awsimages.detik.net.id/community/media/visual/2026/09/09/ilustrasi-pembiayaan-1788940568396_43.png?w=210&q=90,"Kebutuhan dana tambahan bisa muncul ketika seseorang sedang menyiapkan berbagai rencana, mulai dari biaya pendidikan anak, renovasi rumah, kebutuhan kesehatan, hingga persiapan pernikahan dan kebutuhan keluarga lainnya.

Dalam kondisi tersebut, pembiayaan multiguna bisa menjadi salah satu pilihan untuk membantu memenuhi kebutuhan dana. Bagi nasabah terpilih, PT Bank Rakyat Indonesia (Persero) Tbk atau BRI memiliki fasilitas BRI Multiguna Pre-Approved yang menawarkan proses pengajuan lebih mudah dan cepat dibandingkan pengajuan pembiayaan reguler.

Apa Itu BRI Multiguna Pre-Approved?

BRI Multiguna Pre-Approved merupakan fasilitas pembiayaan dari BRI yang ditujukan khusus bagi nasabah terpilih dengan kriteria tertentu yang ditetapkan BRI.

Status Pre-Approved ini membuat proses pengajuan pembiayaan dapat dilakukan secara lebih sederhana dibandingkan pengajuan reguler. Nasabah yang mendapatkan penawaran pun dapat mengakses Pinjaman Multiguna untuk berbagai kebutuhan sesuai ketentuan produk.

Apa Keunggulan BRI Multiguna Pre-Approved?

Fasilitas ini memberikan kemudahan bagi nasabah yang telah mendapatkan penawaran. Proses pengajuannya lebih cepat dan sederhana dibandingkan pengajuan pembiayaan reguler.

Beberapa keunggulan BRI Multiguna Pre-Approved antara lain:

Dengan proses tersebut, nasabah yang telah memperoleh penawaran dapat mengakses pembiayaan secara lebih praktis ketika membutuhkan dana untuk rencana yang telah disiapkan.

Bisa Digunakan untuk Berbagai Kebutuhan

Sesuai namanya, Pinjaman Multiguna dapat digunakan untuk berbagai kebutuhan, sehingga nasabah bisa menyesuaikan pemanfaatan dana dengan prioritas masing-masing.

Pembiayaan ini antara lain dapat digunakan untuk dana pendidikan, termasuk biaya pendidikan anak atau anggota keluarga. Dana juga dapat dimanfaatkan untuk renovasi rumah, seperti memperbaiki atau menambah bagian rumah agar lebih nyaman.

Selain itu, kebutuhan kesehatan, baik biaya pengobatan maupun perawatan, juga dapat menjadi pertimbangan. Pembiayaan ini dapat digunakan untuk persiapan pernikahan, kebutuhan acara keluarga, maupun kebutuhan keluarga lainnya yang sudah direncanakan atau bersifat mendesak.

Bagi nasabah yang ingin mengembangkan usaha, fasilitas ini juga dapat dimanfaatkan sebagai modal usaha, selama penggunaannya sesuai dengan ketentuan produk yang berlaku.

Dengan fleksibilitas tersebut, BRI Multiguna dapat menjadi salah satu alternatif pembiayaan bagi nasabah yang memiliki beberapa kebutuhan sekaligus.

Siapa yang Bisa Mendapatkan Penawaran?

Perlu diketahui, BRI Multiguna Pre-Approved tidak otomatis tersedia bagi seluruh nasabah BRI. Penawaran diberikan secara khusus kepada nasabah terpilih yang telah memenuhi kriteria dan ketentuan yang ditetapkan oleh BRI.

Salah satu kelompok nasabah yang berkesempatan memperoleh penawaran adalah nasabah yang payroll atau pembayaran gajinya disalurkan melalui BRI. Namun, ketersediaan penawaran tetap bergantung pada hasil seleksi serta kriteria yang berlaku di BRI.

Lalu, bagaimana cara mengetahui apakah Anda termasuk nasabah yang mendapatkan penawaran?

Nasabah terpilih akan mendapatkan informasi penawaran BRI Multiguna Pre-Approved melalui kanal resmi BRI, antara lain:

Apabila menerima salah satu notifikasi tersebut, nasabah dapat melihat detail penawaran dan melanjutkan proses pengajuan sesuai tahapan yang tersedia.

Karena penawaran diberikan secara khusus, nasabah disarankan untuk memastikan informasi yang diterima berasal dari kanal resmi BRI serta tidak memberikan PIN, password, kode OTP, maupun data rahasia perbankan kepada pihak lain.

Cara Mengajukan BRI Multiguna Pre-Approved

Nasabah yang sudah memperoleh penawaran dapat mengajukan BRI Multiguna Pre-Approved melalui aplikasi BRImo.

Proses pengajuan dilakukan dengan mengikuti tahapan yang tersedia di BRImo serta syarat dan ketentuan yang berlaku. Dengan adanya penawaran Pre-Approved, proses tersebut menjadi lebih praktis dibandingkan pengajuan pembiayaan reguler.

Dana yang diperoleh kemudian dapat direncanakan sesuai kebutuhan, mulai dari pembiayaan pendidikan, renovasi rumah, kebutuhan kesehatan, persiapan pernikahan, hingga kebutuhan keluarga lainnya.

Saatnya Cek Penawaran BRI Multiguna Pre-Approved

Berbagai rencana keuangan tentu membutuhkan persiapan, termasuk dalam menyiapkan dana. Ketika kebutuhan tersebut muncul, pilihan pembiayaan yang mudah diakses dapat membantu nasabah mengatur rencana dengan lebih terarah.

Bagi nasabah BRI yang telah mendapatkan penawaran, BRI Multiguna Pre-Approved dapat menjadi salah satu pilihan untuk memenuhi kebutuhan produktif maupun konsumtif sesuai ketentuan yang berlaku.

Jika payroll Anda telah disalurkan melalui BRI, tidak ada salahnya mengecek apakah sudah memperoleh penawaran BRI Multiguna Pre-Approved.

Untuk mengetahui informasi lebih lanjut sekaligus mengecek penawaran yang dimiliki, kunjungi lamanberikut.

Lihat juga Video: Dirut BRI Paparkan Evolusi Industri Perbankan

[Gambas:Video 20detik]"
detikSore,Bencana Jadi Beban Ekonomi Negara?,https://finance.detik.com/berita-ekonomi-bisnis/d-8655321/bencana-jadi-beban-ekonomi-negara,"Rabu, 09 Sep 2026 14:45 WIB",12 jam yang lalu,https://awsimages.detik.net.id/community/media/visual/2026/09/09/detiksore-9-september-2026-1788937035077_43.jpeg?w=210&q=90,"Berada di jalur cincin api, Indonesia bisa dibilang bukan pendatang baru sebagai negara yang sering didatangi bencana. Mulai dari gempa, erupsi, hingga banjir, Indonesia sudah khatam dengan peristiwa-peristiwa alam tersebut. Maka, tidak salah jika pemerintah menyiapkan anggaran untuk logistik mitigasi dan penanggulangan bencana alam.

Terkait hal tersebut, baru-baru ini, Presiden Prabowo sudah menyiapkan angka untuk anggaran baru kebencanaan. Hal ini diungkapkan Prabowo dalam Ratas Perkembangan Penanganan Bencana Alam secara virtual di Istana Merdeka. Prabowo menyebut jika sederet bencana yang terjadi belakangan merupakan takdir sekaligus menjadi pelajaran bagi Indonesia.

""Pelajaran juga bagi kita, bagi pemerintah yang saya pimpin, alokasi anggaran untuk mitigasi bencana harus kita tambah secara signifikan. Saya kira dalam menghadapi keadaan ke depan kita akan lebih mampu,"" lanjut Prabowo.

Menanggapi hal tersebut, Menteri Keuangan RI Purbaya Yudhi Sadewa anggaran ini akan dikelola oleh Badan Nasional Penanggulangan Bencana (BNPB). Maka dari itu, pihaknya menunggu perhitungan dari BNPB terlebih dahulu soal tambahan anggaran.

""Nanti kita tingkatkan sesuai permintaan, kan BNPB yang hitung. Nanti kita lihat seperti apa perhitungan BNPB. Kan sekarang saya belum terima,"" ujar Purbaya dikutip daridetikFinance, Senin (7/9/2026).

""Berapapun angkanya akan kita usahakan semaksimal mungkin. Tapi jangan ngaco ya hitungannya, gitu aja,"" lanjut dia.

Dari meja parlemen, rencana tersebut disambut baik. Ketua DPR RI, Puan Maharani, menyatakan sepakat selama anggaran tersebut bermanfaat bagi masyarakat.

Soal bencana, negara ini memang perlu memperhatikan masak-masak soal anggaran. Sebabnya, kerusakan infrastruktur, perlambatan ekonomi, hingga dampak psikologis masyarakat bermuara pada beban fiskal dan moneter negara.

Lalu sejauh mana bencana menjadi beban ekonomi negara? Berapa anggaran ideal yang dibutuhkan sebuah negara untuk memitigasi dampak bencana? Simak ulasannya dalam detikSore bersama Ekonom Senior INDEF, Tauhid Ahmad.

Beralih ke Berita Nusantara, proses pencarian lima jurnalis yang dilaporkan hilang saat meliput aktivitas Gunung Anak Krakatau di Perairan Selat Sunda memasuki hari kedua. Kantor SAR Banten sudah menyiapkan dua pesawat tanpa awak termal atau drone dan memperluas lokasi pencarian untuk menemukan kelima orang tersebut.

""Tim SAR gabungan akan kembali melanjutkan pencarian pada hari berikutnya dengan memperluas area penyisiran sesuai hasil evaluasi, dan kondisi di lapangan,"" ungkap Kepala Kantor Pencarian dan Pertolongan Banten Al Amrad, dikutip dari detikNews.

Selain para jurnalis tersebut, terdapat pula tiga orang lainnya yang merupakan awak kapal. Seperti apa perkembangan terbaru dari pencarian lima jurnalis ini? Apa saja upaya yang sudah dilakukan oleh Tim SAR? Simak laporan lengkapnya bersama jurnalis detikcom.

Jelang petang nanti, detikSore akan kembali membedah strategi mencari cuan di tengah volatilitas pasar saham. Meski IHSG berangsur membaik, namun pada setiap kenaikan, ada fluktuasi tipis yang perlu dihadapi. Dalam kondisi seperti ini, ada kepekaan yang perlu dimiliki oleh seorang investor.

Lalu apa strategi mengeruk keuntungan di masa-masa pasar saham yang tidak menentu seperti saat ini? Simak ulasannya dalam Sunsetalk detikSore!

Ikuti terus berita terbaru dan bermutu dari detikSore. Tonton tayangan langsungnya lewat berbagai platform media sosial. Jangan lupa follow detikSore di Instagram dan TikTok. detikSore Nggak Cuma Hore-hore!"
Bursa Dan Valas,Sah! Sarjito Jadi Kepala Pengawas Bursa Mineral,https://finance.detik.com/bursa-dan-valas/d-8655386/sah-sarjito-jadi-kepala-pengawas-bursa-mineral,"Rabu, 09 Sep 2026 14:37 WIB",12 jam yang lalu,https://awsimages.detik.net.id/community/media/visual/2026/09/09/sarjito-dilantik-sebagai-kepala-eksekutif-pengawas-bursa-mineral-dan-komoditas-strategis-bmks-otoritas-jasa-keuangan-ojk-1788939395635_43.jpeg?w=210&q=90,"Mahkamah Agung (MA) resmi melantik Sarjito sebagai Kepala Eksekutif Pengawas Bursa Mineral dan Komoditas Strategis (BMKS) Otoritas Jasa Keuangan (OJK). Sarjito mengucapkan sumpah jabatan di hadapan Ketua MA Sunarto.

Menurut Sunarto, berdasarkan surat keputusan Presiden Republik tanggal 31 Agustus 2026, Sarjito telah diangkat sebagai Anggota Dewan Komisioner Otoritas Jasa Keuangan.

""Sebelum memangku jabatan Anggota Dewan Komisioner OJK, sudara wajib mengucapkan sumpah. Bersediakah saudara menyampaikan sumpah jabatan menurut agama saudara? "" tanya Sunarto, di kantor MA, Jakarta Pusat, Rabu (9/9/2026).

Sarjito lantas menyatakan bersedia dan mengucapkan sumpahnya. Sarjito menyebut siap melaksanakan tugas sesuai peraturan perundang-undangan, serta tidak akan menerima langsung atau tidak langsung, dari siapa pun sesuatu janji atau pemberian dalam bentuk apa pun.

""Saya bersumpah bahwa saya akan melaksanakan tugas dan kewajiban sebagai Anggota Dewan Komisioner OJK, dengan sebaik-baiknya dan dengan penuh rasa tanggung jawab berdasarkan peraturan perundang-undangan yang berkenaan dengan tugas dan kewajiban tersebut,"" kata Sarjito mengucapkan sumpahnya.

Dengan diucapkannya sumpah tersebut, Sarjito resmi menjabat sebagai Kepala Pengawas BMKS OJK. Sebelumnya, Dewan Perwakilan Rakyat (DPR) resmi menetapkan Sarjito sebagai Kepala BMKS OJK untuk periode 2026-2031.

Sarjito juga telah menjalani uji kelayakan dan kepatutan sebagai Kepala BMKS OJK bersama Komisi XI DPR. Berdasarkan hasil uji kelayakan tersebut, Komisi XI menyetujui penetapan Sarjito untuk kemudian disahkan dalam Rapat Paripurna DPR pada 27 Agustus 2026.

Dalam uji kelayakan tersebut, Sarjito mengakui ada sejumlah tantangan yang dihadapi, termasuk praktik under invoicing, transfer pricing, hingga penentuan harga. Ia menilai bagian terpenting dalam BMKS adalah pasar yang terpercaya alias trusted market.

""Apa yang terpenting? Yaitu trusted market. Karena market yang bagus pasti akan dipakai untuk arbitrage. Price arbitrage, bukan supervisory dan regulatory arbitrage,"" ujar Sarjito dalam agenda fit and proper test.

Sarjito diketahui menjadi calon tunggal untuk Kepala Eksekutif Pengawas BMKS OJK merangkap jabatan sebagai Anggota Dewan Komisioner (ADK) OJK. DPR RI menerima Surat Presiden (Surpres) dari Presiden Prabowo Subianto yang mengusulkan nama Sarjito.

Simak juga Video OJK Ungkap Biang Kerok IHSG Merah Sendirian di Asia

[Gambas:Video 20detik]"
Energi,MGLV Resmi Jadi Pemain AI Data Center,https://finance.detik.com/energi/d-8655368/mglv-resmi-jadi-pemain-ai-data-center,"Rabu, 09 Sep 2026 14:23 WIB",12 jam yang lalu,https://awsimages.detik.net.id/community/media/visual/2026/08/06/data-center-1786011344929_43.jpeg?w=210&q=90,"PT NexAl Digital Infrastruktur Tbk (MGLV) yang sebelumnya bernama PT Panca Anugrah Wisesa Tbk, resmi mengubah fokus bisnis usaha. Kini MGLV fokus pada bisnis penyedia layanan pusat data kecerdasan buatan (artificial intelligence/AI) data center.

Keputusan ini diperoleh pada Rapat Umum Pemegang Saham Luar Biasa (RUPS-LB) dan Rapat Umum Pemegang Saham Independen (RUPS-Independen) pada, Senin (7/9/2026).

Selain itu, pemegang saham menyetujui rencana penguatan permodalan melalui Penambahan Modal dengan Memberikan Hak Memesan Efek Terlebih Dahulu (PMHMETD) atau rights issue.

Dalam aksi tersebut, perseroan berencana menerbitkan maksimal 285.732.512 saham biasa baru. Di mana dana yang diperoleh dari rights issue akan digunakan untuk mendukung pengembangan bisnis baru perseroan di sektor infrastruktur digital.

Ahmad Zulfikar, Presiden Direktur NexAl, mengatakan bahwa persetujuan pemegang saham ino menjadi landasan perseroan untuk mempercepat ekspansi ke sektor infrastruktur digital.

""Kami berterima kasih atas. kepercayaan dan dukungan pemegang saham. Persetujuan ini menjadi landasan bagi kami untuk mengakselerasi penetrasi ke sektor infrastruktur digital, sekaligus membangun fondasi pertumbuhan yang solid di industri Al data center yang berkembang sangat cepat,"" ujarnya dalam keterangan tertulis, Rabu (9/9/2026).

Sejalan dengan perubahan kegiatan usaha tersebut, pemegang saham turut menyetujui rencana Perseroan untuk melepas kepemilikan pada sejumlah anak perusahaan yang berkaitan dengan lini usaha sebelumnya kepada pihak ketiga, sekaligus mengalihkan aset dan liabilitas terkait.

Sementara itu dalam RUPS Independen, pemegang saham Independen juga menyetujul akuisisi oleh Perseroan atas saham PT Nextier Askara Center (NAC) dan PT Nextier GenAi Center (NGC), beserta piutang terkait dari PT Nextier Datamate Center (NDC), yang merupakan salah satu pemegang saham Perseroan.

""Divestasi sejumlah anak usaha dan akuisisi NAC dan NGC merupakan langkah konkret menata kembali portofolio Perseroan sesuai fokus usaha yang baru. Kedua perusahaan ini. akan memperkuat pondasi operasional dan strategi pengembangan bisnis Al data center kami,"" ujar Zulfikar.

Lihat juga Video: Permintaan RAM Lagi Tinggi, SK Hynix Mau Tambah Kapasitas Produksi

[Gambas:Video 20detik]"
Infrastruktur,Otorita IKN Pastikan Karhutla di Tol Balsam dan Bukit Tengkorak Sudah Padam,https://finance.detik.com/infrastruktur/d-8655326/otorita-ikn-pastikan-karhutla-di-tol-balsam-dan-bukit-tengkorak-sudah-padam,"Rabu, 09 Sep 2026 14:00 WIB",13 jam yang lalu,https://awsimages.detik.net.id/community/media/visual/2026/09/09/otorita-ikn-buka-suara-soal-karhutla-jarak-terdekat-dengan-kawasan-inti-30-km-1788922719411_43.jpeg?w=210&q=90,"Otorita Ibu Kota Nusantara (IKN) memastikan kebakaran hutan dan lahan (karhutla) di kawasan Jalan Tol Balikpapan-Samarinda (Balsam) Km 31, serta Kawasan Bukit Tengkorak yang berada di dalam kawasan Taman Hutan Raya (Tahura) Bukit Soeharto di Kecamatan Sepaku telah padam.

Hal ini berdasarkan pengecekan yang dilakukan Staf Khusus Kepala Otorita IKN Bidang Manajemen Kebijakan dan Strategi Konstruksi, Danis H Sumadilaga. Danis melakukan pengecekan ke Tol Balsam Km 31, Desa Wonotiro, Kecamatan Samboja, serta kawasan Bukit Tengkorak.

Pada Rabu (09/09/2026), Danis memastikan kondisi di Bukit Tengkorak sudah dalam keadaan padam. Saat melakukan pengecekan sekitar pukul 10.30 WITA, tidak terlihat lagi kebakaran aktif, meskipun masih terdapat asap tipis di sejumlah titik.

""Alhamdulillah sudah tidak ada kebakaran lagi, mungkin ada asap kecil-kecil saja. Ini hasil pemadaman yang dilakukan oleh tim darat bersama-sama dan juga dari udara waktu water bombing. Hari ini di Bukit Tengkorak sudah padam,"" ujar Danis dalam keterangan tertulis, Rabu (9/9/2026).

Danis juga terus berkomunikasi dengan berbagai pihak untuk memastikan penanganan karhutla dapat dilakukan secara cepat dan terkoordinasi, baik melalui upaya pemadaman dari darat maupun udara.

Menurut Danis, keberhasilan pemadaman tersebut perlu diikuti dengan langkah antisipasi agar api tidak kembali muncul. Karena itu, monitoring dan patroli akan terus dilakukan untuk memastikan kondisi kawasan tetap aman dari potensi kebakaran susulan.

""Mudah-mudahan jangan sampai terjadi lagi. Harus kita lakukan upaya monitoring, patroli untuk memastikan bahwa jangan sampai kebakaran ini terjadi lagi,"" tambah danis.

Otorita IKN mengapresiasi kerja bersama seluruh pihak yang terlibat dalam penanganan karhutla, baik melalui pemadaman darat maupun dukungan pemadaman dari udara.

Otorita IKN juga menegaskan bahwa penanganan karhutla tidak berhenti setelah api padam. Pemantauan dan patroli berjalan untuk mencegah dan mendeteksi asap atau titik api sedini mungkin.

Simak juga Video Puan soal Lahan Bekas Karhutla Jadi Kebun Sawit: Segera Ditindak!

[Gambas:Video 20detik]"
Bursa Dan Valas,"Jasa Marga Jajaki Potensi Investasi Tol Baru, Siapkan Dana Rp 12 T",https://finance.detik.com/bursa-dan-valas/d-8655301/jasa-marga-jajaki-potensi-investasi-tol-baru-siapkan-dana-rp-12-t,"Rabu, 09 Sep 2026 13:49 WIB",13 jam yang lalu,https://awsimages.detik.net.id/community/media/visual/2026/06/18/direktur-utama-jasa-marga-rivan-a-purwantono-1781775701983_43.jpeg?w=210&q=90,"PT Jasa Marga (Persero) Tbk (JSMR) terbuka untuk penjajakan investasi terhadap sejumlah tol yang telah beroperasi. Perseroan bahkan menyiapkan belanja modal ataucapital expenditure(capex) untuk seluruh kebutuhan, termasuk investasi tol Rp 12 triliun.

Direktur Utama Jasa Marga, Rivan Achmad Purwantono, menjelaskan capex diarahkan untuk optimalisasi jadwal konstruksi dan operasional tol baru secara bertahap. Hingga semester I-2026, realisasi capex perseroan telah mencapai Rp 4,4 triliun yang digunakan untuk operasional, pemeliharaan, dan investasi pembangunan tol.

""Serapan capex hingga tahun ini sangat tergantung pada kondisi realisasi di lapangan tentunya, namun kami estimasikan bahwa capex investasi sampai dengan akhir tahun 2026 ini adalah mencapai sekitar Rp 12 triliun,"" ungkap Rivan dalam acara Public Expose virtual, Rabu (9/9/2026).

Rivan mengatakan, perseroan terbuka terhadap investasi pada pembangunan tol baru yang sesuai dengan arah pengembangan perusahaan. Namun ia menegaskan, keputusan partisipasi dalam pengembangan tol akan diputuskan secara komprehensif dan mempertimbangkan prospek.

Pertimbangan investasi tersebut mencakup prospek lalu lintas, konektivitas, jaringan jalan tol existing, kelayakan investasi dan kemampuan finansial perusahaan. Jasa Marga juga terbuka untuk investasi di sektorbrownfield.

""Di dalam hal ekspansi ini tentu sesuai dengan arah strategis yang telah disampaikan sebelumnya, Jasa Marga juga terbuka untuk peluang investasi pada sektorbrownfieldmengingat saat ini tender jalan tol baru memang tidak terlalu banyak jika dibandingkan periode sebelumnya,"" jelasnya.

Saat ditanya terkait prosesstreamliningyang tengah dijalankan BP Badan Usaha Milik Negara (BUMN) dan Badan Pengelola Investasi (BPI) Daya Anagata Nusantara (Danantara), Rivan mengatakan Jasa Marga juga ikut berperan dalam transformasi tersebut. Menurutnya, langkah ini dilakukan untuk mengoptimalisasikan portofolio dan meningkatkan nilai tambah.

""Saat ini Jasa Marga terus berkoordinasi dan masih berkoordinasi baik dengan pemegang saham, dengan Danantara, BP BUMN, maupun perusahaan-perusahaan yang masuk di dalamstreamlining, di mana proses penataan tersebut juga tetap dilakukan dengan memperhatikan prinsip tata kelola yang baik,"" pungkasnya.

Lihat juga Video Viral Mobil Pecah Ban Massal di Tol Jagorawi, Jasa Marga Buka Suara

[Gambas:Video 20detik]"
Berita Ekonomi Bisnis,"59,8 Juta Rokok Ilegal di Jakarta Ditindak Bea Cukai, Negara Rugi Rp 46,79 M",https://finance.detik.com/berita-ekonomi-bisnis/d-8655278/59-8-juta-rokok-ilegal-di-jakarta-ditindak-bea-cukai-negara-rugi-rp-46-79-m,"Rabu, 09 Sep 2026 13:35 WIB",13 jam yang lalu,https://awsimages.detik.net.id/community/media/visual/2026/09/09/kepala-kantor-wilayah-bea-cukai-jakarta-hendri-darnadi-1788931242796_43.jpeg?w=210&q=90,"Kanwil Direktorat Jenderal Bea Cukai (DJBC) Jakarta telah melakukan penindakan terhadap rokok ilegal dengan jumlah 59,8 juta batang sepanjang tahun 2026. Menurut Kepala Kantor Wilayah Bea Cukai Jakarta, Hendri Darnadi, total kerugian tembus Rp 46,79 miliar.

Ia menyebut peredaran rokok ilegal tidak hanya merugikan negara, tetapi juga menciptakan persaingan usaha yang tidak sehat. Untuk itu, DJBC bersinergi dengan Kementerian Perindustrian dan instansi lainnya untuk melindungi industri hasil tembakau yang legal.

""Selama tahun 2026 sebanyak 413 kali kegiatan penindakan di bidang cukai, yang kemudian menghasilkan 59 juta, hampir 60 juta batang (rokok ilegal),"" kata Hendri dalam konferensi pers di Kantor Kanwil DJBC Jakarta, Rabu (9/9/2026).

Hendri menyebut jumlah tersebut meningkat sekitar 257% dibandingkan capaian pada periode yang sama tahun 2025. Kanwil DJBC Jakarta mencatat penindakan yang dilakukan tahun lalu mencapai 23 juta batang rokok ilegal.

""Jumlah tersebut meningkat 250% dibanding capaian pada periode yang sama tahun lalu, yaitu sampai 31 Agustus itu ada 23 juta batang. Ini menandakan bahwa ada permasalahan serius bahwa kegiatan perdagangan rokok ilegal ini sanga masif,"" tuturnya.

Sebagai informasi, total kerugian juga memperhitungkan hasil penindakan terhadap Minuman Mengandung Etil Alkohol (MMEA) sebanyak 12.093 liter. Selain itu, Bea Cukai Jakarta turut menindak 5.300 liter etil alkohol.Jumlah penindakan bidang cukai secara keseluruhan meningkat 31,7% dibandingkan capaian tahun 2025. Adapun nilai barang bidang cukai dari rokok ilegal, MMEA dan etil alkohol sepanjang 2026 tembus Rp 83,39 miliar.

Hendri menambahkan, isu ini harus menjadi atensi karena penerimaan negara dari cukai tergolong besar. Dengan beredarnya rokok ilegal, penerimaan negara atau fiskal bisa digerogoti.

""Yang harus menjadi atensi atau perhatian yang sangat serius dari kita semua, rokok merupakan salah satu di bidang cukai, merupakan sumber penerimaan negara terbesar. Jadi peredaraan rokok ilegal ini tidak hanya kemudian menggerogoti penerimaan negara atau fiskal,"" tegas Hendri.

Lihat juga Video: Petugas Bea Cukai Razia di Warung Madura Viral, Ternyata Cari Rokok Ilegal

[Gambas:Video 20detik]"
Fintech,"Bitcoin Masih Diminati Investor, Ini Tandanya",https://finance.detik.com/fintech/d-8655330/bitcoin-masih-diminati-investor-ini-tandanya,"Rabu, 09 Sep 2026 13:29 WIB",13 jam yang lalu,https://awsimages.detik.net.id/community/media/visual/2022/04/28/ilustrasi-bitcoin-atau-investasi-kripto_43.jpeg?w=210&q=90,"ETF Bitcoin spot di Amerika Serikat mencatat net inflow sekitar US$ 3,8 miliar selama tiga pekan perdagangan berturut-turut pada periode 17 Agustus-4 September 2026 berdasarkan data SoSoValue. Hal ini menunjukan, minat institusional terhadap bitcoin masih terjaga di tengah pergerakan harga yang volatil.

Harga Bitcoin sendiri sempat turun dari kisaran US$ 81.200 ke bawah US$ 79.000. Berdasarkan data CoinGecko pada Selasa (8/9), Bitcoin bergerak pada rentang sekitar US$ 78.200-US$ 79.600.

Chief Marketing Officer Indodax, Aloysia Dian, menilai konsistensi arus masuk ETF menjadi salah satu indikator yang dapat digunakan untuk melihat dinamika permintaan bitcoin.

""Yang menarik bukan hanya besarnya arus masuk, tetapi konsistensinya ketika harga bitcoin sedang mengalami tekanan. Ini menunjukkan bahwa pergerakan harga jangka pendek dan arus dana ke ETF tidak selalu bergerak searah, serta perlu melihat bitcoin dalam horizon yang lebih panjang, alih-alih bereaksi terhadap pergerakan harian,"" katanya dalam keterangan tertulis, Rabu (9/9/2026).

Di tengah kuatnya arus dana ETF, lanjutnya, perhatian pasar berikutnya tertuju pada rangkaian data ekonomi Amerika Serikat yang akan menjadi acuan sebelum keputusan The Fed. Producer Price Index (PPI) dijadwalkan dirilis pada 10 September, disusul Consumer Price Index (CPI) pada 11 September. Setelah itu, Federal Open Market Committee (FOMC) pada 15-16 September 2026, yang dinilai akan menjadi salah satu katalis utama.

Berdasarkan ekspektasi pasar saat ini, peluang kenaikan suku bunga sebesar 25 basis poin (bps) mencapai 58,4%, sementara peluang suku bunga tetap berada di 41,6%. Ekspektasi tersebut turut dipengaruhi data tenaga kerja Agustus yang menunjukkan penambahan 162.000 lapangan kerja dengan tingkat pengangguran sebesar 4,1%. Namun, arah ekspektasi pasar masih dapat berubah, seiring dirilisnya data inflasi sebelum pertemuan FOMC.

Aloysia menilai bahwa rangkaian data tersebut penting untuk dilihat sebagai bagian dari gambaran makro yang lebih luas, bukan sebagai penentu tunggal arah pasar.

""Arus dana ETF memberikan gambaran mengenai permintaan institusional, sementara PPI, CPI, dan keputusan The Fed akan menentukan bagaimana pasar membaca kondisi makro berikutnya. Namun, investor tetap perlu melihat seluruh indikator tersebut secara menyeluruh, melakukan riset mandiri (DYOR), dan tidak menjadikan satu data sebagai satu-satunya dasar pengambilan keputusan,"" tambahnya.

Simak juga Video BNN Ungkap Sulitnya Lacak Transaksi Narkoba Lewat Bitcoin-Kripto

[Gambas:Video 20detik]"
Berita Ekonomi Bisnis,Bea Cukai Tindak 10 Juta Batang Rokok Ilegal yang Rugikan Negara Rp 8 M,https://finance.detik.com/berita-ekonomi-bisnis/d-8655154/bea-cukai-tindak-10-juta-batang-rokok-ilegal-yang-rugikan-negara-rp-8-m,"Rabu, 09 Sep 2026 12:37 WIB",14 jam yang lalu,https://awsimages.detik.net.id/community/media/visual/2026/09/09/kepala-kantor-wilayah-bea-cukai-jakarta-hendri-darnadi-1788931242796_43.jpeg?w=210&q=90,"Direktorat Jenderal Bea Cukai (DJBC) melalui Kantor Wilayah Jakarta melakukan penindakan terhadap rokok ilegal di wilayah kerja Kanwil Bea Cukai Jakarta. Hasilnya sebanyak 10.067.000 batang rokok ilegal berhasil ditindak.

Kepala Kantor Wilayah Bea Cukai Jakarta, Hendri Darnadi mengatakan, jumlah tersebut diperoleh dari tiga penindakan dalam periode 31 Agustus sampai 1 September 2026. Estimasi potensi kerugian negara diperkirakan mencapai Rp 7,51 miliar.

""Kantor Wilayah DJBC Jakarta bekerja sama dengan Kantor Bea Cukai Marunda telah melakukan atau mengamankan sekitar 10 juta batang rokok ilegal di wilayah Pademangan, Jakarta Utara, dengan estimasi potensi kerugian negara mencapai Rp 7,5 miliar,"" kata Hendri dalam konferensi pers di kantor DJBC Jakarta, Rabu (9/9/2026).

Selain itu, Kantor Bea Cukai Marunda menerima limpahan sebanyak 45 koli berisi 716 ribu batang rokok ilegal dengan estimasi kerugian negara sekitar Rp 534 juta. Artinya total batang rokok ilegal yang diamankan mencapai 10,78 juta batang dengan total kerugian Rp 8 miliar.

""Total keseluruhan dari tiga rangkaian penindakan serta pelimpahan dari Polres Metro Jakarta Barat sekitar 10.783.800 batang rokok ilegal dengan estimasi kerugian negara adalah Rp 8 miliar,"" tuturnya.

Barang tersebut diketahui berasal dari wilayah Jawa Timur. Rencananya barang akan dipasarkan ke wilayah Jawa Barat, Sumatera, dan Kalimantan.

""Rokok ilegal tersebut berasal dari Jawa Timur yang akan dikirim ke daerah pemasaran. Sementara ini yang terdeteksi ke tiga tempat, yaitu Jawa Barat, Sumatera dan Kalimantan,"" ungkap Hendri.

Menurut Hendri, seluruh barang hasil penindakan dan barang yang diserahterimakan tersebut saat ini masih dilakukan proses penelitian lebih lanjut sesuai dengan ketentuan peraturan perundang-undangan.

Ia juga menambahkan pelaksanaan tugas ini dilakukan melalui sinergi bersama dengan Polri, Kejaksaan, TNI, Pemerintah Provinsi, dan berbagai kementerian/lembaga.

""Saya menyampaikan apresiasi atas sinergi dan kolaborasi yang terjalin sangat baik antara Bea Cukai dengan Komisi III DPR RI, Kementerian Perindustrian, Pemerintah Provinsi DKI Jakarta, Polri, TNI, Kejaksaan, serta seluruh instansi terkait dalam upaya melindungi masyarakat dari peredaran rokok ilegal."" tutup Hendri.

Lihat juga Video: Petugas Bea Cukai Razia di Warung Madura Viral, Ternyata Cari Rokok Ilegal

[Gambas:Video 20detik]"
Infrastruktur,Tol Probolinggo-Banyuwangi Beroperasi Awal 2027,https://finance.detik.com/infrastruktur/d-8655144/tol-probolinggo-banyuwangi-beroperasi-awal-2027,"Rabu, 09 Sep 2026 12:31 WIB",14 jam yang lalu,https://awsimages.detik.net.id/community/media/visual/2026/06/27/pembangunan-tol-probolinggo-banyuwangi-dikebut-ruas-gending-besuki-rampung-100-1782536255257_43.jpeg?w=210&q=90,"PT Jasa Marga (Persero) Tbk (JSMR) memastikan Tol Probolinggo-Banyuwangi mulai beroperasi pada awal 2027. Jasa Marga tengah melakukan persiapan untuk ruas Paiton-Besuki sebagai bagian dari operasional tol tersebut.

Direktur Pengembangan Usaha Jasa Marga, Ari Respati menjelaskan saat ini ruas Paiton-Besuki akan menjalani uji laik fungsi dan operasi (ULFO). Progress konstruksi ruas tersebut telah mencapai 92,66%.

Secara keseluruhan, seluruh ruas Tol Probolinggo-Banyuwangi ditargetkan operasional kuartal I tahun depan. Progress konstruksi di ruas Gending-Kraksaan dan Kraksaan-Paiton telah mencapai 100%.

""Jalan tol Probolinggo-Banyuwangi sepanjang 49,68 km yaitu Probolinggo-Situbondo Barat telah selesai dan saat ini proses ULFO untuk ruas Paiton-Besuki sebagai bagian dari persiapan pelaksanaan operasional yang direncanakan pada awal 2027,"" ungkap Ari dalam acara Public Expose virtual, Rabu (9/9/2026).

Selain itu, Ari juga menjelaskan proyek pembangunan tol yang tengah dikerjakan perseroan, seperti ruas Jakarta-Cikampek (Japek) II Selatan yang tengah proses pembangunan jalur Setu-Sadang.

Proyek selanjutnya, Tol Akses Patimban yang saat ini telah masuk dalam tahap pembangunan jalan tol sepanjang 14 km. Pembangunan ini dijalankan dengan skema pendanaan Viability Gap Funding (VGF) atau dukungan kelayakan finansial dari pemerintah.

""Perseroan menargetkan agar dapat dioperasikan di tahun 2028,"" jelasnya.

Sementara untuk Tol Jogja-Bawen, sudah masuk tahap penyelesaian terhadap ruas Yogyakarta-Banyurejo. Jasa Marga akan melakukan proses Profesional Hand Over (PHO) di akhir September setelah seluruh pekerjaan di lapangan selesai.

Selain itu terdapat ruas SS Ambarawa Junction Bawen yang saat ini juga telah memasuki fase tahap uji layak fungsi dan operasi. Ruas ini ditargetkan beroperasi di akhir tahun 2026.

Terakhir, proyek Tol Jogja-Solo. Dalam proyek tersebut, terdapat ruas Kartosuro-Prambanan yang telah beroperasi secara komersial, sedangkan tahap konstruksi tengah berlangsung untuk ruas Prambanan-Maguwoharjo dan Trianggo Junction Sleman.

""Target pengoperasian secara bertahap di 2027,"" pungkasnya.

Lihat juga Video Ringseknya Innova Zenix Usai Tabrak Truk di Tol Probolinggo

[Gambas:Video 20detik]"
Berita Ekonomi Bisnis,Garuda Cek Pesawat Sebelum Terbang Lagi Imbas Abu Vulkanik,https://finance.detik.com/berita-ekonomi-bisnis/d-8655135/garuda-cek-pesawat-sebelum-terbang-lagi-imbas-abu-vulkanik,"Rabu, 09 Sep 2026 12:25 WIB",14 jam yang lalu,https://awsimages.detik.net.id/community/media/visual/2026/09/09/garuda-cek-pesawat-sebelum-terbang-lagi-imbas-abu-vulkanik-1788931426427_43.jpeg?w=210&q=90,"Ratusan penerbangan di Indonesia dibatalkan sejak hari Minggu kemarin imbas ditutupnya beberapa bandara karena sebaran abu vulkanik dari aktivitas erupsi Gunung Anak Krakatau. Penerbangan baru bisa kembali dilakukan Selasa kemarin setelah bandara dibuka.

Kembali dibukanya bandara menjadi bagian penting dari pemulihan penerbangan setelah terdampak abu vulkanik. Namun, sebelum pesawat kembali melayani penumpang, semua maskapai mulai menyiapkan kondisi teknis armadanya melalui pemeriksaan dan pembersihan serta perawatan sesuai petunjuk pabrikan.

Proses seperti ini juga dilakukan oleh maskapai pelat merah Garuda Indonesia. Setiap armada Garuda menjalani penanganan berdasarkan kondisi dan hasil pemeriksaan masing-masing. Direktur Teknik Garuda Indonesia, Mukhtaris, menjelaskan bahwa kebutuhan penanganan dapat berbeda pada setiap pesawat.

""Pemeriksaan menjadi dasar untuk menentukan tindakan yang diperlukan pada masing-masing pesawat. Kami memastikan seluruh pemeriksaan dan perawatan yang dipersyaratkan telah diselesaikan sesuai panduan pabrikan sebelum pesawat dinyatakan laik terbang dan kembali melayani penumpang,"" ujar Mukhtaris dalam keterangannya, Rabu (9/9/2026).

Abu vulkanik memerlukan penanganan khusus karena partikelnya dapat menempel pada permukaan pesawat maupun masuk ke area komponen dan sistem. Oleh karena itu, penanganannya tidak hanya mencakup pembersihan bagian yang terlihat, tetapi juga pemeriksaan area yang berpotensi terdampak sesuai petunjuk pabrikan.

Pada pesawat yang parkir, perhatian antara lain diberikan pada bagian atas badan pesawat, sayap, dan ekor horizontal, tempat abu dapat mengendap. Saluran masuk udara serta bagian terbuka pada perangkat roda pendaratan juga diperiksa. Apabila pesawat mengalami paparan saat terbang, pemeriksaan turut mencakup kaca kokpit, bagian depan sayap, dan komponen mesin sesuai ketentuan pabrikan.

Penanganan dimulai dengan pemeriksaan awal pada bagian luar pesawat, mesin, saluran masuk udara, sensor, serta komponen lain yang berpotensi terdampak. Hasilnya menjadi acuan bagi teknisi untuk menentukan area yang perlu dibersihkan maupun memerlukan pemeriksaan lebih lanjut.

Area yang terdampak kemudian dibersihkan menggunakan metode dan material sesuai petunjuk pabrikan. Pemilihan cara pembersihan menjadi penting untuk menjaga kondisi komponen sekaligus mencegah abu masuk lebih jauh ke dalam sistem pesawat.

Jika hasil pemeriksaan menunjukkan perlunya penanganan tambahan, teknisi melanjutkan pemeriksaan dan perawatan sesuai ketentuan teknis yang disetujui. Dengan demikian, tindakan yang dilakukan mengikuti kebutuhan setiap pesawat berdasarkan hasil pemeriksaan.

Tahap berikutnya adalah verifikasi kelaikudaraan, yaitu memastikan pesawat memenuhi persyaratan teknis untuk dapat dioperasikan dengan aman. Pesawat hanya kembali melayani penerbangan setelah seluruh pekerjaan yang dipersyaratkan selesai dan status kelaikudaraannya memenuhi ketentuan yang berlaku.

Upaya menjaga kondisi pesawat dilakukan sejak armada berada di area yang berpotensi terdampak. Berkoordinasi dengan pengelola bandara, Garuda Indonesia melakukan tindakan perlindungan melalui pemasangan penutup pada mesin, saluran masuk udara, sensor, dan komponen lainnya sesuai instruksi pabrikan.

Langkah perlindungan, pemeriksaan, pembersihan, dan perawatan tersebut menjadi bagian yang saling melengkapi dalam memastikan kesiapan armada. Bersamaan dengan proses ini, Garuda Indonesia terus memantau informasi keselamatan penerbangan dan berkoordinasi dengan otoritas penerbangan, pengelola bandara, serta pihak terkait untuk mendukung pemulihan operasional secara bertahap.

""Keselamatan selalu menjadi prioritas utama kami dan landasan setiap keputusan operasional. Kami memahami bahwa penyesuaian penerbangan turut memengaruhi rencana dan waktu berharga para penumpang. Kepercayaan yang diberikan menjadi tanggung jawab kami untuk memastikan kesiapan pesawat dan layanan, agar setiap perjalanan dapat kembali berlanjut dengan aman dan nyaman,"" tutup Mukhtaris.

Lihat juga Video Imbas Erupsi Anak Krakatau! 2 Pesawat Garuda Mendarat di Kertajati

[Gambas:Video 20detik]"
Berita Ekonomi Bisnis,Elnusa Petrofin Salurkan Bantuan bagi Pengungsi Erupsi Gunung Sinabung,https://finance.detik.com/berita-ekonomi-bisnis/d-8655132/elnusa-petrofin-salurkan-bantuan-bagi-pengungsi-erupsi-gunung-sinabung,"Rabu, 09 Sep 2026 12:24 WIB",14 jam yang lalu,https://awsimages.detik.net.id/community/media/visual/2026/09/09/elnusa-petrofin-salurkan-bantuan-bagi-pengungsi-erupsi-gunung-sinabung-1788931445262_43.jpeg?w=210&q=90,"PT Elnusa Petrofin (EPN), anak usaha PT Elnusa Tbk (IDX : ELSA) bersama Pertamina Peduli menyalurkan bantuan logistik bagi sekitar 650 warga yang terdampak erupsi Gunung Sinabung. Para warga mengungsi di Jambur Pengungsian Desa Sukatepu, Kecamatan Simpang Empat, Kabupaten Karo, Sumatera Utara.

Bantuan yang diberikan meliputi 1.000 masker medis untuk membantu melindungi warga dari paparan abu vulkanik, 360 botol air mineral, 400 bungkus mi instan, 24 kaleng sarden, 50 kilogram beras, serta 120 botol susu steril.

Adapun erupsi Gunung Sinabung yang terjadi pada awal September mengakibatkan guguran abu vulkanik menjangkau sejumlah wilayah di sekitarnya. Kondisi tersebut mendorong ribuan warga meninggalkan tempat tinggal untuk sementara waktu dan berlindung di lokasi pengungsian demi menjaga keselamatan.

Sebagai respons terhadap kondisi tanggap darurat tersebut, Elnusa Petrofin melalui unit bisnis transportasi di Integrated Terminal Medan berkolaborasi dengan Pertamina Peduli menyalurkan bantuan yang disesuaikan dengan kebutuhan masyarakat selama berada di pengungsian.

Manager Corporate Communication & Relations Elnusa Petrofin, Putiarsa Bagus Wibowo, mengatakan bahwa kehadiran perusahaan dalam situasi bencana merupakan bagian dari komitmen untuk memberikan manfaat nyata bagi masyarakat, khususnya di sekitar wilayah operasional perusahaan.

""Dalam kondisi darurat akibat erupsi, masker menjadi kebutuhan penting untuk membantu melindungi masyarakat dari paparan abu vulkanik. Di sisi lain, ketersediaan pangan dan air minum juga perlu dipastikan agar kebutuhan dasar warga selama berada di pengungsian tetap terpenuhi,"" ujar Putiarsa dalam keterangan tertulis, Rabu (9/9/2026).

Menurut Putiarsa, bantuan tersebut merupakan wujud kepedulian sekaligus respons kolaboratif Elnusa Petrofin bersama Pertamina Peduli terhadap kebutuhan masyarakat terdampak.

""Kami berupaya hadir melalui bantuan yang relevan dan dapat langsung dimanfaatkan oleh masyarakat. Kami berharap dukungan ini dapat membantu memperkuat ketahanan logistik posko, meringankan beban para pengungsi, serta mendukung masyarakat dalam melewati masa tanggap darurat hingga kondisi berangsur pulih,"" tambahnya.

Bantuan diserahkan secara langsung kepada Kepala Desa Sukatepu, Josua Ginting, untuk selanjutnya dikelola dan didistribusikan kepada warga yang menetap di jambur pengungsian. Koordinasi bersama pemerintah desa dilakukan guna memastikan bantuan tersalurkan secara tepat sasaran dan sesuai dengan kebutuhan masyarakat terdampak.

Josua Ginting pun mengapresiasi kepedulian dan dukungan yang diberikan Elnusa Petrofin bersama Pertamina Peduli kepada masyarakat Desa Sukatepu.

""Kami mengucapkan terima kasih atas bantuan yang diberikan kepada warga kami yang saat ini berada di Jambur Pengungsian Desa Sukatepu. Bantuan ini akan kami optimalkan untuk memperkuat persediaan kebutuhan di posko agar manfaatnya dapat dirasakan oleh seluruh warga. Kami berharap dukungan ini dapat membantu meringankan kebutuhan masyarakat selama berada di pengungsian,"" ujar Josua.

Lihat juga Video: Nasib Warga Sekitar Gunung Sinabung Pasca Erupsi

[Gambas:Video 20detik]"
Berita Ekonomi Bisnis,BGN Larang Susu Kental Manis hingga Minuman Rasa Susu di Menu MBG,https://finance.detik.com/berita-ekonomi-bisnis/d-8655118/bgn-larang-susu-kental-manis-hingga-minuman-rasa-susu-di-menu-mbg,"Rabu, 09 Sep 2026 12:14 WIB",15 jam yang lalu,https://awsimages.detik.net.id/community/media/visual/2025/09/30/ilustrasi-makan-siang-gratis-1759218011364_43.jpeg?w=210&q=90,"Badan Gizi Nasional (BGN) melarang penggunaan sejumlah produk minuma susu dalam menu program Makan Bergizi Gratis (MBG). Produk yang dilarang mencakup minuman susu, minuman mengandung susu, minuman rasa susu, hingga susu kental manis.

Keputusan ini dihasilkan dalam rapat koordinasi BGN bersama sejumlah kementerian/lembaga dan asosiasi pada Selasa (8/9/2026). Rapat tersebut membahas pemanfaatan susu hewani dalam menu program MBG.

""BGN secara tegas melarang penggunaan produk minuman susu, minuman mengandung susu, minuman rasa susu, maupun susu kental manis dalam menu MBG,"" tulis keterangan dalam akun Instagram resmi BGN @badangizinasional.ri dikutip, Rabu (9/9/2026).

Sebagai gantinya, BGN merekomendasikan pemberian susu hewani bagi penerima manfaat yang meliputi ibu hamil, ibu menyusui, balita berusia di atas dua tahun, serta seluruh peserta didik.

Adapun kenis produk yang direkomendasikan mencakup susu pasteurisasi, UHT, dan susu steril full cream plain. Produk ini juga tidak diperbolehkan ditambah dengan gula, pengawet, perasa dan pewarna.

Kemudian dalam produk susu yang digunakan hari memliki kandungan susu segar minimal 80%, serta telah mengantongi izin edar resmi dari BPOM RI.

""Khusus untuk produk susu pasteurisasi, penanganannya wajib menggunakan sistem rantai dingin (cold chain) dari sarana produksi hingga sampai ke tangan penerima manfaat,"" tulis keterangan BGN.

Untuk pemberian susu hewani, BGN menetapkan dengan harga satuan Rp 3.000 untuk volume minimal 125 ml dan Rp 4.500 untuk volume 200 ml sampai di dapur pelaksana.

""Melalui keputusan ini, pemanfaatan susu hewani dalam menu MBG diharapkan tidak hanya memenuhi kecukupan konsumsi protein hewani bagi penerima manfaat, tetapi juga mendongkrak produktivitas serta kesejahteraan para peternak lokal di seluruh Indonesia,"" tutup keterangan BGN.

Simak juga Video IDAI ke BGN: Kebijakan Susu Formula Massal di MBG Berisiko

[Gambas:Video 20detik]"
Bursa Dan Valas,Emiten Rukun Raharja Rampungkan Akuisisi 5% Saham PT LNG,https://finance.detik.com/bursa-dan-valas/d-8655085/emiten-rukun-raharja-rampungkan-akuisisi-5-saham-pt-lng,"Rabu, 09 Sep 2026 12:00 WIB",15 jam yang lalu,https://awsimages.detik.net.id/community/media/visual/2021/11/19/ihsg-ditutup-menguat-1_43.jpeg?w=210&q=90,"PT Rukun Raharja Tbk (RAJA) telah merampungkan akuisisi 5% kepemilikan saham pada PT Layar Nusantara Gas (PT LNG) melalui entitas anak yang 99,99% sahamnya dimiliki perusahaan, yaitu PT Raharja Gas Kasuri. Penyelesaian transaksi ini ditandai dengan penandatanganan Akta Jual Beli Saham di hadapan notaris oleh PT Raharja Gas Kasuri dan Genting LNG Pte. Ltd. (Genting LNG) pada 4 September 2026, setelah terpenuhinya seluruh persyaratan yang diatur dalam Perjanjian Jual Beli Saham (Share Sale and Purchase Agreement/SSPA) yang telah ditandatangani oleh kedua belah pihak sebelumnya.

PT LNG merupakan pengembang infrastruktur midstream dan downstream, termasuk fasilitas Floating Liquefied Natural Gas (FLNG) pertama di Indonesia, sekaligus salah satu offtaker gas bumi yang diproduksikan dari Blok Kasuri di Papua Barat berdasarkan Kontrak Bagi Hasil Kasuri (Kasuri PSC). Transaksi ini merupakan bagian dari strategi ekspansi usaha perusahaan sekaligus kemitraan strategis yang lebih luas dengan Genting Berhad Group dalam pengembangan dan pengoperasian infrastruktur FLNG.

""Penyelesaian transaksi ini menandai tonggak penting dalam kemitraan strategis yang telah kami bangun bersama Genting Berhad Group. Kepemilikan saham kami di PT LNG memperkuat posisi RAJA Group di sepanjang rantai nilai LNG dan meletakkan fondasi bagi kolaborasi jangka panjang yang lebih luas untuk mendukung pengembangan ekosistem LNG di Indonesia,"" ujar Direktur Utama PT Rukun Raharja Tbk, Djauhar Maulidi dalam keterangan tertulis, Rabu (9/9/2026).

Lapangan Asap, Kido, dan Merah (AKM) di Blok Kasuri telah memperoleh persetujuan pemerintah melalui Rencana Pengembangan Lapangan pertama (Plan of Development/POD I). Rencana pengembangan yang telah disetujui tersebut mencakup pasokan gas bumi sebesar 230 mmscfd kepada fasilitas FLNG berkapasitas 1,2 mtpa selama 18 tahun, serta alokasi sekitar 102 mmscfd untuk pasar domestik.Melalui kepemilikan saham di PT LNG, RAJA memperoleh eksposur langsung pada segmen midstream dan likuefaksi gas, yang melengkapi portofolio Perseroan saat ini di bidang perdagangan gas, transportasi, dan infrastruktur energi. Investasi strategis ini memperluas kehadiran RAJA Group melampaui gas pipa menuju rantai nilai LNG terintegrasi yang lebih luas.Keikutsertaan dalam proyek FLNG pertama di Indonesia juga menempatkan Perseroan pada segmen yang partisipasi perusahaan domestiknya masih terbatas, sekaligus membuka peluang kolaborasi lebih lanjut dengan Genting Berhad Group dalam ekosistem LNG di Indonesia. Alokasi gas dari proyek ini untuk pasar domestik turut mendukung agenda ketahanan energi nasional dan sejalan dengan strategi pengembangan usaha jangka panjang RAJA.

Lihat juga Video: Netflix Tolak Naikkan Tawaran, Paramount Fix Akuisisi Warner Bros?

[Gambas:Video 20detik]"
Berita Ekonomi Bisnis,Jaguar Land Rover Bakal PHK 4.000 Karyawan,https://finance.detik.com/berita-ekonomi-bisnis/d-8655076/jaguar-land-rover-bakal-phk-4-000-karyawan,"Rabu, 09 Sep 2026 11:54 WIB",15 jam yang lalu,https://awsimages.detik.net.id/community/media/visual/2019/07/30/d4ecd2df-1f04-4eff-b862-f0febc364608_43.jpeg?w=210&q=90,"Pabrik mobil raksasa Jaguar Land Rover (JLR) menyatakan akan melakukan pemutusan hubungan kerja (PHK) terhadap 4.000 karyawan. Rencananya pemangkasan ini akan dilakukan bertahap selama dua tahun ke depan yang sebagian besar menyasar karyawan kantor pusat di Inggris.

MelansirBBC, Rabu (9/9/2026), keputusan PHK massal ini diambil sebagai respons atas berbagai hambatan usaha yang kini sedang dialami JLR. Mulai dari persaingan dengan mobil listrik murah China, hingga serangan siber serta imbas kebijakan tarif Presiden Amerika Serikat (AS) Donald Trump.

""Perusahaan berkomitmen untuk mendukung semua orang dengan penuh perhatian, keadilan, dan rasa hormat melalui proses pemutusan hubungan kerja,"" kata CEO Jaguar Land Rover, PB Balaji.

""Industri otomotif menghadapi tantangan signifikan, dengan perubahan teknologi di tengah persaingan ketat dan ketidakpastian geopolitik yang berkelanjutan,"" tambahnya.

Perusahaan berharap dapat mencapai pengurangan tersebut melalui program PHK sukarela dengan jangka waktu pengajuan hingga 4 Oktober.

Namun di luar itu JLR akan melakukan PHK wajib meski dengan persyaratan yang kurang menguntungkan bagi perusahaan. Karyawan yang terkena pemangkasan dikatakan akan menerima email dalam beberapa hari mendatang.

Melalui PHK massal ini, perusahaan menargetkan penghematan biaya sekitar 1,7 miliar poundsterling atau Rp 40,42 triliun (kurs Rp 23.780/pounds Inggris) dalam dua tahun ke depan.

Untuk diketahui, produsen mobil asal Inggris ini mengalami penurunan penjualan imbas kalah saing dengan mobil dari China, sebuah negara yang awalnya dilihat JLR sebagai pasar untuk pertumbuhan daripada sumber persaingan.

Masalah jangka panjang Jaguar Land Rover semakin diperparah setelah perusahaan mengalami serangan siber tahun lalu. Hal ini sempat menyebabkan perusahaan yang mempekerjakan 43.000 orang di seluruh dunia itu menghentikan lini produksi mereka selama lebih dari sebulan.

Belum lagi, aturan tarif yang diberlakukan oleh Presiden AS Donald Trump juga merugikan perusahaan karena tidak seperti banyak pesaingnya, mereka tidak memiliki pabrik di AS.

Dalam laporan keuangan tahunan hingga akhir Maret, JLR menyatakan bahwa tarif AS dan serangan siber merupakan alasan utama mengapa penjualannya anjlok 20% menjadi 22,9 miliar poundsterling (Rp 544 triliun) dari 29 miliar poundsterling (Rp 689 triliun) pada dua tahun sebelumnya.

Lihat juga Video: #TanyadetikFinance Ada Sinyal Apa di Balik PHK Besar-besaran Tokopedia?

[Gambas:Video 20detik]"
Berita Ekonomi Bisnis,Inggris Larang Total Impor Produk dari Permukiman Ilegal Israel di Tepi Barat,https://finance.detik.com/berita-ekonomi-bisnis/d-8655060/inggris-larang-total-impor-produk-dari-permukiman-ilegal-israel-di-tepi-barat,"Rabu, 09 Sep 2026 11:45 WIB",15 jam yang lalu,https://awsimages.detik.net.id/community/media/visual/2022/09/12/ilustrasi-impor-ekspor_43.jpeg?w=210&q=90,"Inggris mengumumkan larangan impor seluruh produk yang berasal dari permukiman ilegal Israel di Tepi Barat. Kebijakan ini menjadi salah satu langkah paling tegas yang diambil Inggris sejak mengakui kedaulatan negara Palestina tahun lalu.

Dikutip dariAlJazeera, Menteri Luar Negeri Inggris Ed Miliband menuduh Israel melakukan pembersihan etnis terhadap warga Palestina. Ia juga menegaskan, pemerintah Inggris memandang perluasan permukiman Israel di Tepi Barat sebagai tindakan yang melanggar hukum.

Miliband juga mengumumkan pembatasan baru yang lebih ketat terhadap penjualan senjata ke Israel. Namun Israel juga mengumumkan empat balasan, termasuk melarang 12 anggota parlemen Inggris memasuki Israel dan menutup konsulat Inggris di Yerusalem.

Larangan Inggris terhadap perdagangan barang dari permukiman ilegal Israel ini diberlakukan di tengah meningkatnya kekerasan oleh pemukim Israel terhadap komunitas Palestina di Tepi Barat. Perluasan permukiman tersebut juga memicu perdebatan di Eropa mengenai pembatasan perdagangan dengan wilayah tersebut.

Setelah pidato Miliband di parlemen, 12 negara mengeluarkan pernyataan bersama yang mendukung solusi dua negara. Mereka juga menyatakan akan mempertimbangkan pembatasan perdagangan dengan permukiman ilegal Israel.

Prancis, Inggris, Kanada, Denmark, Spanyol, Finlandia, Irlandia, Islandia, Norwegia, Polandia, Portugal, dan Swedia menyerukan pemerintah Israel untuk menghentikan perluasan permukiman.

Larangan Inggris terhadap perdagangan dengan permukiman ilegal Israel mencakup impor semua barang dari permukiman ilegal Israel di Tepi Barat. Selain itu, Inggris juga akan menjatuhkan sanksi terhadap semua organisasi, bisnis, dan individu yang menyediakan konstruksi, infrastruktur, pembiayaan, atau properti untuk perluasan permukiman.

Kemudian larangan total terhadap iklan penjualan properti di permukiman ilegal di Tepi Barat di Inggris. Sanksi juga akan dijatuhkan terhadap pemukim ekstremis yang telah mendukung atau menghasut kekerasan terhadap warga Palestina.

Semua izin ekspor baru untuk senjata dan ekspor lainnya yang secara material berkontribusi pada pendudukan akan ditolak. Inggris telah menangguhkan lebih dari 30 izin senjata yang digunakan oleh tentara Israel di Gaza.

Inggris merupakan salah satu mitra dagang penting bagi Israel. Nilai perdagangan kedua negara mencapai 6 miliar poundsterling atau sekitar Rp 142,76 triliun (kurs Rp 23.793) pada 2025.

Meski sulit memastikan nilai barang yang berasal langsung dari permukiman, Inggris diperkirakan mengimpor barang senilai 38 juta poundsterling dari wilayah pendudukan tersebut sepanjang 2025.

Sejumlah produk yang banyak diimpor Inggris dari Israel antara lain batu dan logam mulia, peralatan teknis dan medis, plastik, mesin, serta produk pertanian seperti buah-buahan. Sebaliknya, Inggris mengekspor berbagai produk ke Israel, termasuk peralatan pertahanan seperti drone, helikopter, dan komponen pesawat.

Pada 2024, Inggris sempat menangguhkan sekitar 30 lisensi ekspor senjata karena tindakan Israel di Gaza, namun pengecualian diberikan untuk komponen pesawat tempur F-35, yang dapat diakses Israel melalui mitra lain seperti AS. Pada Mei 2025, Inggris juga menangguhkan negosiasi untuk memodernisasi perjanjian perdagangan agar mencakup perdagangan digital dan bidang lainnya.

Simak juga Video: Prabowo Ungkap Praktik Gelap Ekspor-Impor RI Sudah Ada Puluhan Tahun

[Gambas:Video 20detik]"
Berita Ekonomi Bisnis,"Cuma Garuk Punggung, Pria Ini Cuan Rp 220 Juta Sebulan",https://finance.detik.com/berita-ekonomi-bisnis/d-8655037/cuma-garuk-punggung-pria-ini-cuan-rp-220-juta-sebulan,"Rabu, 09 Sep 2026 11:35 WIB",15 jam yang lalu,https://awsimages.detik.net.id/community/media/visual/2021/03/30/kulit-gatal_43.jpeg?w=210&q=90,"Siapa sangka ide sederhana bisa menjadi 'tambang' uang? Bermodalkan jasa garuk punggung, seorang pria di China bagian selatan berhasil membangun jaringan bisnis yang mencetak cuan hingga 100.000 yuan atau sekitar Rp 220 juta (kurs Rp 2.200 per Yuan China) setiap bulan.

MelansirSCMP, Rabu (9/9/2026), usaha unik ini dipelopori oleh Zhang Xiaoqiao (32 tahun). Ia pertama kali membuka bisnis garuk punggung tersebut di Distrik Baoan, Shenzhen, pada awal Mei 2026. Hanya berselang satu bulan, ia membuka gerai cabang di Distrik Futian.

Pada dasarnya Zhang bukanlah orang baru dalam menjajaki usaha-usaha baru. Setelah lulus dari universitas yang kurang dikenal, ia sempat mencoba tujuh pekerjaan berbeda dalam satu tahun.

Sebelum menginjak usia 30 tahun, ia telah mendirikan dua perusahaan di sektor e-commerce lintas batas, meskipun keduanya kesulitan untuk meraih kesuksesan. Hingga dua tahun lalu, ia juga sempat berkecimpung di industri konten kreator, namun gagal memberikan dampak yang signifikan.

Sampai tahun lalu ia secara tidak sengaja menemukan sebuah klip yang menampilkan seorang wanita sedang menggaruk punggung suaminya yang gatal saat sedang melihat-lihat video pendek di media sosial. Ia melihat banyak penonton berkomentar bahwa mereka bersedia membayar seseorang untuk melakukan hal yang sama untuk mereka.

Zhang teringat kenangan masa kecil saat ayahnya sering menggaruk punggungnya, sesuatu yang membantunya tidur nyenyak, dan hal itulah yang kemudian menginspirasinya untuk membuka jasa layanan garuk punggung ini

Dengan mengusung merek Suma, staf yang dipekerjakan Zhang mengenakan alat bantu berbentuk kuku runcing yang dirancang untuk menggaruk tubuh pelanggan secara lembut saat mereka berbaring tengkurap, mirip dengan suasana tempat pijat.

Dengan tarif 300 yuan atau Rp 660.000 per jam, layanan ini bertujuan untuk meredakan stres dan meningkatkan kualitas tidur. Sesekali, staf akan menggaruk area tubuh tertentu yang terasa gatal untuk membantu pelanggan rileks, bahkan memancing tawa.

""Di kota-kota besar, orang-orang umumnya mengalami tingkat stres yang tinggi. Akibatnya, layanan ini sangat diminati,"" ungkap Zhang.

Karena belum ada jenis layanan seperti ini di China, Zhang harus melakukan riset dan mengembangkan teknik menggaruk yang efektif secara mandiri dari nol. Namun usahanya ini benar-benar memberikan buah yang manis.

Pasalnya kedua gerainya ini secara total berhasil meraup pendapatan kotor sebesar 100.000 yuan atau Rp 220 juta setiap bulan. Berkat itu, dirinya bisa mencapai titik break-even point alias balik modal dalam waktu singkat dan mulai mencetak keuntungan.

""Kami melayani pelanggan pria maupun wanita, dengan pelanggan pria mencakup sekitar 70%,"" ujar Zhang.

""Beberapa pelanggan mengatakan layanan kami lebih menenangkan dibandingkan pijat pada umumnya, sehingga kami memiliki basis pelanggan setia yang kembali menggunakan jasa kami,"" sambungnya.

Kini Zhang berencana membuka 100 gerai di seluruh negeri. Di luar itu ia berharap agar jasa garuk punggung ini dapat diakui sebagai profesi secara luas.

Lihat juga Video: Cuan Ratusan Juta Rupiah dari Manisnya Budidaya Buah Kelengkeng

[Gambas:Video 20detik]"
Berita Ekonomi Bisnis,Pengadaan Pemerintah Rp 1.200 T Bisa Jadi Peluang buat UMKM,https://finance.detik.com/berita-ekonomi-bisnis/d-8655064/pengadaan-pemerintah-rp-1-200-t-bisa-jadi-peluang-buat-umkm,"Rabu, 09 Sep 2026 11:19 WIB",15 jam yang lalu,https://awsimages.detik.net.id/community/media/visual/2015/12/08/40f820c2-1489-4bf8-8e7f-a764f4cd3090_43.jpg?w=210&q=90,"Peluang Usaha Mikro, Kecil, dan Menengah (UMKM) dan koperasi untuk terlibat dalam pengadaan barang dan jasa pemerintah semakin lebar. Nilai pengadaan pemerintah rata-rata mencapai Rp 1.200 triliun setiap tahun dan memiliki daya ungkit yang sangat besar terhadap perekonomian nasional.

UMKM dan koperasi yang terlibat dalam pengadaan barang dan jasa pemerintah juga mendapatkan layanan penjaminan dari PT Jaminan Kredit Indonesia (Persero) atau Jamkrindo. Hal ini ditandai dengan penandatanganan Nota Kesepahaman (MoU) Jamkrindo dengan Lembaga Kebijakan Pengadaan Barang/Jasa Pemerintah (LKPP) tentang Pemanfaatan Layanan Penjaminan.

Direktur Utama Jamkrindo Abdul Bari mengatakan kerja sama ini menjadi langkah strategis untuk memperkuat ekosistem pengadaan barang/jasa pemerintah melalui pemanfaatan layanan penjaminan dari Jamkrindo, sekaligus memperluas akses penjaminan bagi para pelaku usaha, khususnya UMKM dan koperasi yang terlibat dalam pengadaan pemerintah.

Ruang lingkup MoU mencakup tiga hal utama, yaitu pemanfaatan layanan interkoneksi host-to-host dari Jamkrindo untuk mendukung pengadaan barang/jasa pemerintah secara elektronik melalui aplikasi yang dikelola LKPP; pemanfaatan layanan penjaminan; serta sosialisasi dan penyebarluasan informasi terkait pengadaan barang/jasa pemerintah dan penjaminan melalui publikasi, seminar, pelatihan, maupun workshop bersama.

""Kerja sama ini mempertemukan dua mandat besar: LKPP membangun ekosistem pengadaan yang efektif, efisien, transparan, dan akuntabel, sementara Jamkrindo menghadirkan penjaminan untuk meningkatkan aksesibilitas finansial dan kapasitas pelaku usaha. Sinergi kedua mandat ini dapat menciptakan multiplier effect bagi perekonomian nasional,"" ujar Abdul Bari dalam keterangan tertulis, Rabu (9/9/2026).

Abdul Bari mengatakan penjaminan berperan sebagai instrumen kepercayaan dalam pengadaan barang/jasa. Pemerintah membutuhkan kepastian bahwa penyedia dapat memenuhi kewajibannya, sementara penyedia memerlukan instrumen untuk memenuhi persyaratan sekaligus mengelola risiko. Hal ini sejalan dengan Peraturan Lembaga Kebijakan Pengadaan Barang/Jasa Pemerintah Republik Indonesia Nomor 12 Tahun 2021 dan Peraturan Menteri Keuangan Nomor 145/PMK.05/2017 yang mengatur penggunaan surat jaminan dalam pelaksanaan kegiatan pengadaan barang dan jasa, termasuk penerbitan surat jaminan oleh perusahaan penjaminan.

Dalam konteks pengadaan barang/jasa pemerintah, Jamkrindo memiliki produk suretyship yang menjadi salah satu instrumen strategis untuk memberikan kepastian atas pemenuhan kewajiban kontraktual. Melalui layanan ini, Jamkrindo mendukung kelancaran proses pengadaan sekaligus memperluas akses pelaku usaha untuk berpartisipasi dalam proyek pemerintah.

Ke depan, kerja sama ini akan diterjemahkan ke dalam langkah implementasi yang lebih konkret melalui perjanjian kerja sama. Jamkrindo dan LKPP akan melakukan pemantauan dan evaluasi secara berkala untuk memastikan pelaksanaan kerja sama berjalan sesuai tujuan serta menjadi dasar bagi penyempurnaan program kerja sama selanjutnya.

""Kami berharap kolaborasi ini nantinya berkembang lebih luas, tidak hanya menjadi hubungan bilateral antara LKPP dan Jamkrindo, tetapi menjadi sebuah ekosistem kolaborasi yang memberikan manfaat nyata bagi penguatan ekosistem pengadaan pemerintah dan pertumbuhan ekonomi nasional,"" pungkas Abdul Bari.

Kepala LKPP Sarah Sadiqa menyampaikan bahwa dengan nilai pengadaan pemerintah yang rata-rata mencapai Rp 1.200 triliun setiap tahun, pengadaan memiliki daya ungkit yang sangat besar terhadap perekonomian nasional. Karena itu, setiap rupiah yang dibelanjakan pemerintah harus dikelola secara akuntabel, transparan, tepat guna, serta mampu menghasilkan nilai terbaik bagi masyarakat. Menurutnya, besarnya skala pengadaan tersebut juga menuntut pembangunan ekosistem pengadaan yang semakin kredibel, inklusif, dan efisien. Untuk mewujudkannya, pemerintah membutuhkan kolaborasi yang kuat antara regulator, legislatif, pelaku usaha, serta seluruh pemangku kepentingan.

Ia mengatakan kemitraan antara LKPP dan Jamkrindo memiliki arti strategis dalam mendukung transformasi digital pengadaan barang dan jasa pemerintah. Melalui Nota Kesepahaman dan interkoneksi sistem secara host-to-host, layanan penjaminan diharapkan menjadi lebih mudah, cepat, transparan, dan terintegrasi sehingga dapat memperkuat kepercayaan, kepastian, serta kualitas tata kelola pengadaan pemerintah. Lebih dari itu, kolaborasi tersebut diharapkan membuka ruang partisipasi yang lebih luas bagi UMKM dengan memberikan rasa aman dan kepastian berusaha serta peluang untuk berkompetisi secara sehat dalam pengadaan pemerintah.

""Nota kesepahaman ini merupakan langkah konkret untuk memperkuat kepercayaan, memberikan kepastian, dan meningkatkan kualitas tata kelola pengadaan pemerintah. Lebih dari itu, kolaborasi ini harus membuka ruang partisipasi seluas-luasnya bagi UMKM. Semakin banyak UMKM yang terlibat dalam rantai pasok pemerintah, semakin besar pula dampaknya terhadap penguatan kapasitas usaha, perluasan akses pembiayaan, penciptaan lapangan kerja, dan pemerataan pertumbuhan ekonomi,"" ujarnya.

Ketua Komisi XI DPR RI Mukhamad Misbakhun mengapresiasi kolaborasi LKPP dan Jamkrindo dalam memperkuat ekosistem pengadaan barang dan jasa pemerintah melalui layanan penjaminan. Ia berharap kolaborasi ini dapat memberikan manfaat yang lebih luas bagi pelaku usaha, khususnya UMKM, serta turut mendorong pertumbuhan dan penguatan ekonomi nasional.

""Kolaborasi LKPP dan Jamkrindo merupakan salah satu upaya konkret untuk memperkuat daya tahan ekonomi nasional serta mendorong UMKM berkembang dari usaha kecil menjadi pelaku usaha yang lebih besar,"" ujarnya."
Berita Ekonomi Bisnis,PM Singapura Sumbangkan Kenaikan Gaji Rp 24 M Selama 5 Tahun,https://finance.detik.com/berita-ekonomi-bisnis/d-8655007/pm-singapura-sumbangkan-kenaikan-gaji-rp-24-m-selama-5-tahun,"Rabu, 09 Sep 2026 11:06 WIB",16 jam yang lalu,https://awsimages.detik.net.id/community/media/visual/2024/05/16/sosok-lawrence-wong-perdana-menteri-baru-singapura-1_43.jpeg?w=210&q=90,"Perdana Menteri (PM) Singapura, Lawrence Wong, berencana menyumbangkan seluruh kenaikan gajinya selama lima tahun ke depan. Hal ini ia lakukan sebagai bentuk komitmen terhadap gagasan tentang revisi gaji politik adalah demi kepentingan negara.

Gaji tahunan Wong akan naik menjadi US$ 3,6 juta atau sekitar Rp 63,22 miliar (kurs Rp 17.562) dari sebelumnya US$ 2,2 juta atau sekitar Rp 38,64. Gaji tersebut sudah termasuk bonus.

Jika diakumulasi, Wong akan menyumbangkan gajinya sekitar US$ 1,4 juta atau sekitar Rp 24,59 miliar per tahun. Gaji PM Singapura ditetapkan dua kali lipat dari patokan gaji menteri tingkat pemula, yang akan direvisi menjadi US$ 1,8 juta dari US$ 1,1 juta.

""Pemerintah akan terus membayar saya gaji yang telah ditetapkan dalam kerangka kerja yang ada, begitulah cara sistem kita bekerja. Kemudian saya akan menyumbangkan kenaikan gaji tersebut untuk tujuan amal yang sesuai,"" kata Wong dikutip dariThe Straits Times, Rabu (9/9/2026).

Ia mengatakan, keputusan tersebut menjadi bagian dari usulan komite peninjau untuk menaikkan gaji para pemegang jabatan politik di Singapura, termasuk semua menteri dan PM. Namun untuk jabatan PM tidak menerima bonus kinerja dan hanya mendapatkan bonus nasional. Wong juga mengaku tidak mendorong pejabat politik lainnya untuk mengikuti langkahnya.

""Pada umumnya, saya tidak percaya pada praktik mempertontonkan pemberian amal di depan umum. Namun, meskipun kerangka gaji merupakan keputusan Kabinet, sebagai Perdana Menteri, saya memikul tanggung jawab utama atas hal itu. Jadi, saya ingin menjelaskan bagaimana saya secara pribadi akan menangani kenaikan ini dan mengapa saya mengambil langkah perubahan ini karena saya percaya ini demi kepentingan Singapura,"" katanya.

Wong mengatakan dirinya akan mengevaluasi kembali posisinya setelah lima tahun, dengan mempertimbangkan kondisi yang ada saat itu. Menurutnya, meski ingin terus mendukung tujuan-tujuan yang baik, ia tidak ingin membuat komitmen publik tanpa batas waktu. Ia juga tak ingin langkahnya justru menimbulkan anggapan bahwa perdana menteri berikutnya harus mengikuti pilihannya.

Simak juga Video: Peringatan PM Singapura untuk Negara di Dunia: Kenali Bahaya

[Gambas:Video 20detik]"
Berita Ekonomi Bisnis,"Dari Pupuk ke Panen, Begini Peran Pupuk Indonesia dalam Jaga Ketahanan Pangan",https://finance.detik.com/berita-ekonomi-bisnis/d-8654948/dari-pupuk-ke-panen-begini-peran-pupuk-indonesia-dalam-jaga-ketahanan-pangan,"Rabu, 09 Sep 2026 10:34 WIB",16 jam yang lalu,https://awsimages.detik.net.id/community/media/visual/2025/03/21/pupuk-indonesia-1742552282275_43.jpeg?w=210&q=90,"Ketahanan pangan tidak hanya berbicara mengenai seberapa banyak hasil panen yang dihasilkan petani. Di balik setiap produksi pertanian terdapat rantai panjang yang menentukan keberhasilan panen, salah satunya ketersediaan pupuk yang terjangkau dan mudah diakses.

Dalam konteks tersebut, industri pupuk memiliki posisi strategis dalam mendukung ketahanan pangan nasional. Pupuk menjadi salah satu input penting untuk membantu menjaga produktivitas tanaman sekaligus memastikan petani dapat memenuhi kebutuhan produksi.

Peran tersebut menjadi semakin penting ketika pemerintah tengah mendorong swasembada pangan. Ketersediaan pupuk tidak hanya berkaitan dengan kebutuhan industri, tetapi berhubungan langsung dengan aktivitas petani di lapangan.

PT Pupuk Indonesia (Persero) menjadi salah satu perusahaan yang memiliki peran penting dalam rantai tersebut. Selain menjaga kapasitas produksi, perusahaan juga melakukan transformasi untuk memastikan pupuk dapat tersedia dan lebih mudah diakses oleh petani.

Dari Pabrik hingga Lahan Petani

Pupuk yang diproduksi di pabrik pada akhirnya harus sampai ke lahan pertanian. Karena itu, keberhasilan industri pupuk tidak hanya diukur dari kapasitas produksi, tetapi juga dari kemampuan menjaga kelancaran distribusi.

Pupuk Indonesia mencatat sepanjang 2025 telah menyalurkan 8.110.571 ton pupuk bersubsidi. Jumlah tersebut meningkat 10,68% dibandingkan tahun sebelumnya.

Peningkatan penyaluran tersebut didukung implementasi sistem i-Pubers yang mempercepat dan mempermudah proses penebusan pupuk bersubsidi.

Selain itu, penerapan Peraturan Presiden Nomor 6 Tahun 2025 turut menyederhanakan tata kelola penyaluran pupuk bersubsidi sehingga proses distribusi diharapkan menjadi lebih cepat, mudah dan tepat sasaran.

Hingga 1 September 2026, Pupuk Indonesia telah menyalurkan pupuk bersubsidi sebanyak 6,33 juta ton atau 64,3% dari alokasi 9,8 juta ton yang ditetapkan Pemerintah. Angka tersebut menggambarkan besarnya skala distribusi pupuk yang harus dikelola agar kebutuhan petani dapat terpenuhi.

Harga Pupuk Turun, Akses Petani Diperkuat

Selain memastikan ketersediaan, harga juga menjadi faktor penting bagi petani. Biaya pupuk merupakan salah satu komponen dalam biaya produksi pertanian sehingga perubahan harga dapat memengaruhi kemampuan petani dalam mengelola lahan.

Presiden RI Prabowo Subianto mengatakan pemerintah berhasil menurunkan harga pupuk hingga 20%. Menurutnya, kondisi tersebut merupakan yang pertama kali terjadi dalam sejarah.

""Pertama kali harga pupuk dapat kita turunkan kepada rakyat,"" kata Prabowo dalam pidato Sidang Tahunan MPR dan Sidang Bersama DPR-DPD RI, Jumat (14/8/2026).

Menurut Prabowo, penurunan harga tersebut juga diikuti dengan peningkatan volume ketersediaan pupuk bagi masyarakat.

""Pada saat yang sama harga turun, tapi volume ketersediaan tambah untuk rakyat kita. Sehingga rakyat kita sekarang mudah mendapatkan pupuk dan karena itu produksi meningkat,"" ujarnya.

Dengan harga yang lebih terjangkau dan akses yang semakin mudah, pupuk diharapkan dapat membantu petani menjaga produktivitas tanaman.

Dampaknya tidak berhenti di tingkat petani. Ketika produktivitas meningkat, pasokan hasil pertanian juga berpotensi meningkat sehingga memperkuat ketersediaan pangan di dalam negeri.

Kapasitas Produksi Jadi Penyangga

Untuk memastikan kebutuhan pupuk domestik tetap terpenuhi, kapasitas produksi menjadi salah satu faktor penting.

Pupuk Indonesia memiliki kapasitas produksi nasional sekitar 14,8 juta ton per tahun. Kapasitas tersebut memberikan ruang bagi perusahaan untuk memenuhi kebutuhan pupuk dalam negeri sekaligus merespons peluang pasar global tanpa mengganggu pasokan bagi petani Indonesia.

Kapasitas produksi tersebut juga perlu ditopang oleh fasilitas yang produktif. Karena itu, Pupuk Indonesia menyiapkan program peremajaan atau revitalisasi tujuh pabrik dalam lima tahun ke depan.

Penguatan kinerja keuangan yang dicapai perusahaan turut memberikan ruang untuk meningkatkan investasi dalam program revitalisasi tersebut. Melalui modernisasi fasilitas produksi, Pupuk Indonesia dapat meningkatkan kapasitas sekaligus efisiensi produksi, sehingga aset yang dimiliki dapat memberikan nilai tambah yang lebih optimal.

Dengan fasilitas yang lebih produktif dan efisien, kemampuan perusahaan dalam menjaga keberlanjutan pasokan pupuk diharapkan semakin kuat, sekaligus mendukung ketersediaan pupuk yang tetap terjangkau bagi petani.

Kinerja Perusahaan dan Ketahanan Pangan

Di tengah perannya dalam menjaga pasokan pupuk, Pupuk Indonesia juga mencatatkan kinerja keuangan positif.

Sepanjang Januari-Juni 2026, perusahaan membukukan laba bersih Rp8,51 triliun atau tumbuh 253% dibandingkan periode yang sama tahun sebelumnya.

Pendapatan perusahaan mencapai Rp59,67 triliun atau tumbuh 51%, sedangkan EBITDA meningkat 140% menjadi Rp14,28 triliun. Kinerja tersebut didorong peningkatan volume produksi dan efisiensi biaya operasional.

Direktur Utama Pupuk Indonesia Rahmad Pribadi mengatakan transformasi yang dilakukan perusahaan tidak hanya ditujukan untuk memperkuat kinerja bisnis.

Menurutnya, fondasi keuangan yang semakin kuat akan memberikan ruang bagi perusahaan untuk memberikan kontribusi lebih besar terhadap ketahanan pangan nasional.

""Berkat dukungan pemerintah melalui Danantara transformasi bisnis secara menyeluruh sudah mulai membuahkan hasil berupa capaian kinerja keuangan yang membanggakan. Dengan fondasi keuangan yang semakin kuat, kami optimistis pertumbuhan ini berkelanjutan, bukan hanya untuk kinerja perusahaan, tapi juga untuk kontribusi yang lebih besar terhadap ketahanan pangan nasional,"" ujar Rahmad.

Artinya, kinerja keuangan dan peran strategis perusahaan dalam ekosistem pangan memiliki keterkaitan. Perusahaan yang sehat secara finansial memiliki kapasitas lebih besar untuk menjaga operasional, melakukan investasi dan memastikan keberlangsungan pasokan.

Efisiensi untuk Menjaga Harga dan Pasokan

Menariknya, pertumbuhan laba Pupuk Indonesia terjadi ketika pemerintah juga menurunkan harga pupuk.Kondisi tersebut tidak terlepas dari strategi perusahaan meningkatkan efisiensi. Pupuk Indonesia menerapkan operational excellence dan cost leadership secara disiplin untuk menjaga daya saing.

Perusahaan juga melakukan diversifikasi sumber pendapatan dengan memperkuat segmen non-subsidi dan produk non-pupuk. Di sisi bahan baku, Pupuk Indonesia memperluas sumber pasokan dan skema kontrak untuk meredam dampak volatilitas harga komoditas global terhadap struktur biaya.

Langkah tersebut penting karena kemampuan menyediakan pupuk dengan harga yang terjangkau membutuhkan struktur biaya yang sehat. Rahmad mengatakan seluruh transformasi tersebut pada akhirnya diarahkan kepada kepentingan petani.

""Sejalan dengan agenda transformasi BUMN yang didorong Danantara, semua perubahan struktural ini bermuara pada satu hal, pupuk yang terjangkau dan lebih cepat sampai ke petani, dengan cost yang lebih sehat bagi negara serta menjaga ketahanan pangan,"" ungkap Rahmad.

Dari Pupuk Menuju Panen

Rantai hubungan antara pupuk dan ketahanan pangan pada akhirnya dapat dilihat dari perjalanan sederhana: pupuk diproduksi, didistribusikan, digunakan petani, kemudian mendukung proses budidaya hingga menghasilkan panen.

Karena itu, memastikan pupuk tersedia bukan sekadar persoalan industri. Di dalamnya terdapat kepentingan petani, produksi pangan dan ketahanan pangan nasional.

Transformasi Pupuk Indonesia juga diarahkan untuk memastikan rantai tersebut semakin kuat. Mulai dari efisiensi produksi, optimalisasi aset, digitalisasi distribusi hingga diversifikasi bisnis.

Pada akhirnya, keberhasilan industri pupuk tidak hanya dapat dilihat dari besarnya produksi atau laba perusahaan. Ukuran yang tidak kalah penting adalah seberapa jauh pupuk dapat tersedia dengan harga yang terjangkau dan sampai kepada petani tepat waktu.

Sebab, perjalanan menuju ketahanan pangan tidak berhenti di pabrik pupuk. Perjalanan tersebut berlanjut hingga ke lahan pertanian dan berakhir pada satu tujuan yang sama: panen yang cukup untuk memenuhi kebutuhan masyarakat Indonesia.

Lihat juga Video: Ini Program Pupuk Indonesia yang Bawa Pulau Lembata Mandiri Pangan!

[Gambas:Video 20detik]"
Berita Ekonomi Bisnis,Harga Emas Antam Makin Jatuh!,https://finance.detik.com/berita-ekonomi-bisnis/d-8654941/harga-emas-antam-makin-jatuh,"Rabu, 09 Sep 2026 10:32 WIB",16 jam yang lalu,https://awsimages.detik.net.id/community/media/visual/2025/10/22/harga-emas-terjun-bebas-pasar-cikini-langsung-diserbu-pembeli-1761123863235_43.jpeg?w=210&q=90,"Harga emas Antam terus mengalami penurunan dan melanjutkan tren pelemahan sejak akhir pekan kemarin. Harga emas Antam 24 karat hari turun Rp 17.000 per gram berada di level Rp 2.610.000 per gram.

Berdasarkan situs Logam Mulia Antam, Rabu (9/9/2026), satuan harga emas hari ini yang terkecil ukuran 0,5 gram berada di angka Rp 1.355.000. Sementara harga emas 10 gram dijual dengan harga Rp 25.595.000 dan ukuran emas terbesar yakni 1.000 gram (1 kg) dibanderol Rp 2.550.600.000.

Jika ditarik dalam sepekan terakhir, harga emas Antam berada dalam rentang Rp 2.610.000-2.670.000 per gram. Sementara dalam sebulan terakhir, harga emas Antam bergerak dalam rentang Rp 2.610.000-2.768.000 per gram.

Harga emas hari ini untuk buyback emas Antam juga turun Rp 20.000 dan berada di level Rp 2.460.000 per gram. Harga buyback adalah jika Anda ingin menjual emas, maka Antam akan membelinya dengan harga tersebut.

Sesuai Peraturan Menteri Keuangan (PMK) Nomor 34 Tahun 2017, pembelian emas batangan akan dikenakan PPh 22 sebesar 0,9%. Jika ingin mendapatkan potongan pajak lebih rendah sebesar 0,45%, harus menyertakan NPWP untuk transaksinya.

Harga emas 0,5 gram: Rp 1.355.000Harga emas 1 gram: Rp 2.610.000Harga emas 2 gram Rp 5.160.000Harga emas 3 gram Rp 7.715.000Harga emas 5 gram: Rp 12.825.000Harga emas 10 gram: Rp 25.595.000Harga emas 25 gram: Rp 63.862.000Harga emas 50 gram: Rp 127.645.000Harga emas 100 gram: Rp 255.212.000Harga emas 250 gram: Rp 637.765.000Harga emas 500 gram: Rp 1.275.320.000Harga emas 1.000 gram: Rp 2.550.600.000

Demikian rincian harga emas hari ini keluaran Antam 1 gram hingga 1.000 gram, Rabu (9/9/2026).

Lihat juga Video: Harga Emas Antam Ambruk Hari Ini

[Gambas:Video 20detik]"
Infrastruktur,Otorita IKN Buka Suara soal Karhutla: Jarak Terdekat dengan KIPP 30 Km,https://finance.detik.com/infrastruktur/d-8654887/otorita-ikn-buka-suara-soal-karhutla-jarak-terdekat-dengan-kipp-30-km,"Rabu, 09 Sep 2026 10:02 WIB",17 jam yang lalu,https://awsimages.detik.net.id/community/media/visual/2026/09/09/otorita-ikn-buka-suara-soal-karhutla-jarak-terdekat-dengan-kawasan-inti-30-km-1788922719334_43.jpeg?w=210&q=90,"Presiden Prabowo Subianto meminta semua pihak agar memberikan perhatian khusus pada kebakaran hutan dan lahan (karhutla) di Ibu Kota Nusantara (IKN), Kalimantan Timur. Otorita IKN buka suara soal seruan Prabowo.

Otorita memastikan penanganan karhutla(km) yang terjadi di sejumlah titik dalam delineasi IKN terus dilakukan. Staf Khusus Kepala Otorita IKN Bidang Manajemen Kebijakan dan Strategi Konstruksi, Danis H. Sumadilaga memastikan titik api berada cukup jauh dari Kawasan Inti Pusat Pemerintahan (KIPP).

Titik kebakaran terdekat berjarak sekitar 30-40 kilometer dari KIPP dan saat ini penanganan terus diperkuat melalui pemadaman dari darat dan udara.

""Jarak titik yang paling dekat dengan Kawasan Inti Pusat Pemerintahan IKN sekitar 30-40 kilometer. Memang masih masuk dalam delineasi IKN, tetapi secara jarak cukup jauh dari kawasan inti,"" ujar Danis dalam keterangannya, Rabu (9/9/2026).

Menurut Danis, penanganan terus dilakukan sebagai langkah pencegahan agar titik-titik kebakaran yang ada tidak berkembang dan meluas ke wilayah lain. ""Jadi, apa yang kita lakukan ini betul-betul merupakan tindakan preventif. Jangan sampai kebakaran tersebut berkembang menjadi lebih jauh,"" ujar Danis.

Danis juga menjelaskan angka 458 hektare (ha) yang disebut sebagai area terdampak tidak berarti seluruh luasan tersebut terbakar. Di dalam area tersebut terdapat sejumlah titik yang mengalami kebakaran.

""458 hektare itu adalah area yang terdampak. Di area tersebut ada titik-titik yang terbakar, jadi tidak seluruhnya terbakar. Yang terbakar sebenarnya kurang dari itu karena merupakan titik-titik api,"" jelas Danis.

Berdasarkan hasil penanganan selama beberapa hari terakhir, titik-titik api di sejumlah lokasi tersebut telah jauh berkurang. Dua lokasi yang menjadi perhatian utama saat ini berada di Bukit Tengkorak dan wilayah Wonotirto.

Pada Selasa pagi, tim juga kembali menemukan titik api di Tol Balikpapan-Samarinda KM 31. Titik tersebut segera ditangani oleh tim gabungan yang terdiri atas Otorita IKN, TNI, Polri, dan Jasa Marga. Penanganan dari udara juga dilakukan melalui water bombing oleh TNI AU.

Upaya penanganan karhutla di IKN dilakukan secara terpadu melalui pemadaman dari darat dan udara. Dari sisi darat, Otorita IKN bekerja bersama TNI, Polri, Babinsa, masyarakat, serta sejumlah pihak lainnya untuk menangani titik-titik yang dapat dijangkau melalui jalur darat.

Sementara itu,water bombingdigunakan untuk menjangkau area yang sulit diakses oleh tim darat. Upaya tersebut dilakukan dengan dukungan BNPB, TNI, dan BMKG, antara lain di kawasan Bukit Tengkorak dan sejumlah titik di Bukit Merdeka.

""Terutama di area-area yang tidak bisa dicapai melalui jalur darat. Misalnya di daerah Bukit Tengkorak, ada beberapa area yang hanya bisa dicapai dengan water bombing. Kemudian di beberapa titik di Bukit Merdeka juga kita lakukan water bombing,"" ujar Danis.

Meskipun titik api telah jauh berkurang, Otorita IKN tetap meningkatkan kewaspadaan dengan melanjutkan patroli dan pemantauan di lapangan. Tim darat bersama TNI dan Polri akan memastikan tidak muncul titik api baru dan segera melakukan penanganan apabila kembali ditemukan.

Pemantauan dari udara juga tetap disiagakan untuk memantau perkembangan kondisi lapangan dan memastikan kebakaran tidak meluas. Langkah tersebut merupakan bagian dari upaya OIKN menindaklanjuti arahan Presiden agar penanganan karhutla dilakukan secara cepat.

Selain penanganan di lapangan, Otorita IKN terus memperkuat upaya pencegahan melalui edukasi kepada masyarakat mengenai pembukaan lahan tanpa membakar. Upaya tersebut juga telah dituangkan dalam Peraturan Kepala Otorita IKN mengenai pembukaan lahan tanpa membakar.

Sebelumnya, Presiden Prabowo Subianto meminta semua pihak memberikan perhatian lebih pada kebakaran hutan dan lahan (karhutla) yang terjadi dekat Ibu Kota Nusantara (IKN), Kalimantan Timur.

Dia memberikan instruksi agar kebakaran tidak sampai ke kawasan inti pusat pemerintahan (KIPP) IKN. Orang nomor satu di Indonesia itu mengarahkan agar pengerahan aset-aset segera dilakukan.

""Yang harus diperhatikan juga kebakaran yang dekat dengan IKN itu, harus diperhatikan, harus dikerahkan aset-aset lebih jangan sampai kebakaran itu sampai ke zona inti,"" beber Prabowo dalam Ratas Perkembangan Penanganan Bencana secara virtual, Senin (7/9/2026).

Simak juga Video: Puan soal Lahan Bekas Karhutla Jadi Kebun Sawit: Segera Ditindak!

[Gambas:Video 20detik]"
Bursa Dan Valas,Rupiah Tekan Dolar AS ke Level Rp 17.500,https://finance.detik.com/bursa-dan-valas/d-8654836/rupiah-tekan-dolar-as-ke-level-rp-17-500,"Rabu, 09 Sep 2026 09:28 WIB",17 jam yang lalu,https://awsimages.detik.net.id/community/media/visual/2026/07/10/rupiah-masih-tertekan-dolar-as-betah-di-level-rp18000-1783662450370_43.jpeg?w=210&q=90,"Mata uang dolar Amerika Serikat (AS) melemah terhadap rupiah pada perdagangan pagi ini, Rabu (9/9). Mata uang Paman Sam dibuka di level Rp 17.500.

Berdasarkan dataBloomberg, dolar AS melemah 0,48% ke Rp 17.547 pagi ini. Pada perdagangan sebelumnya, Kamis (3/9), dolar AS ditutup di Rp 17.632.

Sepanjang 2026, dolar AS menguat 5,20% terhadap rupiah. Kemudian hari ini, mata uang Paman Sam diperkirakan bergerak pada rentang Rp 17.544-17.597.

Dolar AS bergerak variatif pada sejumlah mata uang negara besar. Terhadap mata uang EUR, mata uang dolar AS menguat 0,06%.

Pelemahan juga terjadi terhadap mata uang GBP, dolar AS menguat 0,01%. Dolar AS juga menguat terhadap mata uang AUD sebesar 0,07%.

Selanjutnya, dolar AS melemah terhadap mata uang CHF 0,01% dan terhadap JPY turun 0,22%. Pelemahan juga terjadi terhadap mata uang CAD, dolar AS juga berkurang 0,01%.

Lihat juga Video: BI soal Dolar AS Tembus Rp 17.700: Beda dengan 1998

[Gambas:Video 20detik]"
Bursa Dan Valas,"IHSG Dibuka Balik ke 6.700, Tak Lama Lengser ke Zona Merah",https://finance.detik.com/bursa-dan-valas/d-8654828/ihsg-dibuka-balik-ke-6-700-tak-lama-lengser-ke-zona-merah,"Rabu, 09 Sep 2026 09:19 WIB",17 jam yang lalu,https://awsimages.detik.net.id/community/media/visual/2026/01/30/ihsg-rebound-usai-dua-hari-anjlok-seiring-pengunduran-diri-dirut-bei-1769748663323_43.jpeg?w=210&q=90,"Indeks Harga Saham Gabungan (IHSG) dibuka dua arah pagi ini. Sempat menguat saat dibuka, IHSG justru berujung melemah ke zona merah.

Berdasarkan data perdagangan RTI, Rabu (9/9/2026), IHSG dibuka pada level 6.700,83 pada pukul 09.00 WIB. Kemudian sempat menguat ke zona hijau hingga level tertinggi pada 6.707,3.

Sayangnya IHSG langsung anjlok cukup dalam ke zona merah setelahnya. Per pukul 09.05 WIB, IHSG melemah ke 6.685,11 atau turun 0,02% sekitar 1,33 poin. Paling dalam IHSG terparkir di level 6.678,58.

Sebanyak 299 saham menguat, 179 saham melemah, dan 232 saham stagnan. Volume perdagangan mencapai 2,35 miliar saham dengan perputaran uang mencapai Rp 958 miliar. Frekuensi perdagangan tercatat 156.074 kali.

IHSG masih melemah 22,71% dibandingkan posisinya di awal tahun. Nilainya juga masih melemah 19,58% dibandingkan posisinya pada enam bulan lalu. Secara tahunan IHSG juga masih melemah 10,77%.

Lihat juga Video: #Tanyadetikfinance: Apa Benar Pidato Prabowo Bikin IHSG Naik Turun?

[Gambas:Video 20detik]"
Berita Ekonomi Bisnis,BULOG Gelontorkan Beras Premium ke Ritel Modern di Sejumlah Kota Besar,https://finance.detik.com/berita-ekonomi-bisnis/d-8654790/bulog-gelontorkan-beras-premium-ke-ritel-modern-di-sejumlah-kota-besar,"Rabu, 09 Sep 2026 09:05 WIB",18 jam yang lalu,https://awsimages.detik.net.id/community/media/visual/2026/09/09/bulog-gelontorkan-beras-premium-ke-ritel-modern-di-sejumlah-kota-besar-1788919321677_43.png?w=210&q=90,"Perum BULOG terus memperkuat ketersediaan beras premium di pasar konsumen dengan menggelontorkan Beras Premium melalui jaringan ritel modern. Penyaluran ini diarahkan untuk memastikan masyarakat di berbagai kota besar dan wilayah perkotaan dapat memperoleh beras premium dengan mudah.

Distribusi Beras Premium BULOG sudah menjangkau kota-kota besar seperti Jakarta, Makassar, Surabaya, Sidoarjo, Bojonegoro, Semarang, Klaten, Solo, Salatiga, Bandung, Karawang, Subang, dan Kupang.

Selanjutnya BULOG juga akan terus memperluas pasokan beras premium ini ke berbagai kota di seluruh Indonesia.

Penguatan pasokan melalui ritel modern ini menjadi bagian dari strategi BULOG untuk memperluas akses masyarakat terhadap produk beras premium BULOG sekaligus memastikan ketersediaan beras di berbagai kanal distribusi, terutama di wilayah dengan tingkat kebutuhan konsumsi yang tinggi.

Berdasarkan data alokasi penyaluran, BULOG menyiapkan pasokan Beras Premium hingga 75 ribu ton per bulan untuk sejumlah jaringan ritel modern.

Alokasi tersebut antara lain melalui PT Indomarco Prismatama, PT Megah Daya, PT Inti Cakrawala Citr, PT Sumber Aleria Trijaya, PT Lion Super Indo, PT Swalayan Sukses Abadi, PT Matahari Putra Prima, PT Tip Top Supermarket, PT Midi Utama Indonesia, dan PT Hero Retail Nusantara.

Direktur Utama Perum BULOG Letnan Jenderal TNI (Purn) Dr Ahmad Rizal Ramdhani mengatakan penyaluran Beras Premium BULOG melalui jaringan ritel modern merupakan upaya BULOG untuk semakin mendekatkan produk pangan kepada masyarakat.

""Kami ingin memastikan masyarakat, khususnya di wilayah perkotaan, memiliki akses yang mudah terhadap beras premium. Karena itu, BULOG terus memperkuat distribusi melalui jaringan ritel modern yang tersebar di berbagai kota,"" ujar Ahmad, dalam keterangan tertulis, Rabu (9/9/2026).

Menurut Ahmad, perluasan distribusi tersebut juga menunjukkan kesiapan BULOG dalam merespons kebutuhan konsumen yang semakin beragam.

Ritel modern menjadi salah satu kanal penting untuk memastikan produk Beras Premium BULOG dapat tersedia lebih dekat dengan masyarakat.

""Beras Premium BULOG kami hadirkan untuk menjawab kebutuhan masyarakat. Dengan pasokan yang terus diperkuat dan distribusi yang semakin luas, kami berharap masyarakat dapat memperoleh beras premium dengan mudah,"" kata Ahmad.

Selain memperluas akses konsumen, penguatan pasokan beras melalui ritel modern juga menjadi bagian dari upaya BULOG menjaga keseimbangan pasokan di pasar.

BULOG terus memonitor perkembangan stok, distribusi, dan kebutuhan di berbagai wilayah agar ketersediaan beras tetap terjaga.

""BULOG akan terus memastikan beras tersedia di berbagai kanal perdagangan. Kehadiran kami di ritel modern merupakan bagian dari komitmen untuk memberikan pilihan dan akses pangan yang semakin luas kepada masyarakat,"" pungkasnya.

Lihat juga Video: Ekspor 2.200 Ton Beras Bulog untuk Jemaah Haji Terancam Batal

[Gambas:Video 20detik]"
Foto Bisnis,"Cabai Rawit Merah Makin Pedas, Harga Tembus Rp91 Ribu",https://finance.detik.com/foto-bisnis/d-8654591/cabai-rawit-merah-makin-pedas-harga-tembus-rp91-ribu,"Rabu, 09 Sep 2026 09:02 WIB",18 jam yang lalu,https://awsimages.detik.net.id/community/media/visual/2026/09/08/cabai-rawit-merah-makin-pedas-harga-tembus-rp91-ribu-1788883007688_43.jpeg?w=210&q=90,"Jakarta- Harga cabai rawit merah menembus Rp91.300 per kilogram, naik 11,21 persen dibandingkan hari sebelumnya."
Bursa Dan Valas,Rekomendasi Saham yang Bisa Dilirik saat IHSG Menguat,https://finance.detik.com/bursa-dan-valas/d-8654774/rekomendasi-saham-yang-bisa-dilirik-saat-ihsg-menguat,"Rabu, 09 Sep 2026 08:50 WIB",18 jam yang lalu,https://awsimages.detik.net.id/community/media/visual/2026/09/09/bursa-dan-valas-1788916791-1788916792481_43.jpeg?w=210&q=90,"Indeks Harga Saham Gabungan (IHSG) menguat pada perdagangan Selasa (8/9/2026). IHSG naik 1,01% dan berakhir di level 6.686,44.

Penguatan IHSG turut ditopang sejumlah saham yang bergerak naik. AMMN tercatat menguat 5,90%, SMMA naik 5,26%, sedangkan MDKA melesat 8,33%. Sebaliknya, BELI turun 5,88%, BBNI melemah 1,02%, dan BREN terkoreksi 0,90%.

Dari aktivitas investor, transaksi asing di pasar reguler mencatatkan net buy sebesar Rp379,39 miliar. Jika memperhitungkan seluruh pasar, investor asing membukukan net buy Rp398,20 miliar.

Pergerakan positif juga terlihat pada mayoritas sektor saham. Sebanyak 8 dari 11 sektor berakhir di zona hijau. Sektor Basic Materials mencatat kenaikan 2,00%, sedangkan sektor Healthcare menjadi sektor yang mengalami penurunan sebesar 0,59%.

Sementara itu, bursa saham Amerika Serikat (AS) bergerak melemah pada perdagangan terakhir. Dow Jones turun 1,18% ke 52.786, S&P 500 turun 0,58% ke 7.673, dan Nasdaq melemah 0,32% ke level 26.421.

Harga tembaga yang mencetak rekor turut menjadi perhatian pasar dan memberikan sentimen positif bagi saham terkait komoditas tersebut, termasuk AMMN dan MDKA. Kedua saham itu masing-masing memberikan pengaruh terhadap pergerakan IHSG sebesar 10,95 dan 6,45. Dari pasar offshore, ETF EIDO menguat 1,23%, sedangkan indeks MSCI Indonesia naik 0,78%.

MDLA membukukan penjualan Rp 8,17 triliun sepanjang semester I-2026. Angka tersebut meningkat dibandingkan penjualan pada periode yang sama tahun sebelumnya sebesar Rp 7,42 triliun.

Laba bersih perseroan juga bertambah 12,60% secara tahunan menjadi Rp 225,63 miliar dari Rp 200,33 miliar pada semester I-2025. Pertumbuhan tersebut turut disertai kenaikan laba kotor. MDLA mencatat gross profit sebesar Rp762,23 miliar pada 1H26, naik 6,80% YoY dari Rp713,41 miliar.

Kinerja ini ditopang oleh peningkatan volume distribusi, penambahan lima prinsipal baru, pengembangan produk dengan merek sendiri atau own-brand, serta pemanfaatan kanal digital. Dari sisi bisnis alat kesehatan, penjualan produk Stardec tumbuh 34% YoY. MDLA juga melanjutkan pengembangan infrastruktur distribusinya. Pembangunan gudang AAM Medan saat ini telah mencapai progres 95% dan ditargetkan mulai beroperasi pada kuartal IV 2026.

Selain itu, perseroan menyiapkan pembangunan National Distribution Center (NDC) 2 pada 2027. Fasilitas tersebut akan digunakan untuk mendukung kebutuhan cold storage dan direncanakan dibangun di atas lahan seluas 2,70 hektare di Kawasan Industri Jababeka 2.

BLOG mencatat pendapatan Rp732,87 miliar pada semester I 2026. Pendapatan tersebut naik dari Rp626,47 miliar pada periode yang sama tahun lalu. Laba bersih BLOG juga meningkat menjadi Rp77,54 miliar, dibandingkan Rp71,08 miliar pada 1H25.

Untuk tahun 2026, manajemen menargetkan pertumbuhan laba lebih dari 10%. Target tersebut akan didukung oleh ekspansi bisnis dan kontrak pelanggan jangka panjang. Kontrak jangka panjang tersebut juga diharapkan dapat membantu perseroan menghadapi dampak kenaikan biaya bahan bakar minyak (BBM).

BLOG menyiapkan anggaran belanja modal atau capital expenditure (capex) sekitar Rp500 miliar pada 2026. Hingga semester I 2026, realisasi capex berada di kisaran Rp 150â160 miliar dan diperkirakan bertambah sekitar Rp200 miliar pada semester II 2026.

Dana capex akan digunakan untuk pembangunan gudang, penambahan armada hingga 3.500 unit, serta pengembangan sistem teknologi informasi. Perseroan akan mengintegrasikan sejumlah sistem, termasuk Transportation Management System (TMS), Warehouse Management System (WMS), dan IOS.

PSAB menetapkan pembagian dividen tunai interim sebesar Rp 30 per saham untuk periode yang berakhir pada 30 Juni 2026. Total dividen yang disiapkan mencapai Rp793,80 miliar. Dividen tersebut akan dibagikan kepada pemegang 26,46 miliar saham perseroan yang beredar.

Keputusan pembagian dividen tersebut dilakukan setelah PSAB membukukan laba bersih sebesar US$177,89 juta pada semester I 2026. Angka itu meningkat 803% YoY dibandingkan periode yang sama tahun sebelumnya.

Kenaikan laba tersebut turut dipengaruhi keuntungan dari aksi divestasi proyek tambang emas Doup kepada anak usaha United Tractors (UNTR). Transaksi tersebut menghasilkan keuntungan sebesar US$298,60 juta. Dengan laba bersih 1H26 tersebut, dividen interim Rp30 per saham mencerminkan dividend payout ratio sebesar 24,93%.

Sementara itu, saham PSAB pada perdagangan Selasa (8/9) ditutup di level Rp 570 per saham. Berdasarkan harga tersebut, dividen interim Rp30 per saham setara dengan dividend yield sebesar 5,26%.

Investor yang ingin memperoleh hak atas dividen tersebut perlu memperhatikan jadwal cum date. Untuk pasar reguler dan negosiasi, cum date ditetapkan pada 15 September 2026. Adapun pembayaran dividen dijadwalkan pada 29 September 2026.

MBMA- Buy 550-560 | TP 570-580 | SL 520

[Gambas:Produk Investasi by Investasiku]

TLKM- Buy 2620-2640 | TP 2670-2720 | SL 2510

[Gambas:Produk Investasi by Investasiku]

ENRG- Buy 1455-1465 | TP 1485-1510 | SL 1370

[Gambas:Produk Investasi by Investasiku]

JARR- Buy 3370-3390 | TP 3450-3490 | SL 3170

[Gambas:Produk Investasi by Investasiku]

UNTR- Buy 25775-25850 | TP 26150-26500 | SL 24475

[Gambas:Produk Investasi by Investasiku]

Disclaimer: Ingat, bahwa segala analisis dan rekomendasi saham dalam artikel ini bersifat informatif sekaligus bukan merupakan ajakan untuk membeli atau menjual saham tertentu."
Berita Ekonomi Bisnis,"Ratusan Penerbangan di Inggris Delay & Batal, Ada Apa?",https://finance.detik.com/berita-ekonomi-bisnis/d-8654769/ratusan-penerbangan-di-inggris-delay-batal-ada-apa,"Rabu, 09 Sep 2026 08:44 WIB",18 jam yang lalu,https://awsimages.detik.net.id/community/media/visual/2022/03/08/naik-pesawat-tanpa-antigen-kapan-mulai-berlaku-ini-penjelasannya_43.jpeg?w=210&q=90,"Penyedia kontrol lalu lintas udara, NATS mengalami masalah teknis yang berujung pada terganggunya penerbangan di bandara-bandara besar di Inggris. Ratusan penerbangan di Bandara Heathrow, Bandara Gatwick, Bandara Manchester, dan Bandara Stansted terdampak dibatalkan dan ditunda.

""Kami telah mengidentifikasi bahwa masalahnya ada pada sistem pemrosesan penerbangan kami. Teknisi kami berada di lokasi dan bekerja dengan segera untuk melanjutkan operasi normal secepat mungkin. Penerbangan masih berangkat dan wilayah udara terbuka, tetapi pemulihan akan membutuhkan waktu,"" kata NATS dalam sebuah pernyataan, dikutip dariCNBC, Rabu (9/9/2026).

Otoritas Bandara Heathrow, yang menjadi pusat penerbangan terbesar di Inggris, mengatakan sedang bekerja sama dengan NATS untuk menyelesaikan masalah tersebut.

Menurut data pada platform pelacakan penerbangan FlightAware, sekitar 100 penerbangan telah dibatalkan di Heathrow dan 367 lainnya telah ditunda. Di sisi lain, ada sekitar 250 penerbangan ditunda di Gatwick atau 31% dari total penerbangan.

Sementara itu, Otoritas Bandara Edinburgh mengatakan masalah yang terjadi pada NATS mungkin akan mempengaruhi operasionalnya. Senada, Bandara Dublin di Irlandia mengatakan penerbangan yang berangkat dan tiba dari sana juga mengalami gangguan. Bandara lain yang melaporkan penundaan atau pembatalan termasuk Bandara Luton, Bandara Birmingham, Bandara Aberdeen, dan Bandara Glasgow.

Lalu, EasyJet mengatakan masalah ini menyebabkan penundaan di seluruh Eropa. Sementara Ryanair, Wizz Air, dan Virgin Atlantic belum memberikan komentar apapun sejauh ini.

Pada Juli tahun lalu, masalah teknis terkait radar dalam sistem kendali lalu lintas udara Inggris juga sempat terjadi dan mengganggu penerbangan selama lebih dari empat jam di bandara-bandara utama di London dan tempat lain, termasuk Heathrow."
Foto Bisnis,Pemerintah Perkuat Database Penerima Gas 'Melon' LPG 3Kg,https://finance.detik.com/foto-bisnis/d-8654578/pemerintah-perkuat-database-penerima-gas-melon-lpg-3kg,"Rabu, 09 Sep 2026 08:15 WIB",19 jam yang lalu,https://awsimages.detik.net.id/community/media/visual/2026/09/08/pemerintah-perkuat-database-penerima-gas-melon-lpg-3kg-1788882204645_43.jpeg?w=210&q=90,"Jakarta- Penyaluran LPG 3 kg alias ""gas melon"" terus meningkat. Dalam waktu dekat, pemerintah akan membenahi data warga yang berhak mengakses LPG bersubsidi itu."
Berita Ekonomi Bisnis,Puan Minta Lahan Bekas Karhutla Jadi Kebun Sawit Diusut!,https://finance.detik.com/berita-ekonomi-bisnis/d-8654632/puan-minta-lahan-bekas-karhutla-jadi-kebun-sawit-diusut,"Rabu, 09 Sep 2026 08:00 WIB",19 jam yang lalu,https://awsimages.detik.net.id/community/media/visual/2026/08/17/puan-maharani-ucapkan-hut-ke-81-ri-momentum-perkuat-persatuan-kedaulatan-1786926643757_43.png?w=210&q=90,"Ketua Dewan Perwakilan Rakyat (DPR) Puan Maharani meminta agar kabar lahan bekas kebakaran hutan dan lahan (karhutla) berubah menjadi perkebunan sawit dalam waktu singkat segera diselidiki. Menurut Puan, peristiwa tersebut seharusnya tidak boleh terjadi.

""Hal-hal yang berkaitan Karhutla kemudian sudah berubah alih fungsi, nanti kami akan meminta pihak yang terkait untuk menyelidiki hal itu dan itu seharusnya tidak boleh terjadi dan harus segera diselidiki,"" ujar Puan di Gedung DPR RI, Jakarta Pusat, Selasa (8/9/2026).

Indonesia memang masuk dalam jalur cincin api pasifik atau ring of fire. Dari tahun ke tahun, ia menyebut pemerintah sudah melakukan berbagai mitigasi untuk mengantisipasi hal tersebut.

Dalam hal penanganan bencana, Puan menekankan harus dilakukan secara terpadu serta melibatkan koordinasi lintas kementerian dan lembaga.

""Karenanya kami mengharapkan pemerintah atau KL bisa melakukan mitigasi ke depannya itu dilakukannya itu secara bersama-sama dan biasanya dikoordinasi oleh para Menko, kemudian dilakukan secara bersama-sama oleh semua kementerian lembaga,"" bebernya.

Tidak hanya fokus pada penanganan saat bencana terjadi, Puan juga menekankan pentingnya mengantisipasi dampak jangka panjang pascabencana, termasuk masalah sosial, kesehatan seperti ISPA, hingga pendidikan anak-anak yang terganggu.

""Seperti sekarang sudah ada masalah ISPA, kemudian kondisi anak-anak yang pendidikannya terganggu, itu juga harus segera teratasi dan bagaimana ke depannya itu harus segera ada solusinya,"" imbuh ia.

Sebelumnya, Menteri Kehutanan (Menhut) Raja Juli Antoni buka suara soal dugaan lokasi bekas kebakaran hutan dan lahan (karhutla) akan ditanami sawit. Menurut Raja, kegiatan membakar hutan adalah kegiatan ilegal. Ia juga mengingatkan tindakan semacam itu memiliki konsekuensi hukum yang tegas.

""Namanya itu kan kebakaran hutan dan lahan. Kalau pun ada yang membakar hutan, kalau pun ada yang membakar hutan, saya pastikan itu nggak boleh tanam sawit, karena itu ilegal,"" ujar Raja di kompleks DPR, Jakarta, Selasa (1/9/2026).

Kementerian Kehutanan akan berkoordinasi dengan Kementerian Agraria dan Tata Ruang/Badan Pertanahan Nasional (ATR/BPN) dan Kementerian Pertanian untuk mencegah lokasi bekas kebakaran digunakan untuk mendirikan usaha, termasuk menanam sawit.

Apabila kebakaran terjadi di area penggunaan lain (APL), pihaknya akan berkoordinasi dengan Menteri ATR/BPN Nusron Wahid agar lahan tersebut tidak mendapatkan hak guna usaha (HGU)."
Berita Ekonomi Bisnis,BPS Ungkap DTSEN Bukan Daftar Penerima Bantuan Sosial,https://finance.detik.com/berita-ekonomi-bisnis/d-8654726/bps-ungkap-dtsen-bukan-daftar-penerima-bantuan-sosial,"Rabu, 09 Sep 2026 07:45 WIB",19 jam yang lalu,https://awsimages.detik.net.id/community/media/visual/2026/08/13/kepala-badan-pusat-statistik-amalia-adininggar-widyasanti-1786626348743_43.png?w=210&q=90,"Data Tunggal Sosial dan Ekonomi Nasional (DTSEN) menjadi terobosan dalam konsolidasi dan pengambilan kebijakan berbasis data di Indonesia. DTSEN adalahsocial registrypertama di Indonesia dan menjadi basis data utama dalam penyaluran berbagai program pemerintah.

Kepala Badan Pusat Statistik (BPS) Amalia Adininggar Widyasanti menyatakan DTSEN perlu dipahami sebagaisocialregistry, bukanbeneficiary registryatau daftar penerima bantuan. Artinya, keberadaan seseorang dalam DTSEN tidak secara otomatis menjadikannya penerima bantuan atau program pemerintah tertentu.

""Daftar bantuan ataupunbeneficiary registryatau daftar bantuan penerima program itu ditentukan oleh masing-masing menteri terkait sesuai dengan kebijakannya masing-masing,"" ungkap Amalia dalam keterangannya, Rabu (9/9/2026).

Amalia mencontohkan dalam penentuan penerima manfaat program Sekolah Rakyat, kelompok yang menjadi sasaran berada pada desil 1 dan 2 (socialregistry). Namun, tidak semua masyarakat pada kedua desil tersebut secara otomatis menerima bantuan karena masih terdapat kriteria tambahan yang ditetapkan oleh kementerian terkait (beneficiaryregistry).

Pihaknya diberi amanah sebagai pengelola DTSEN. Sementara kementerian, lembaga, dan pemerintah daerah membantu pemutakhiran, verifikasi, dan validasi data.

Data yang sebelumnya tersebar dan tidak terkonsolidasi dengan baik, kini dihimpun, ditunggalkan dan diintegrasikan oleh BPS sesuai amanah Inpres Nomor 4 Tahun 2025 tentang DTSEN. Selanjutnya, kementerian/lembaga memanfaatkan DTSEN sesuai kebutuhan program masing-masing, termasuk sebagai salah satu dasar dalam menentukan sasaran program, bantuan, atau intervensi.

""DTSEN ini isinya adalah registrasi ataupun database yang merupakan kumpulan semua daftar penduduk Indonesia yang memiliki NIK dan KK yang kita jadikan satu di dalam satu data tunggal,"" jelas Amalia.

Amalia juga menegaskan bahwa DTSEN merupakan data yang bersifat dinamis. Kondisi sosial dan ekonomi masyarakat dapat berubah sehingga data perlu diperbarui secara berkala agar semakin mencerminkan kondisi masyarakat yang sebenarnya.

""Setiap warga, setiap masyarakat punya hak suara dan kami berikan jalur untuk melakukan koreksi secara mudah, secara jelas dan transparan, sehingga DTSEN ini bukan hanya milik pemerintah tetapi DTSEN juga merupakan milik kita semua, milik Indonesia yang harus kita jaga bersama-sama,"" jelas Amalia.

Menurut Amalia, keterlibatan masyarakat dalam pemutakhiran data menjadi bagian penting untuk menjaga akurasi DTSEN. Dengan data yang terus diperbarui dan diperbaiki, pemerintah dapat lebih mudah menemukan masyarakat yang membutuhkan dan memastikan mereka dapat dijangkau oleh program yang sesuai.

""Di balik setiap data, ada nama, ada keluarga, ada yang terus berjuang untuk dijangkau oleh DTSEN,"" ungkap Amalia.

Ia melanjutkan, satu per satu keluarga yang tadinya tidak terdata menjadi terdata, sehingga tadinya mereka tidak terlihat oleh pemerintah menjadi terlihat dan kemudian pemerintah bisa mengulurkan bantuan secara lebih tepat.

Oleh karena itu, perbaikan dan pemutakhiran DTSEN merupakan proses yang dilakukan secara berkelanjutan. Pemerintah terus melakukan perapihan data, sementara masyarakat dapat turut memastikan informasi mengenai kondisi sosial dan ekonomi keluarganya sesuai dengan keadaan sebenarnya.Apabila masyarakat menemukan informasi mengenai diri atau keluarganya yang belum sesuai dengan kondisi sebenarnya, pembaruan dapat disampaikan melalui mekanisme usul dan sanggah pada kanal resmi yang tersedia, antara lain Cek Bansos (cekbansos.kemensos.go.id) atau aplikasinya, SIKS-NG melalui operator desa/kelurahan, serta Cek DTSEN (dtsen-form.bps.go.id).

Di sisi lain, Menteri Sosial Saifullah Yusuf menyampaikan hasil pemanfaatan DTSEN menunjukkan data yang lebih terpadu dapat membantu menemukan masyarakat yang sebelumnya belum menerima program.

""Setelah DTSEN dibentuk dan digunakan, sebanyak 4.330.417 KPM yang sebelumnya tidak pernah menerima bantuan kini menjadi penerima bantuan. Baik itu PKH (Program Keluarga Harapan, red), bantuan pangan non tunai, maupun penerima bantuan iuran. Mereka yang kehidupannya berhasil dibantu oleh pemerintah setelah kehadirannya ditemukan melalui DTSEN,"" ungkap Saifullah.

Ia menegaskan bahwa DTSEN memang belum sempurna dan masih terdapat error yang terus diperbaiki bersama. Ia juga mengajak masyarakat untuk turut berperan dalam memperbaiki dan memutakhirkan data.

""Kalau sekarang datanya masih error, bukan berarti orang itu segera diputus bantuan sosialnya. Atau orang yang mungkin berada di desil 4 padahal dia sebelumnya di desil 8, belum tentu juga dia mendapatkan bansos. Masih perlu dipastikan, dikoreksi, didalami, ditelusuri, dan seterusnya nanti akan dilakukan verifikasi dan validasi,"" tegas Saifullah."
Berita Ekonomi Bisnis,Biang Kerok Sulitnya Kembalikan Aset Negara,https://finance.detik.com/berita-ekonomi-bisnis/d-8654631/biang-kerok-sulitnya-kembalikan-aset-negara,"Rabu, 09 Sep 2026 07:25 WIB",19 jam yang lalu,https://awsimages.detik.net.id/community/media/visual/2026/09/08/rapat-badan-pemulihan-aset-bpa-kejagung-dengan-komisi-iii-dpr-anggidetikcom-1788854343419_43.jpeg?w=210&q=90,"Badan Pemulihan Aset (BPA) Kejaksaan Agung mengungkap sejumlah kendala yang menghambat proses pemulihan aset negara. Salah satunya adalah perbedaan persepsi terkait penetapan status barang temuan yang membuat proses eksekusi aset menjadi lambat.

Kepala BPA Patris Yusrian Jaya mengatakan, perbedaan tersebut masih ditemukan antara pihaknya dengan pengadilan. Persoalan muncul ketika BPA hendak mendapatkan penetapan status atas barang temuan sebelum aset tersebut dapat dieksekusi.

""Kendala yang dihadapi oleh Badan Pemulihan Aset ini yang pertama mengenai status barang temuan masih ada di lapangan perbedaan persepsi dengan teman-teman di pengadilan tentang penetapan status barang temuan, sehingga ini eksekusinya terlambat atau bahkan tidak bisa diselesaikan sama sekali,"" kata Patris dalam rapat bersama Komisi III DPR RI di kompleks parlemen, Selasa (8/9/2026).

Ia juga mengungkap sekitar30% aset rampasan negara yang masuk proses lelang tercatat tidak laku karena tak kunjung mendapatkan penawar. Patris menyebut tingginya nilai limit menjadi salah satu penyebab aset tersebut sulit terjual.

Harga aset rampasan selama ini dinilai berdasarkan harga pasar seperti barang pada umumnya. Namun, peserta lelang cenderung memburu aset rampasan dengan harapan bisa mendapatkannya di bawah harga pasar.

""Penentuan limit ini kadang-kadang terlalu tinggi barang-barang rampasan ini dinilai seperti barang-barang pada umumnya nilai pasarnya. Sementara bagi pembeli, yang diharapkan dari lelang ini salah satunya adalah karena harganya lebih murah. Akibatnya pada waktu lelang, sekian persen, 30% rata-rata barang yang dilelang ini tidak ada penawar,"" ungkapnya.

Patris menambahkan, aturan Kementerian Keuangan mengatur penilaian ulang terhadap barang tersebut baru dapat dilakukan tiga bulan kemudian. Selama menunggu proses penilaian ulang, negara masih harus menanggung biaya pengelolaan dan pemeliharaan barang rampasan.

Bahkan setelah harga limit diturunkan pada lelang berikutnya, belum ada jaminan barang tersebut akan terjual. Kondisi tersebut pada akhirnya menyebabkan penumpukan aset rampasan yang belum dapat diselesaikan melalui mekanisme lelang.

BPA juga menghadapi kendala dalam melelang kendaraan bermotor yang berasal dari sita eksekusi. Salah satunya terkait penerbitan surat baru kendaraan setelah barang tersebut dijual.

Kepolisian mensyaratkan putusan pengadilan untuk menerbitkan surat kendaraan baru. Sementara putusan pengadilan yang dimiliki dalam sejumlah perkara hanya mengatur kewajiban terpidana membayar uang pengganti secara umum.

""Putusan pengadilan yang kita pegang hanya secara umum memberikan kewajiban kepada terpidana untuk membayar uang pengganti dan untuk menyelesaikan kewajiban. Ini kami melakukan penyitaan, jika penyitaan ini dilakukan untuk kendaraan bermotor maka di sini mengalami kesulitan karena belum adanya kesinkronan antara aturan di Kepolisian, di Keuangan, dengan di Kejaksaan,"" tutupnya.

Meski begitu, BPA tercatat berhasil menyetorkan Rp 26,04 triliun ke kas negara dalam tiga tahun terakhir. Dana tersebut berasal dari hasil penyelesaian aset, termasuk pelelangan aset yang dirampas untuk negara.

Dalam kurun waktu tersebut, BPA telah menyelesaikan sebanyak 21.737 aset. Penyelesaiannya dilakukan melalui sejumlah mekanisme, mulai dari pelelangan, pemusnahan, hingga penyerahan aset kepada pihak yang berhak seperti dalam kasus investasi bodong.

""Adapun capaian kinerja Badan Pemulihan Aset tiga tahun terakhir ini semenjak BPA ini dibentuk telah berhasil menyelesaikan dalam bentuk melakukan lelang dan menyetor ke kas negara, memusnahkan, kemudian melelang dan menyerahkan kepada para pihak yang berhak seperti dalam kasus investasi bodong sebanyak 21.737 aset,"" sebut Patris."
Energi,"Pertashop Terancam Tutup, Ini Penyebabnya",https://finance.detik.com/energi/d-8654629/pertashop-terancam-tutup-ini-penyebabnya,"Rabu, 09 Sep 2026 06:55 WIB",20 jam yang lalu,https://awsimages.detik.net.id/community/media/visual/2020/10/01/pertamina-marketing-operation-region-iii-resmikan-pertashop-di-desa-jatitujuh-kecamatan-jatitujuh-kabupaten-majalengka_43.jpeg?w=210&q=90,"Bisnis BBM nonsubsidi jenis Pertamax di Pertashop sedang terpuruk. Tak menutup kemungkinan bisnis ini tutup.

Ketua Umum Dewan Pimpinan Pusat Himpunan Pertashop Merah Putih Indonesia (HPMPI) Steven mengatakan kondisi tersebut terjadi karena adanya kenaikan harga BBM nonsubsidi yang mengakibatkan konsumen beralih ke BBM subsidi.

Ketua Umum Dewan Pimpinan Pusat HPMPI, Steven, mengatakan sebelum adanya perubahan harga BBM nonsubsidi, penjualan di salah satu Pertashop dapat mencapai sekitar 400 liter per hari. Namun, volume tersebut kini anjlok menjadi sekitar 100 liter per hari atau terjadi penurunan 75%.

""Maka, yang terjadi adalah disparitas itu menekan kelayakan usaha. Ada selisih harga, kemudian permintaan mulai bergeser dari produk nonsubsidi menjadi ke produk subsidi. Volume penjualan menurun, biaya per liter juga akan naik, dan juga outlet akan terancam tutup,"" ujar Steven dalam Rapat Audiensi dengan Komisi XII DPR, di Gedung DPR, Jakarta, Selasa (8/9/2026).

Steven juga menyoroti maraknya penjualan BBM subsidi yang dilakukan oleh pedagang eceran dengan harga yang masih murah dibandingkan dengan harga jual Pertamax.

Oleh karena itu, ia meminta DPR untuk memberikan masukan kepada pemerintah untuk menertibkan penjual BBM eceran. Kemudian memanfaatkan jaringan Pertashop yang sudah tersebar di berbagai daerah untuk menjual BBM subisidi.

""Penertiban eceran. Karena sudah ada jaringan kami, Pimpinan, di seluruh wilayah pelosok Indonesia. Kenapa tidak dimanfaatkan? Sebab kehadiran kami tentunya membawa hal-hal positif bagi daerah di mana kami berada. Harap ini menjadi pertimbangan, Pimpinan,"" ujarnya.

Selain itu, HPMPI juga mengeluhkan adanya persoalan perizinan yang dinilai semakin kompleks yang bisa menghambat keberlangsungan usaha Pertashop. Ia mengatakan pada aturan terbaru, Pertashop yang sebelumnya masuk kategori menengah rendah menjadi menengah tinggi.

Perubahan itu disebut berdampak pada bertambahnya persyaratan yang harus dipenuhi pengusaha Pertashop. Steven membandingkan proses perizinan pada 2023-2024 dengan kondisi saat ini. Menurutnya, ketika itu bentuk usaha yang sama memiliki persyaratan perizinan yang relatif seragam.

""Tapi di tahun 2026 ini, ada perubahan di mana skala usaha itu dari semula menengah rendah menjadi menengah tinggi. Itu mengakibatkan banyaknya tambahan atau berbedanya persyaratan perizinan yang harus kami urus. Ini juga masih terkendala, pimpinan,"" terang Steven."
Berita Ekonomi Bisnis,Alasan Purbaya Kerap Omong Gede hingga Dicap Sombong Saat Awal Jadi Menkeu,https://finance.detik.com/berita-ekonomi-bisnis/d-8654628/alasan-purbaya-kerap-omong-gede-hingga-dicap-sombong-saat-awal-jadi-menkeu,"Rabu, 09 Sep 2026 06:25 WIB",20 jam yang lalu,https://awsimages.detik.net.id/community/media/visual/2026/07/03/menkeu-purbaya-1783087505782_43.jpeg?w=210&q=90,"Menteri Keuangan Purbaya Yudhi Sadewa mengaku sempat dicap sombong saat berupaya membangun kepercayaan pasar terhadap kondisi makroekonomi Indonesia.

Saat mulai menjabat sebagai Menkeu, Indonesia baru saja menghadapi gelombang demonstrasi besar-besaran. Di tengah kondisi tersebut, Purbaya mendapat tugas untuk memulihkan kepercayaan publik.

""Pertama kan waktu saya jadi menteri, itu kan kita baru menghadapi demo besar, saya mesti kembalikan confidence ke masyarakat secepat-cepatnya. Caranya bagaimana? Saya terapkan apa, pengetahuan yang sudah disebut, saya pernah belajar macroeconomics of self-fulfilling prophecies. Jadi kita membentuk ekspektasi, dari ekspektasi itu nanti biasanya ekonomi yang berjalan ke arah sana,"" ungkap Purbaya di kawasan Sunter, Jakarta Barat, Selasa (8/9/2026).

Namun, dalam praktiknya, teori tersebut tidak mudah diterapkan. Purbaya pun mengaku terpaksa lebih banyak bicara. Meski begitu, sikap tersebut justru dinilai sebagian pihak sebagai bentuk kesombongan.

""Dalam waktu dekat kan susah untuk itu. Ya terpaksa saya omong gede, yang dibilang orang sombong, 'itu Purbaya sombong banget.' Itu bukan sombong, tapi desain untuk membentuk ekspektasi ke depan, ke arah yang positif,"" tutur mantan Kepala Lembaga Penjamin Simpanan itu..

Jika pasar memiliki ekspektasi positif, perekonomian nasional juga berpeluang bergerak lebih baik. Sebab, masyarakat dan investor menjadi lebih percaya diri untuk kembali beraktivitas dan mengambil keputusan ekonomi.

Purbaya mengatakan sejumlah kebijakan telah ditempuh untuk membangun kepercayaan pasar. Salah satunya dengan memindahkan Saldo Anggaran Lebih (SAL) ke bank pelat merah pada September tahun lalu.

Namun, pasar keuangan Indonesia kembali menghadapi tantangan setelah adanya pengumuman dari MSCI, Fitch Ratings, dan Moody's.

""Investor tidak takut investasi, masyarakat tidak takut belanja, perusahaan pun tidak takut ekspansi, karena mereka pikir ekonomi akan membaik ke depan. Tapi kalau semua berpikir ekonomi akan resesi, ekonomi bisa betul-betul resesi. Kenapa? Karena investor takut ekspansi, masyarakat takut belanja,"" terangnya."
Infrastruktur,4 Fakta Utang Whoosh Dialihkan ke Kemenkeu,https://finance.detik.com/infrastruktur/d-8654625/4-fakta-utang-whoosh-dialihkan-ke-kemenkeu,"Rabu, 09 Sep 2026 05:55 WIB",21 jam yang lalu,https://awsimages.detik.net.id/community/media/visual/2026/03/15/mobilitas-penumpang-whoosh-diprediksi-meningkat-saat-lebaran-1773573347987_43.jpeg?w=210&q=90,"Menteri Keuangan Purbaya Yudhi Sadewa mengungkapkan fakta baru proses penyelesaian utang proyek Kereta Cepat Jakarta-Bandung atau Whoosh. Penyelesaian Utang ini akan dialihkan dari Badan Pengelola Investasi (BPI) Daya Anagata Nusantara (Danantara) ke Kementerian Keuangan (Kemenkeu) pada 15 September nanti.

Kementerian Keuangan (Kemenkeu) akan membayar utang proyek tersebut secara bertahap sekitar Rp 1 triliun per tahun. Besaran cicilan tersebut diputuskan berdasarkan hasil restrukturisasi.

Jangka waktu pelunasan utang mencapai 80 tahun. Purbaya menilai, besaran kewajiban dan tenor cicilan masih dapat disanggupi pemerintah.

""Berarti kan total utang besar, tapi di-stretch80 tahun sudah direstrukturisasi. cicilannya Rp 1 triliun atau sedikit di bawah Rp 1 triliun dari tahun ke tahun. Ada yang tinggi, ada yang rendah, tapi kalau kita lihat 'oh masih bisa lah'. (Tenor cicilan) 80 tahun saya dengar kemarin, makanya hebat juga tuh. Iya kita sudah mati, santai saja,"" ujar Purbaya di kawasan Sunter, Jakarta Utara, Selasa (8/9/2026).

Purbaya mengatakan utang ini akan dibayarkan oleh Special Mission Vehicle (SMV) di bawah Kementerian Keuangan atau Indonesia Investment Authority (INA).

""Ada kemungkinan, mungkin kita pakai SMV atau INA,"" jelasnya

Menurut Purbaya, kewajiban utang ini tidak begitu besar sehingga bisa ditangani oleh satu entitas SMV di bawah Kementerian Keuangan. Ia juga memastikan kebutuhan anggaran untuk membayar kewajiban tersebut tersedia.

""Jadi gini, saya cuma lihat bebannya setiap tahun seperti apa sih, saya lihat setiap tahun saya lihat, 'oh kalau segini saja cukup lah ditangani oleh satu SMV.. Satu perusahaan SMV di bawah Departemen Keuangan, atau dua. Tapi uangnya cukup lebih,"" terang Purbaya.

Purbaya memastikan SMV yang nantinya menangani kewajiban tersebut tidak perlu mencari investor baru untuk mendapatkan dana. Menurutnya, SMV Kemenkeu sudah memiliki kemampuan keuangan untuk membayar utang tersebut.

Menurut Purbaya kemampuan keuangan tersebut cukup untuk menangani kewajiban utang yang ada saat ini. Namun, perhitungan lebih lanjut masih akan dilakukan sebelum skema tersebut ditetapkan.

""Nggak, sudah ada uangnya. Sudah ada juga. Kan kalau SMV,let'ssaysatu perusahaan SMV aja, keuntungannya berapa sekarang? Rp 3 triliun, Rp 4 triliun setahun. Ditambah dengan operasionalnya sendiri, mungkin dapat Rp 800 miliar keuntungannya,"" jelas Purbaya di Kompleks Istana Kepresidenan, Jakarta Pusat, Senin (7/9/2026)."
Berita Ekonomi Bisnis,Masih Bingung Kelola Arus Kas Bisnis Jasamu? Ikut Program Ini Solusinya,https://finance.detik.com/berita-ekonomi-bisnis/d-8654602/masih-bingung-kelola-arus-kas-bisnis-jasamu-ikut-program-ini-solusinya,"Selasa, 08 Sep 2026 23:09 WIB","Selasa, 08 Sep 2026 23:09 WIB",https://awsimages.detik.net.id/community/media/visual/2026/09/08/detikevent-accurate-service-company-1788883745552_43.jpeg?w=210&q=90,"Buat kamu yang baru masuk kerja jadi staf administrasi atau keuangan di usaha jasa, urusan pencatatan transaksi sering kali jadi tantangan besar di bulan-bulan pertama. Belum hafal alur pembukuan, ditambah harus belajar software baru, laporan keuangan pun gampang telat dan berantakan.

Kondisi ini yang coba dijawab lewat ACCURATE FOR SERVICE COMPANY: Pelatihan Akuntansi Jasa Berbasis Accurate Batch 4, pelatihan praktikal dari Piranha Smart Center lewat Education Visionary Lab (EVL) yang tayang di detikEvent.

Usaha jasa, mulai dari konsultan, agency, sampai klinik kecantikan, butuh laporan keuangan yang rapi buat ambil keputusan bisnis. Staf yang paham cara kerja software akuntansi seperti Accurate biasanya lebih dipercaya pegang tanggung jawab lebih besar, karena kerjaannya minim revisi dan gampang dicek atasan.

Pelatihan ini berlangsung Rabu, 16 September 2026 sampai Jumat, 18 September 2026, pukul 18.30-20.30 WIB, secara online lewat live training interaktif. Materinya mencakup pencatatan transaksi penjualan jasa, pengelolaan kas dan bank, sampai penyusunan laporan keuangan usaha jasa dari nol. Bukan cuma teori, peserta praktik langsung pakai studi kasus usaha jasa yang relevan sama kerjaan sehari-hari.

Cocok buat pelaku usaha jasa, staf administrasi dan keuangan, mahasiswa serta fresh graduate akuntansi yang mau punya bekal skill Accurate sebelum masuk dunia kerja.

Kalau kamu mau laporan keuangan usaha jasa lebih tertib dan siap pakai, daftar pelatihan Accurate ini sekarang didetikeventsebelum kelasnya penuh!"
Infrastruktur,"513,9 Km Listrik Aliran Atas KRL Jabodetabek Dirawat, Ini Prosesnya",https://finance.detik.com/infrastruktur/d-8654568/513-9-km-listrik-aliran-atas-krl-jabodetabek-dirawat-ini-prosesnya,"Selasa, 08 Sep 2026 22:38 WIB","Selasa, 08 Sep 2026 22:38 WIB",https://awsimages.detik.net.id/community/media/visual/2026/09/08/krl-commuter-line-1788881722737_43.jpeg?w=210&q=90,"KAI Properti melakukan pemeliharaan Listrik Aliran Atas (LAA) di wilayah Daerah Operasi 1 Jakarta sepanjang 513,926 kilometer. Pemeliharaan mencakup 15 resor di wilayah Jabodetabek dan melibatkan 78 pekerja.

Manager Corporate Communication KAI Properti, Bramantya Candrika, mengatakan pemeliharaan rutin dilakukan untuk memastikan jaringan LAA tetap dalam kondisi baik dan siap mendukung operasional Kereta Rel Listrik (KRL) Jabodetabek.

""Operasional kereta api didukung oleh berbagai infrastruktur yang harus dijaga kondisinya secara berkelanjutan. Pemeliharaan LAA dilakukan secara rutin sebagai bagian dari upaya memastikan sistem elektrifikasi tetap berfungsi dengan baik dan dapat mendukung kebutuhan perjalanan kereta api setiap harinya,"" ujar Bram dalam keterangan tertulis, Selasa (8/9/2026).

Pemeliharaan meliputi pemeriksaan jaringan, perbaikan komponen, dan pengadaan material jika diperlukan. Pekerjaan dilakukan rutin sepanjang tahun dengan menyesuaikan jadwal operasional KRL.

Pemeliharaan mencakup 15 resor, yakni Rangkasbitung, Parung Panjang, Serpong, Tanah Abang, Duri, Jakarta Kota, Pasar Senen, Bandara Soekarno - Hatta (Basoetta), Manggarai, Jatinegara, Cikarang, Pasar Minggu, Depok, Bogor, dan Nambo.

KAI Properti juga melaksanakan penggantian 180 isolator Engineering, Procurement, and Construction(EPC) pada sejumlah petak jalur KRL Jabodetabek. Hingga saat ini, progres pekerjaan penggantian isolator tersebut telah mencapai sekitar 70%.

Penggantian dilakukan terhadap isolator yang telah mencapai masa pakai. Isolator adalah komponen dalam sistem LAA yang berfungsi sebagai penyekat antara penghantar listrik dan struktur pendukungnya untuk menjaga keamanan dan keandalan sistem elektrifikasi.

""Setiap komponen memiliki masa pakai dan kondisi yang perlu dipantau secara berkala. Karena itu, selain melakukan pemeriksaan dan pemeliharaan rutin, kami juga melakukan penggantian terhadap komponen yang telah mencapai masa pakainya. Pekerjaan ini dilakukan secara bertahap dengan tetap memperhatikan aspek keselamatan dan kelancaran operasional perjalanan kereta api,"" terang Bram.

Pekerjaan penggantian isolator dilakukan di sejumlah petak jalur, antara lain Cikoya-Maja, Emplasemen Maja, Daru-Tenjo, Pondok Ranji-Jurangmangu, Sudimara-Rawabuntu, Tanah Abang-Palmerah, Angke-Kampung Bandan, Buaran-Klender Baru, Cawang-Duren Kalibata, Lenteng Agung-Universitas Pancasila, Universitas Pancasila-Universitas Indonesia, Citayam-Bogor, serta sejumlah lokasi lainnya.

""Kami akan terus memastikan pemeliharaan dan peningkatan infrastruktur dilakukan sesuai dengan kebutuhan operasional, dengan tetap mengutamakan aspek keselamatan dan kualitas pekerjaan. Kami berharap upaya ini dapat terus mendukung kesiapan infrastruktur dalam menunjang operasional perjalanan kereta api,"" tutup Bram."
Energi,Sampah Kini 'Disulap' Jadi Bensin dan Solar,https://finance.detik.com/energi/d-8654538/sampah-kini-disulap-jadi-bensin-dan-solar,"Selasa, 08 Sep 2026 22:10 WIB","Selasa, 08 Sep 2026 22:10 WIB",https://awsimages.detik.net.id/community/media/visual/2026/07/10/sampah-plastik-disulap-jadi-bbm-alternatif-lewat-teknologi-pirolisis-1783652532982_43.jpeg?w=210&q=90,"Kebijakan mengolah sampah menjadi energi yang bisa dimanfaatkan masyarakat terus berjalan. Salah satunya adalah mengolah sampah menjadi solar dan bensin

""Sampah plastik khususnya bisa menghasilkan BBM terbarukan. Jadi istilah kami adalah bahan bakar minyak terbarukan yang bisa diolah dengan sistem pirolisis dari plastik tersebut untuk menjadi solar maupun bensin,"" ujar Direktur Jenderal Energi Baru, Terbarukan, dan Konservasi Energi, Kementerian ESDM Eniya Listiani Dewi dalam rapat dengan Komisi XII DPR, Selasa (8/9/2026).

Saat ini Kementerian ESDM mengidentifikasi kualitas BBM yang dihasilkan dari proses tersebut. Pasalnya, setiap lokasi dari pengolahan sampah tersebut menghasilkan kualitas yang berbeda.

Pemerintah juga tengah menyiapkan mekanisme perizinan untuk pengembangan usaha tersebut.

""Jadi cukup izin, nanti kita verifikasi, lalu kita berikan izin dan bisa B2B. Jadi bisa menjual bahan bakar minyak terbarukan ini secara komersial,""  terang Eniya.

""Lalu tentang produk sampah lainnya, biogas, ini bahan bahan bakar juga, yang saat ini mungkin trending ya, biogas menjadi biometana. Karena pengurangan emisi yang sangat signifikan, mendapatkan harga karbon yang lebih banyak, biometana ini mulai ingin dikomersialisasikan. Izinnya sudah ada dari Kementerian ESDM sejak 2024 akhir, cukup hanya izin produksi saja, nanti bisa B2B,"" sambung Eniya.

Sebelumnya, Menteri Koordinator Bidang Pangan Zulkifli Hasan menyampaikan bahwa TNI akan terlibat dalam pengolahan sampah menjadi BBM.

""Kita juga terima kasih kepada Bapak Maruli TNI Angkatan Darat yang akan membantu kita untuk mengubah (sampah) yang sudah lama. Sampah ini kan hanya baru datang. Kota Bekasi ini ada yang baru datang sampahnya 1.800 ton. Tapi yang menjadi gunung itu banyak. Nah, yang jadi gunung itu akan dikelola TNI nanti kerja sama akan pirolisis, jadi minyak,"" ujar Zulhas di Bekasi, Rabu (26/8/2026).

Di tempat yang sama, Kepala Staf Angkatan Darat (Kasad) Jenderal TNI Maruli Simanjuntak mengatakan bahwa pihaknya bersama mitra pilihannya akan fokus mengolah sampah lama yang sudah menggunung. Sementara saat ini pemerintah mengelola PSEL.

""Yang kami akan olah adalah timbunan-timbunan sampah lama. Yang inilah yang mungkin sampai dengan sekarang masih belum ada yang bisa memilah ini. Kebetulan ada yang bisa dari partner kami, dari Pak Agus, Pak Agus itu dari pengelola, salah satu dirut di pengembang ini yang mampu mengerjakan ini. Jadi nanti dari sampah lama ini bisa 1.000 ton per hari diproses,"" katanya.

Maruli menyampaikan dalam proyek ini pihaknya membutuhkan lahan mencapai 5 hektare untuk fasilitas utama ditambah area pre treatment sekitar setengah hektare di tiap tempatnya. Dari lahan tersebut, ia memperkirakan dapat mengolah sampah lama 1.000 ton per hari.

""Kalau itu bisa ada lahannya, bagaimana teknis penggunaannya, ini yang mungkin nanti saya akan ulas sedikit, kami bisa segera kerjakan. Jadi itu intinya,"" katanya.

Maruli menambahkan, proyek ini akan berlangsung di Bantar Gebang, Sumur Baru (Bekasi), Galuga Bogor, Sari Mukti Bandung, dan Jatibarang, Semarang.

Ia mengatakan dalam proses ini, pihaknya masih menemui berbagai kendala, mulai dari belum tersedianya lahan, proses perizinan, hingga penjualan hasil olahan sampah yang nantinya menjadi solar.

""Jadi intinya kalau ini sudah bisa diselesaikan masalah perizinan, mungkin satu tahun pabrik-pabrik ini bisa jalan Pak. Jadi ini sudah kami kerjakan dari sejak April perintah dari Presiden itu, sampai dengan sekarang masalah tempat kami belum bisa dapatkan. Kalau ini sudah bisa selesai, kita go paling lama satu tahun, pabrik sudah siap untuk bisa mengolah sampah seribu ton per hari di setiap titik,"" terangnya."
Berita Ekonomi Bisnis,"Sudah Lulus Brevet Pajak AB, Saatnya Lanjut Brevet C untuk CV Lebih Kuat",https://finance.detik.com/berita-ekonomi-bisnis/d-8654509/sudah-lulus-brevet-pajak-ab-saatnya-lanjut-brevet-c-untuk-cv-lebih-kuat,"Selasa, 08 Sep 2026 21:47 WIB","Selasa, 08 Sep 2026 21:47 WIB",https://awsimages.detik.net.id/community/media/visual/2026/09/08/detikevent-brevet-pajak-1788878364678_43.jpeg?w=210&q=90,"Punya sertifikat Brevet Pajak A dan B memang jadi nilai tambah di dunia kerja. Bagi sebagian tax staff dan konsultan pajak, sertifikat itu terasa belum cukup untuk bersaing di posisi yang menangani klien atau perusahaan berskala multinasional.

Persoalannya, materi Brevet A dan B umumnya fokus pada perpajakan domestik. Ketika berhadapan dengan kasus lintas negara, seperti perhitungan pajak berganda atau transfer pricing, kompetensi yang sudah dimiliki sering belum cukup menjawab kebutuhan pekerjaan sehari-hari.

Di sinilah Brevet Pajak C hadir sebagai jenjang lanjutan yang relevan. Program dari Piranha Smart Center bersama Education Visionary Lab ini dirancang khusus membahas perpajakan tingkat internasional, mencakup pajak berganda, pemajakan penghasilan luar negeri, kredit pajak luar negeri, hingga mekanisme transfer pricing secara aplikatif.

Batch 26 ini berlangsung online via Zoom mulai Senin, 14 September 2026 sampai Selasa, 29 September 2026, dengan pertemuan rutin setiap Senin dan Selasa pukul 18.30 hingga 20.30 WIB. Peserta mengikuti enam kali sesi pembelajaran plus satu ujian teori di akhir program.

Selain sertifikat Brevet C, peserta yang mengambil paket sertifikasi juga berkesempatan meraih gelar non akademik Certified Professional Tax Technician (CPTT), yang bisa memperkuat portofolio profesional di bidang perpajakan.

Materi disampaikan lewat pemaparan konsep, studi kasus dari berbagai subjek dan objek pajak, latihan soal, hingga sesi diskusi dan tanya jawab. Pendekatan ini dirancang supaya peserta bisa langsung menerapkan materi dalam pekerjaan sehari-hari, bukan sekadar memahami teori di ruang kelas.

Program ini terbuka untuk lulusan Brevet A dan B, staf keuangan, konsultan pajak, hingga pelaku usaha ekspor impor.

Daftarkan dirimu sekarang melaluidetikevent!"
Berita Ekonomi Bisnis,"Perusahaan Multinasional Butuh Staf Paham Pajak Lintas Negara, Belajar di Sini!",https://finance.detik.com/berita-ekonomi-bisnis/d-8654502/perusahaan-multinasional-butuh-staf-paham-pajak-lintas-negara-belajar-di-sini,"Selasa, 08 Sep 2026 21:39 WIB","Selasa, 08 Sep 2026 21:39 WIB",https://awsimages.detik.net.id/community/media/visual/2026/09/08/detikevent-brevet-pajak-1788878364678_43.jpeg?w=210&q=90,"Bisnis yang beroperasi lintas negara punya satu tantangan yang sering diremehkan, kepatuhan pajak internasional. Berbeda dari pajak domestik biasa, aspek ini melibatkan perjanjian pajak berganda, transfer pricing, hingga aturan pemajakan penghasilan luar negeri yang jarang dikuasai staf pajak level dasar.

Akibatnya, banyak perusahaan multinasional kesulitan mencari tenaga yang benar-benar paham perpajakan lintas batas negara. Staf yang hanya menguasai Brevet A dan B belum tentu siap menangani kasus pajak internasional yang jauh lebih kompleks.

Kebutuhan ini yang menjadi dasar program Pelatihan Brevet Pajak C + Sertifikasi CPTT dari Piranha Smart Center bersama Education Visionary Lab.

Berbeda dari Brevet A dan B yang membahas perpajakan domestik, tingkat C ini khusus mendalami kebijakan perpajakan multinasional, mulai dari pajak internasional, pajak berganda, kredit pajak luar negeri, sampai transfer pricing.

Batch ke-26 ini digelar online melalui Zoom, dimulai Senin, 14 September 2026 hingga Selasa, 29 September 2026, dengan jadwal setiap Senin dan Selasa pukul 18.30 sampai 20.30 WIB. Total enam kali pertemuan ditambah satu ujian teori pilihan ganda melengkapi rangkaian pelatihan ini.

Peserta yang lulus berhak mendapat sertifikat pelatihan Brevet C, dan bagi yang mengambil paket sertifikasi, juga memperoleh gelar non akademik Certified ProfessionalTax Technician (CPTT) yang diterbitkan Asosiasi Teknisi Perpajakan Indonesia dengan izin resmi Kemenkumham. Peserta juga mendapat akses e-modul, video recording pembelajaran, latihan soal persiapan ujian, serta konsultasi selama dan pasca pelatihan berlangsung.

Program ini cocok untuk lulusan Brevet A dan B, staf administrasi keuangan, tax konsultan, hingga pelaku usaha yang menangani ekspor impor di perusahaan multinasional.

Pendaftaran sudah dibuka, daftarkan dirimu sekarang melaluidetikevent!"
Berita Ekonomi Bisnis,Purbaya Terjunkan Anak Buah Awasi Ketat Dapur MBG,https://finance.detik.com/berita-ekonomi-bisnis/d-8654488/purbaya-terjunkan-anak-buah-awasi-ketat-dapur-mbg,"Selasa, 08 Sep 2026 21:18 WIB","Selasa, 08 Sep 2026 21:18 WIB",https://awsimages.detik.net.id/community/media/visual/2026/06/05/tawa-purbaya-pastikan-ekonomi-hingga-mei-2026-masih-solid-1780655487362_43.jpeg?w=210&q=90,"Menteri Keuangan Purbaya Yudhi Sadewa buka suara soal Satuan Pelayanan Pemenuhan Gizi (SPPG) atau dapur program Makan Bergizi Gratis (MBG).

Purbaya mengaku telah mengerahkan tim dari Direktorat Jenderal Perbendaharaan Kementerian Keuangan memonitor dapur MBG seluruh Indonesia.

Langkah ini diambil dalam rangka mengawasi penggunaan anggaran pada setiap dapur MBG. Jika ada dapur yang terbukti menyalahgunakan anggaran, maka langsung dilaporkan ke Badan Gizi Nasional (BGN).

Purbaya menegaskan, apabila setelah dilaporkan ke BGN tetap tidak ada perubahan, maka anggaran akan dikurangi.

""Jadi saya kerahkan orang Dirjen Perbendaharaan di seluruh Indonesia untuk memonitor secara berkala SPPG-SPPG yang ada di setiap daerah Indonesia. Itu akan menjadi penambahan tentang pelaksanaan program itu, nanti kalau ada yang ngaco-ngaco kita kasih masukkan ke BGN bahwa di satu tempat SPPG tertentu melakukan kesalahan dan kalau nggak didengar kita kurangin anggarannya,"" jelas Purbaya di kawasan Sunter, Jakarta Utara, Selasa (8/9/2026).

Purbaya menambahkan, di sisi lain, BGN telah melakukan efisiensi anggaran menjadi Rp 240 triliun dari Rp 330 triliun. Anggaran program MBG juga masih berpeluang dipangkas kembali.

Tahun ini, menurut perkiraan Purbaya dari total anggaran BGN yang telah dipangkas, hanya terpakai di bawah Rp 200 triliun.

""Jadi kepala BKN yang baru orangnya cukup bagus ya, bagus malah. Itu sudah melakukan efisiensi Implementasi program itu, sudah ada penghematan yang besar. Tahun ini kan tadinya anggarannya Rp 330 triliun, turun ke Rp 270 triliun, Rp 240 triliun. Saya pikir tahun ini implementasinya akan di bawah itu, di bawah Rp 200 triliun mungkin dugaan saya,"" jelas Purbaya."
Https:,Video: BPS Tegaskan Desil Tak Hanya Berdasarkan Variabel Tunggal,https://20.detik.com/detikupdate/20260908-260908069/video-bps-tegaskan-desil-tak-hanya-berdasarkan-variabel-tunggal,"Selasa, 08 Sep 2026 20:57 WIB","Selasa, 08 Sep 2026 20:57 WIB",https://awsimages.detik.net.id/community/media/visual/2026/02/12/ilustrasi-desil-bansos-1770871812437_43.png?w=210&q=90,
Berita Ekonomi Bisnis,"Pemda Bisa Pinjam ke SMI, Bayarnya Pakai DBH",https://finance.detik.com/berita-ekonomi-bisnis/d-8654444/pemda-bisa-pinjam-ke-smi-bayarnya-pakai-dbh,"Selasa, 08 Sep 2026 20:39 WIB","Selasa, 08 Sep 2026 20:39 WIB",https://awsimages.detik.net.id/community/media/visual/2015/12/17/00d5a8dc-da3d-483a-bd2e-e78ce08f1d66_43.jpg?w=210&q=90,"Menteri Keuangan Purbaya Yudhi Sadewa, menyiapkan kebijakan baru untuk memenuhi kebutuhan anggaran pembangunan pemerintah daerah (Pemda). Kebijakan baru ini nantinya akan melibatkan PT Sarana Multi Infrastruktur (Persero) atau SMI.

SMI merupakan special mission vehicle (SMV) kementerian keuangan. Purbaya mengatakan, kebutuhan anggaran pembangunan Pemda bisa diajukan melalui pinjaman ke SMI.

Selanjutnya pemda bisa memenuhi kewajiban pinjaman tersebut melalui dana bagi hasil (DBH). DBH merupakan bagian dana transfer ke daerah (TKD) yang disalurkan pemerintah pusat.

""Kalau emang daerahnya betul-betul perlu bikin infrastruktur, ya pinjaman ke PT SMI, nanti dibayar pakai sebagian DBH itu,"" ungkap Purbaya kepada wartawan di kawasan Sunter, Jakarta Utara, Selasa (8/9/2026).

Namun begitu, Purbaya mengatakan ada program infrastruktur yang tidak dijalankan sejumlah pemda salah satunya pembangunan jembatan. Hal ini juga yang mendorong pemerintah pusat untuk membentuk program 1.000 jembatan.

""Misalnya jembatan yang enggak ada, segala macam. Makanya dibuat program 1.000 jembatan, program pembangunan jembatan darurat itu, yang dibangun oleh tentara,"" jelasnya.

Purbaya menambahkan, kebijakan tersebut sudah masuk dalam tahap sosialisasi. Ia menekankan, skema pendanaan ini dibentuk untuk memastikan anggaran daerah betul-betul dimanfaatkan.

""Jadi nanti barangnya betul-betul jadi barang,"" pungkasnya."
Moneter,Purbaya Sebut Bank RI Siap Pungut Pajak Transaksi Digital Luar Negeri,https://finance.detik.com/moneter/d-8654414/purbaya-sebut-bank-ri-siap-pungut-pajak-transaksi-digital-luar-negeri,"Selasa, 08 Sep 2026 20:05 WIB","Selasa, 08 Sep 2026 20:05 WIB",https://awsimages.detik.net.id/community/media/visual/2026/09/02/purbaya-1788337519390_43.jpeg?w=210&q=90,"Perbankan nasional siap memungut pajak atas transaksi digital luar negeri. Hal tersebut dipastikan setelah melakukan berbagai tes terhadap puluhan perbankan domestik.

Menteri Keuangan (Menkeu) Purbaya Yudhi Sadewa, mengatakan implementasi kebijakan ini akan dimulai oleh Himpunan Bank Milik Negara (Himbara). Kebijakan ini rencananya akan diimplementasikan pada 10 September 2026.

""Sudah siap semua, peserta sudah dites, kita sudah tes berapa puluh bank-bank. Himbara akan segera mulai jalan. Nanti akan kita implementasi ke bank-bank lain secara bertahap,"" ujar Purbaya kepada wartawan di kawasan Sunter, Jakarta Utara, Selasa (8/9/2026).

Purbaya mengatakan, ada empat bank plat merah yang siap mengimplementasikan kebijakan tersebut. Meski begitu, ia mengaku belum melihat berapa besar potensi dari pemungutan pajak tersebut.

""Saya belum bisa hitung, karena itu akan ditarik dari yang sebelumnya belum kita tarik. Jadi saya gak tau potensinya. Kalau janji vendornya sih gede, cuman saya sangsi Itu akan terbukti dalam waktu dekat. Jadi saya harus hati-hati untuk prediksi potensi dari situ,"" pungkasnya.

Sebagai informasi, kebijakan ini masuk dalam Sistem Pemungutan Pajak atas Transaksi Digital Luar Negeri (SPP-TDLN) yang rencananya diterapkan pada 10 September 2026. Dalam hal ini, pemerintah menunjuk PT Jalin Pembayaran Nusantara (Jalin) penyelenggara SPP-TDLN berdasarkan Peraturan Presiden Nomor 68 Tahun 2025."
Https:,"Video: 4,5 Juta Keluarga Ajukan Diri untuk Dapat Bansos pada 2026",https://20.detik.com/detikupdate/20260908-260908066/video-45-juta-keluarga-ajukan-diri-untuk-dapat-bansos-pada-2026,"Selasa, 08 Sep 2026 19:50 WIB","Selasa, 08 Sep 2026 19:50 WIB",https://awsimages.detik.net.id/community/media/visual/2026/09/01/mensos-buka-akses-koreksi-data-desil-masyarakat-bisa-lapor-lewat-wa-1788228861571_43.jpeg?w=210&q=90,
Berita Ekonomi Bisnis,7 Rekomendasi Jasa Forwarder Import Barang dari China ke Indonesia,https://finance.detik.com/berita-ekonomi-bisnis/d-8654391/7-rekomendasi-jasa-forwarder-import-barang-dari-china-ke-indonesia,"Selasa, 08 Sep 2026 19:40 WIB","Selasa, 08 Sep 2026 19:40 WIB",https://awsimages.detik.net.id/community/media/visual/2026/09/08/ilustrasi-pelabunan-peti-kemas-1788871229542_43.jpeg?w=210&q=90,"Mengimpor barang dari China ke Indonesia semakin banyak dilakukan oleh pelaku usaha, mulai dari reseller dan UMKM hingga perusahaan dengan kebutuhan kargo dalam jumlah besar. Dalam proses import China ke Indonesia, jasa forwarder berperan membantu pengiriman barang dari supplier di China hingga proses customs clearance dan pengantaran di Indonesia.

Saat ini tersedia berbagai jasa import China dengan karakteristik layanan yang berbeda. Ada yang lebih cocok untuk pembelian kecil dari marketplace seperti Taobao dan 1688, sementara lainnya memiliki kapasitas untuk menangani pengiriman dalam jumlah besar menggunakan kontainer.

Berikut 7 jasa forwarder China Indonesia yang dapat dipertimbangkan berdasarkan karakteristik layanan masing-masing.

1. Natindo Cargo

Natindo Cargomenjadi salah satu pilihan forwarder China Indonesia yang melayani berbagai skala kebutuhan import. Salah satu indikator yang dapat diperhatikan calon pelanggan adalah jumlah ulasan di Google Maps yang telah mencapai 500+ ulasan, dengan rating sekitar 4,5 bintang.

Banyaknya ulasan dapat menjadi referensi tambahan untuk melihat pengalaman pelanggan yang telah menggunakan layanan Natindo.

Dengan pengalaman lebih dari 10 tahun di bidang forwarding dan import, Natindo menangani kebutuhan mulai dari import dalam jumlah kecil hingga pengiriman kargo besar. Untuk kebutuhan perusahaan dengan volume tinggi, tersedia layanan full container (FCL) mulai dari 20 feet hingga 40 feet.

Di sisi lain, importir dengan volume lebih kecil juga dapat menggunakan layanan LCL dan Air Cargo. Natindo turut membantu pembelian barang dari marketplace China seperti Taobao, 1688, Alibaba, AliExpress, danJD.COM, sehingga layanannya dapat digunakan baik oleh reseller dan UMKM maupun perusahaan yang melakukan import dalam skala besar.

Dengan pilihan kapasitas tersebut, Natindo dapat menjadi salah satu alternatif bagi calon importir yang membutuhkan jasa import China untuk berbagai skala pengiriman.

2. Fastindo Cargo

Fastindo Cargo menyediakan layanan forwarder China Indonesia dengan pilihan Sea LCL, Sea FCL, dan Air Cargo.

Salah satu karakteristiknya adalah keberadaan warehouse di beberapa lokasi di China, termasuk Guangzhou dan Yiwu. Fasilitas tersebut dapat membantu importir yang memiliki supplier dari lokasi berbeda dan membutuhkan proses penerimaan serta konsolidasi barang sebelum dikirim ke Indonesia.

Fastindo dapat menjadi alternatif bagi bisnis yang membutuhkan fleksibilitas dalam memilih metode pengiriman untuk proses import barang dari China ke Indonesia.

3. Ducking

Ducking lebih menonjol pada kemudahan proses pembelian barang dari marketplace China. Platform ini mendukung pembelian dari sejumlah marketplace seperti Taobao, 1688, Tmall, dan Alibaba.

Pendekatan tersebut membuat Ducking lebih relevan bagi importir kecil, reseller, dan online seller yang ingin melakukan pembelian dari China tanpa harus mengurus seluruh prosesnya sendiri.

Untuk kebutuhan import dengan volume kecil, kemudahan proses pembelian sekaligus pengiriman dapat menjadi salah satu pertimbangan utama.

4. Wilopo Cargo

Wilopo Cargo menawarkan layanan import dari China ke Indonesia dengan pilihan LCL dan FCL. Dengan pilihan tersebut, Wilopo dapat digunakan untuk kebutuhan pengiriman dengan volume yang berbeda.

Ketersediaan FCL juga membuatnya relevan bagi bisnis yang mulai membutuhkan pengiriman dalam jumlah lebih besar dan tidak lagi hanya mengandalkan pengiriman konsolidasi.

5. Xing Lie Cargo

Xing Lie Cargo menyediakan layanan import barang dari China ke Indonesia melalui jalur laut maupun udara.

Layanannya juga mencakup kebutuhan import dari marketplace seperti Alibaba, AliExpress, 1688, dan Taobao. Pilihan jalur pengiriman tersebut memberikan fleksibilitas bagi importir untuk menyesuaikan pengiriman berdasarkan volume dan kebutuhan waktu.

6. CargoPro

CargoPro merupakan pemain yang relatif baru di bidang jasa import China, dengan fokus pada layanan door-to-door dan konsep All-In.

Tersedia pilihan LCL dan FCL, serta layanan pendukung seperti supplier sourcing. Bagi importir yang mencari alternatif baru dengan pendekatan pelayanan yang modern, CargoPro dapat menjadi salah satu pilihan untuk dibandingkan.

7. Trans Express

Trans Express merupakan salah satu alternatif yang relatif baru untuk kebutuhan pengiriman dan import China ke Indonesia.

Selain pilihan layanan pengiriman, customer service dan komunikasi selama proses import juga menjadi hal yang dapat dipertimbangkan. Trans Express dapat menjadi alternatif bagi importir yang ingin membandingkan pemain baru di industri forwarding.

Memilih Jasa Import China Sesuai Kebutuhan

Tidak ada satu jasa forwarder China Indonesia yang paling sesuai untuk semua kebutuhan. Importir yang membeli beberapa barang dari Taobao atau 1688 tentu memiliki kebutuhan berbeda dengan perusahaan yang mendatangkan satu atau beberapa kontainer setiap bulan.

Sebelum memilih forwarder, perhatikan beberapa faktor seperti minimum volume, pilihan LCL atau FCL, jalur pengiriman, customs clearance, pengalaman perusahaan, review pelanggan, serta cakupan layanan dari China hingga Indonesia.

Dengan memahami kebutuhan terlebih dahulu, importir dapat memilih jasa import China yang tidak hanya menawarkan harga kompetitif, tetapi juga sesuai dengan skala dan pola import masing-masing.

Dengan memahami kebutuhan terlebih dahulu, importir dapat memilih jasa import China yang tidak hanya menawarkan harga kompetitif, tetapi juga sesuai dengan skala dan pola import masing-masing. Bagi Anda yang baru menyusun strategi pengadaan barang lintas negara dan memerlukan referensi prosedural lebih lanjut, Anda dapat mempelajari panduan komprehensif mengenaicara import barang dari china."
Moneter,"Ungkap Pemda Punya Rp 100 Triliun Nganggur, Purbaya Ingatkan Tak Perlu Minjam",https://finance.detik.com/moneter/d-8654381/ungkap-pemda-punya-rp-100-triliun-nganggur-purbaya-ingatkan-tak-perlu-minjam,"Selasa, 08 Sep 2026 19:32 WIB","Selasa, 08 Sep 2026 19:32 WIB",https://awsimages.detik.net.id/community/media/visual/2026/09/07/menteri-keuangan-menkeu-purbaya-yudhi-sadewa-1788758870844_43.jpeg?w=210&q=90,"Menteri Keuangan (Menkeu) Purbaya Yudhi Sadewa menilai pemerintah daerah (pemda) belum perlu mencari sumber pembiayaan lain lewat penerbitan obligasi.

Pasalnya, pemda masih memiliki cukup anggaran untuk membiayai berbagai program pembangunan.  Pemda memiliki anggaran berlebih atau excess liquidity sebesar Rp 100 triliun.

Menurut Purbaya, anggaran tersebut kerap kali tidak digunakan hingga tenggat waktu penggunaan setiap 31 Desember.

""Setiap tahun tuh daerah ada Rp 100 triliun uang yang enggak kepake, di bulan Desember. Semua ada excess liquidity, excess fund di perbankan Rp 100 triliun,"" ungkap Purbaya kepada wartawan di kawasan Sunter, Jakarta Utara, Selasa (8/9/2026).

Menurutnya, Pemda lebih baik menggunakan dana tersebut untuk mendanai program dan pembangunan ketimbang menerbitkan surat utang daerah. Meski begitu, Purbaya tidak melarang Pemda untuk menerbitkan obligasi jika diperlukan.

""Tapi basically gitu, hitungan saya sih kalau uangnya banyak, ngapain pinjam. Tapi kalau butuh ya enggak apa-apa pinjam saja,"" jelasnya.

Purbaya juga mengingatkan, pengelolaan dana obligasi harus dilakukan secara tepat guna. Pengelolaan risiko ini penting untuk menghindari fraud sebagaimana terjadi pada sejumlah Pemda di Brazil.

""Kalau kita lihat pelajaran di negara Amerika Latin, Brasil kayaknya deh, itu sama. Dulu pernah regionalnya boleh, daerah-daerahnya boleh, provinsi boleh, nerbitin surat utang, dinggapnya tak bisa sama pusat, tapi ketika dia fraud ramai-ramai, yang ditunjuk pusat juga,"" terang Purbaya.

Diberitakan sebelumnya, Purbaya sempat merespons rencana Gubernur DKI Jakarta Pramono Anung yang hendak menerbitkan obligasi daerah. Menurutnya, kondisi keuangan Jakarta sudah mencukupi sehingga tidak perlu mengambil langkah tersebut.

Kendati begitu, Purbaya tetap mempersilakan Pemprov DKI Jakarta apabila memang instrumen itu dirasa mendesak. Namun ketika disinggung permintaan Pramono agar Dana Bagi Hasil (DBH) dicairkan jika penerbitan obligasi tidak diperbolehkan, Purbaya justru mempertanyakan posisi tawar tersebut.

Ia menegaskan penahanan penyaluran DBH untuk wilayah DKI Jakarta telah sesuai dengan aturan perundang-undangan yang berlaku.

""Emang dia bisa neken ya? Ya nggak tahu, kita lihat nanti ke depan. (DBH ditahan) kan disesuaikan dengan kondisi keuangan pemerintah kan DBH itu di undang-undang APBN seperti itu,"" ujar Purbaya di Gedung DPR RI, Jakarta Pusat, Senin (7/9/2026)."
Berita Ekonomi Bisnis,"Graha Merah Putih Akan Disewa BGN, Bos Telkom: Hadirkan Peluang Bisnis Baru",https://finance.detik.com/berita-ekonomi-bisnis/d-8654336/graha-merah-putih-akan-disewa-bgn-bos-telkom-hadirkan-peluang-bisnis-baru,"Selasa, 08 Sep 2026 19:20 WIB","Selasa, 08 Sep 2026 19:20 WIB",https://awsimages.detik.net.id/community/media/visual/2026/09/08/dian-siswarini-1788868751484_43.jpeg?w=210&q=90,"PT Telkom Indonesia (Persero) Tbk (Telkom) menyambut positif rencana pemanfaatan Gedung Graha Merah Putih (GMP) oleh Badan Gizi Nasional (BGN) secara skema Business to Business (B2B). Langkah penyewaan ini menjadi bagian dari strategi leveraging asset perusahaan untuk mengoptimalkan aset properti sekaligus membuka peluang pendapatan baru dari konektivitas digital.

Direktur Utama Telkom, Dian Siswarini menyampaikan bahwa skema bisnis ini dijalankan secara proporsional dengan tetap mengedepankan tata kelola perusahaan yang baik (Good Corporate Governance).

""Bagi TelkomGroup, rencana penyewaan gedung GMP oleh BGN merupakan bentuk leveraging asset yang dapat menghadirkan peluang bisnis baru, termasuk melalui penyediaan layanan konektivitas dan solusi digital unggul dari yang kami miliki,"" ujar Dian dalam keterangannya, Selasa (8/9/2026).

Optimalisasi GMP ini juga dimanfaatkan Telkom untuk menata ulang klasterisasi ruang kerja internal yang sebelumnya masih tersebar di beberapa lokasi di Jakarta. Penataan ini ditujukan agar kolaborasi antar unit kerja menjadi lebih terintegrasi.

""Saat ini, sejumlah unit masih yang berkaitan tersebar di berbagai lokasi kerja di Jakarta. Melalui penataan ini, kami ingin menciptakan lingkungan kerja yang lebih terintegrasi sesuai stream masing-masing unit. Harapannya, ini dapat membuat kolaborasi menjadi lebih mudah, proses kerja semakin efektif, dan produktivitas karyawan semakin meningkat,"" jelas Dian.

Proses transisi penempatan ruang kerja BGN di GMP akan dilakukan secara bertahap setelah seluruh pembahasan negosiasi rampung. Telkom memastikan keamanan, keselamatan, serta kenyamanan operasional karyawan tetap menjadi prioritas utama.

""Berdasarkan hasil survei dan diskusi bersama Telkom, BGN menyampaikan rencana pemanfaatan GMP untuk ruang kerja serta beberapa fasilitas workstation standar. Pemanfaatan tersebut akan dilakukan setelah proses penataan unit-unit di Telkom dan pemindahan peralatan kerja existing ke lokasi yang telah disepakati bersama,"" lanjut Dian.

Bersamaan dengan langkah tersebut, Telkom melanjutkan peremajaan Telkom Integrated Operation Center (TIOC) menggunakan teknologi kecerdasan buatan (AI) dan otomasi. Penataan ruang kerja ini diharapkan mempercepat koordinasi operasional perusahaan secara keseluruhan.

""Penataan ini diarahkan pada pengelompokan unit berdasarkan karakteristik bisnis, sehingga setiap unit dapat menempati lokasi yang lebih terintegrasi. Dengan demikian, koordinasi dan kolaborasi dapat berlangsung lebih cepat, efektif, dan pada akhirnya meningkatkan produktivitas,"" pungkasnya."
Moneter,Penerima Bansos Bakal Dibuatkan Rekening Bank,https://finance.detik.com/moneter/d-8654356/penerima-bansos-bakal-dibuatkan-rekening-bank,"Selasa, 08 Sep 2026 19:08 WIB","Selasa, 08 Sep 2026 19:08 WIB",https://awsimages.detik.net.id/community/media/visual/2024/03/19/bri-gelar-pasar-ramadan-di-bekasi-buka-rekening-dapat-sembako-gratis-3_43.jpeg?w=210&q=90,"Presiden Prabowo Subianto meminta masyarakat untuk memiliki rekening di PT Bank Rakyat Indonesia (Persero) Tbk (BRI) dan PT Bank Syariah Indonesia (Persero) Tbk (BSI). Rekening bank tersebut akan digunakan untuk penyaluran bantuan sosial (bansos) pemerintah.

Menteri Keuangan Purbaya Yudhi Sadewa menjelaskan rekening tersebut nantinya akan diberikan kepada masyarakat di atas usia 18 tahun yang belum memiliki rekening bank. Pembukaan rekening ini dilakukan agar penyaluran bansos bisa cepat dan tepat.

""Itu supaya nanti setiap bantuan itu betul-betul cepat dan tepat sasaran. Bansos dan lain-lain. Itu rencana Pak Presiden seperti itu kelihatannya,"" ujar Purbaya kepada wartawan di kawasan Sunter, Jakarta Utara, Selasa (8/9/2026).

Purbaya menjelaskan, proses pembukaan rekening nantinya akan melibatkan data dari Direktorat Jenderal Kependudukan dan Pencatatan Sipil (Dukcapil), Bank Indonesia (BI), dan Lembaga Penjamin Simpanan (LPS).

""Ada juga kemungkinan, ini sudah selesai sih diskusi kita? Dalam diskusi ya, ada kemungkinan juga nanti setiap orang yang bikin KTP langsung otomatis dibuatkan rekeningnya,"" terangnya.

Sebagai informasi, Menteri Koordinator Perekonomian Airlangga Hartarto usai mengikuti rapat terbatas bersama Prabowo. Pemerintah sebelumnya membahas kepemilikan rekening masyarakat Indonesia serta tingkat inklusi dan literasi keuangan nasional.

Untuk mendorong hal tersebut, Prabowo meminta BRI dan BSI mempersiapkan rekening bagi masyarakat. Rekening yang dipersiapkan tersebut juga akan dimanfaatkan untuk menyalurkan berbagai program pemerintah kepada masyarakat.

Namun, Airlangga belum merinci program apa saja yang nantinya akan disalurkan melalui rekening tersebut.

""Tadi Bapak Presiden meminta agar penduduk Indonesia itu mempunyai rekening koran. Jadi tentu diminta untuk BRI dan juga Bank Syariah Indonesia itu mempersiapkan rekening untuk masyarakat,"" kata Airlangga di Kompleks Istana Kepresidenan, Jakarta, Senin (7/9/2026)."
Berita Ekonomi Bisnis,TelkomProperty Ungkap Pemanfaatan Graha Merah Putih oleh BGN Masih Negosiasi,https://finance.detik.com/berita-ekonomi-bisnis/d-8654315/telkomproperty-ungkap-pemanfaatan-graha-merah-putih-oleh-bgn-masih-negosiasi,"Selasa, 08 Sep 2026 18:50 WIB","Selasa, 08 Sep 2026 18:50 WIB",https://awsimages.detik.net.id/community/media/visual/2026/09/08/telkom-1788868183180_43.jpeg?w=210&q=90,"PT Graha Sarana Duta (TelkomProperty), sebagai pengelola aset Telkom, terus mendukung langkah transformasi TelkomGroup dalam melakukan optimalisasi dan leveraging asset. Langkah ini bertujuan meningkatkan produktivitas, menciptakan efisiensi operasional, serta kontribusi yang lebih optimal dari setiap anak perusahaan.

Direktur Utama TelkomProperty, Didit Sulistyo mengatakan saat ini TelkomProperty tengah melakukan leveraging terhadap 3.010 aset yang dikelola di berbagai lokasi, dengan sekitar 50% telah berhasil dioptimalisasi.

Dalam pelaksanaannya, TelkomProperty terbuka terhadap peluang pemanfaatan aset oleh berbagai pihak, termasuk calon mitra eksternal, melalui mekanisme bisnis yang wajar dan proporsional secara Business to Business (B2B), dengan tetap mengedepankan prinsip tata kelola dan peraturan yang berlaku.

Sejalan dengan langkah tersebut, PT Telkom Landmark Tower (TLT), anak usaha TelkomProperty selaku pengelola Gedung Graha Merah Putih (GMP), terus mendorong leveraging asset. Upaya ini dilakukan dengan membuka peluang untuk para mitra eksternal yang akan menyewa aset gedung yang dimiliki TelkomGroup.

Direktur Utama TLT, Suratman mengatakan sebagai salah satu entitas pengelola aset properti di lingkungan TelkomGroup, optimalisasi aset merupakan bagian dari langkah leveraging asset yang sudah berjalan dalam proses bisnis perusahaannya.

""Tentunya, kami akan selalu berupaya memastikan produktivitas aset untuk dapat melayani kebutuhan TelkomGroup maupun mitra dan tenan eksternal lainnya dengan maksimal,"" ujarnya.

""Rencana pemanfaatan dan penyewaan ruang di Graha Merah Putih oleh Badan Gizi Nasional (BGN) saat ini masih dalam proses negosiasi dan pembahasan lebih lanjut serta dikoordinasikan dengan pihak terkait. Kami berkomitmen menjaga kepastian dan keberlangsungan operasional para tenant yang berada di gedung tersebut. Setiap proses juga akan dilakukan secara tertib dan terukur,"" pungkas Suratman."
Berita Ekonomi Bisnis,"Harga Masker Mahal Imbas Abu Anak Krakatau, Pengawasan Mesti Diperketat",https://finance.detik.com/berita-ekonomi-bisnis/d-8654240/harga-masker-mahal-imbas-abu-anak-krakatau-pengawasan-mesti-diperketat,"Selasa, 08 Sep 2026 17:58 WIB","Selasa, 08 Sep 2026 17:58 WIB",https://awsimages.detik.net.id/community/media/visual/2026/09/07/warga-ramai-ramai-berburu-masker-di-pasar-pramuka-jakarta-timur-karena-munculnya-abu-vulkanik-imbas-erupsi-anak-krakatau-adhfa-1788759226615_43.jpeg?w=210&q=90,"Ketua Badan Perlindungan Konsumen Nasional (BPKN) Muhammad Mufti Mubarok menyebut masyarakat ramai-ramai berburu masker imbas sebaran abu vulkanik Gunung Anak Krakatau. Menurutnya, fenomena panic buying ini juga terjadi di perdagangan elektronik alias e-commerce.

Mufti mengatakan lonjakan permintaan ini membuat para penjual masker yang menaikkan harga di tengah fenomena panic buying.

""Ya, secara online sudah ada sih panic buying kan gitu, artinya mereka-mereka yang kemudian memanfaatkan situasi menjual barang pada saat-saat seperti ini,"" ujar Mufti saat ditemui di Gedung DPR RI, Jakarta, Selasa (8/9/2026).

Menurutnya, lonjakan harga akibat kepanikan konsumen biasanya hanya berlangsung singkat, yakni sekitar satu hingga tiga hari sebelum akhirnya berangsur normal. Kendati begitu, Mufti menegaskan pemerintah harus mengambil tindak tegas agar memperketat pengawasan logistik.

""Memang itu pemerintah harus tegas nanti bagaimana kita kemudian melakukan cek-cek di logistik, di gudang-gudang dan di penjualan karena memang biasanya cuma satu-dua hari, tiga hari, tapi karena mungkin hari keempat, hari kelima sudah normal karena panic buying,"" beber ia.

Sebelumnya, sebaran abu vulkanik erupsi Gunung Anak Krakatau hingga ke wilayah Jakarta menjadi berkah tersendiri bagi para pedagang Pasar Pramuka. Stok masker yang sebelumnya lama tersimpan kini ludes diburu pembeli yang datang ke sentra produk medis di Jakarta Timur itu.

Masalahnya, menipisnya stok masker di tengah lonjakan permintaan yang mendadak membuat harga produk di pasar mengalami peningkatan. Alhasil pedagang terpaksa menyesuaikan harga jual eceran mengikuti kenaikan harga modal dari distributor yang stok masker dagangannya juga mulai habis.

""Semuanya naik, semua masker medis naik. Kenaikannya lumayan, beda Rp 10.000 satu kotak. Yang biasa distributor jual Rp 25.000, sekarang sudah di atas Rp 50.000. Itu kenaikan dari modal doang ya, itu belum harga jual,"" kata salah seorang pedagang di Pasar Pramuka, Yana, kepada detikcom, Selasa (8/9/2026).

Menurut Yana kenaikan harga produk, termasuk masker, memang lumrah terjadi jika permintaan mendadak naik seperti sekarang ini. Sebab ketersediaan stok jadi habis mendadak."
Energi,"Pertamina Waspada Solar Subsidi 'Bocor', Selisih Harga Tembus Rp 18.200",https://finance.detik.com/energi/d-8654238/pertamina-waspada-solar-subsidi-bocor-selisih-harga-tembus-rp-18-200,"Selasa, 08 Sep 2026 17:53 WIB","Selasa, 08 Sep 2026 17:53 WIB",https://awsimages.detik.net.id/community/media/visual/2026/08/02/pertamax-pertamax-turbo-dan-green-95-kompak-turun-harga-1785651003482_43.jpeg?w=210&q=90,"PT Pertamina Patra Niaga mewaspadai adanya potensi penyelewengan bahan bakar minyak (BBM) subsidi jenis solar. Hal ini seiring besarnya perbedaan harga antara Solar subsidi dan BBM nonsubsidi.

Adapun harga Solar subsidi saat ini dipatok Rp 6.800 per liter. Sementara itu, harga BBM jenis Dex di SPBU mencapai sekitar Rp 25.000 per liter.

Direktur Utama PT Pertamina Patra Niaga Mars Ega Legowo Putra mengatakan dengan besarnya harga tersebut berpotensi dimanfaatkan oleh oknum-oknum yang ingin mencari keuntungan.

""Nah, ini juga menjadi faktor yang harus kita antisipasi untuk oknum-oknum mungkin yang ingin mencari kesempatan dalam kesempatan ini,"" ujar Ega dalam RDP dengan Komisi XII DPR, Selasa (8/9/2026).

Meski demikian, Pertamina Patra Niaga berkomitmen akan berusaha untuk memperkuat distribusi BBM subsidi agar penyalurannya tepat sasaran dan hak masyarakat yang berhak menerima subsidi tetap terjaga.

""Kami akan berusaha untuk memberikan distribusi yang terbaik agar hak-hak masyarakat yang memang berhak mendapatkan subsidi ini bisa mendapatkan dan tetap terjaga sehingga pasokan BBM bisa berjalan dengan lancar,"" ujarnya.

Dalam hal pengawasan tersebut, Pertamina Patra Niaga tengah berkoordinasi dengan Bareskrim Mabes Polri untuk membentuk kerja sama pengawasan dalam pelaksanaan di lapangan. Termasuk untuk mengawasi agar solar subsidi tersebut tidak dimanfaatkan oleh industri.

""Karena kami memahami kawan-kawan tim kami juga di lapangan perlu dukungan penguatan dari pusat. Dan pembahasan awal dengan Bareskrim sudah kami lakukan kemarin dan mungkin dalam waktu dekat ini mudah-mudahan perjanjian kerja sama dengan Bareskrim bisa segera terwujud,"" katanya."
Berita Ekonomi Bisnis,TikTok & Tokopedia Buka Suara soal Kabar Blokir-Tahan Saldo Seller,https://finance.detik.com/berita-ekonomi-bisnis/d-8654233/tiktok-tokopedia-buka-suara-soal-kabar-blokir-tahan-saldo-seller,"Selasa, 08 Sep 2026 17:43 WIB","Selasa, 08 Sep 2026 17:43 WIB",https://awsimages.detik.net.id/community/media/visual/2026/09/08/executive-director-of-tokopedia-dan-tiktok-e-commerce-indonesia-stephanie-susilo-1788864073819_43.jpeg?w=210&q=90,"Tokopedia dan TikTok Shop buka suara terkait laporan dari pelaku usaha mikro kecil dan menengah (UMKM) mengenai dugaan pemblokiran akun sepihak dan penahanan saldo. Laporan tersebut disampaikan para UMKM ke Komisi VII DPR RI.

Executive Director of Tokopedia dan TikTok E-commerce Indonesia, Stephanie Susilo mengatakan penangguhan yang dilakukan bersifat sementara. Ia menekankan penjual (seller) dan pembeli merupakan mitra penting bagi platform e-commerce. Keluhan yang disampaikan oleh mereka ditanggapi serius dan ditindak secara menyeluruh.

""Jadi sebetulnya penangguhan dana itu bersifat sementara dan ini kami lakukan untuk melindungi penjual maupun pembeli,"" ujar Stephanie usai rapat dengar pendapat umum bersama Komisi VII DPR RI, Jakarta Pusat, Selasa (8/9/2026).

Ia menjelaskan alasan pihaknya melakukan hal tersebut demi melindungi penjual dan pembeli. Tak hanya itu, ekosistem Tokopedia dan TikTok Shop juga menjadi platform yang aman bagi penjual dan pembeli.

Pihaknya juga sudah menelusuri kepada 217 seller. Dana total penahanan saldo sebesar Rp 24 miliar, bukan Rp 3 triliun seperti yang dilaporkan.""Jadi berdasarkan data yang kami punya, terkait 217 seller yang sudah kami telusuri, dana total itu adalah Rp 24 miliar, di mana untuk sebesar Rp 16,7 miliar memang terdapat kasus fraud. Jadi sangat jauh dibandingkan angka yang beredar sebelumnya,"" beber ia.

Stephanie menjelaskan penangguhan dana dilakukan hanya saat investigasi berlangsung. Apabila hasil investigasi tersebut seller tidak melakukan fraud, ia memastikan dana tersebut akan dirilis oleh platform.

""Untuk jangka waktu investigasi sesuai service level agreement adalah 90 hari plus 90 hari, di mana yang penting untuk juga diketahui oleh teman-teman media adalah kami juga memberikan kesempatan bagi seller untuk mengajukan banding, dan pastinya akan kami telusuri dan tindak lanjuti secara serius,"" tambahnya ia.

Melansir dari unggahan di akun Instagram @dpr_ri, Komisi VII DPR RI menerima pengaduan dari pelaku Usaha Mikro, Kecil, dan Menengah (UMKM) terkait dugaan pembekuan akun secara sepihak oleh sejumlah platform media sosial dan e-commerce. Aduan tersebut datang dari Peradi DPC Bekasi Raya dan Gerakan Ekonomi Kreatif Nasional (Gekrafs) DPC Kota Bekasi.

Berdasarkan laporan yang disampaikan perwakilan UMKM dalam audiensi, estimasi total saldo yang tertahan diproyeksikan mencapai Rp 3 triliun dari sekitar 500 pelaku usaha yang terdampak di seluruh Indonesia.

Menindaklanjuti aduan tersebut, Komisi VII DPR RI akan memanggil terhadap pengelola platform digital seperti TikTok, Tokopedia, dan Shopee untuk mengklarifikasi serta meminta penjelasan secara komprehensif.

DPR juga akan berkoordinasi dengan Kementerian Komunikasi dan Digital (Komdigi) serta Komisi Pengawas Persaingan Usaha (KPPU) guna mengevaluasi regulasi transaksi elektronik. Langkah ini diambil untuk memastikan adanya aturan yang jelas dan adil bagi seluruh pihak dalam ekosistem perdagangan digital.

""Kami tidak bisa hanya mendengar satu sisi. Karena sudah menerima pengaduan, tentu akan kami tindak lanjuti dengan menghadirkan pihak yang diadukan agar persoalan ini memperoleh solusi yang adil,"" ujar Wakil Ketua Komisi VII DPR Evita Nursanty."
Berita Ekonomi Bisnis,"Purbaya Ngaku Tak Pusingkan Anggaran BGN, Tahun Ini Tak Sampai Rp 200 T",https://finance.detik.com/berita-ekonomi-bisnis/d-8654222/purbaya-ngaku-tak-pusingkan-anggaran-bgn-tahun-ini-tak-sampai-rp-200-t,"Selasa, 08 Sep 2026 17:32 WIB","Selasa, 08 Sep 2026 17:32 WIB",https://awsimages.detik.net.id/community/media/visual/2026/09/08/menteri-keuangan-purbaya-yudhi-sadewa-1788852051520_43.jpeg?w=210&q=90,"Menteri Keuangan (Menkeu) Purbaya Yudhi Sadewa, mengaku tak pusing mengelola anggaran untuk program Makan Bergizi Gratis (MBG). Hanya saja, ia menyebut program tersebut memiliki sejumlah konsekuensi, salah satunya terhadap neraca utang jika terjadi kebocoran anggaran.

""Saya mah nggak pusing, tinggal bayar. Cuma kan konsekuensinya ke utang segala macam, apalagi kalau ada kebocoran sana-sini,"" ungkap Purbaya kepada wartawan di kawasan Sunter, Jakarta Utara, Selasa (8/9/2026).

Meski begitu, Purbaya menilai Badan Gizi Nasional (BGN) saat ini dipimpin oleh sosok yang tepat. Pasalnya, BGN saat ini banyak melakukan efisiensi terhadap penyelenggaraan program prioritas Presiden Prabowo Subianto tersebut.

Purbaya mengatakan, BGN telah melakukan efisiensi anggaran menjadi Rp 240 triliun dari Rp 330 triliun. Ia menilai, anggaran program MBG juga masih berpeluang dipangkas untuk implementasi tahun ini.

""Jadi kepala BGN yang baru orangnya cukup bagus ya, bagus malah. Itu sudah melakukan efisiensi Implementasi program itu, sudah ada penghematan yang besar. Tahun ini kan tadinya anggarannya Rp 330 triliun, turun ke Rp 270 triliun, Rp 240 triliun. Dan saya pikir tahun ini implementasinya akan di bawah itu, di bawah Rp 200 triliun mungkin dugaan saya,"" jelasnya.

Purbaya menambahkan, implementasi MBG saat ini lebih terkendali yang diharapkan semakin baik. Ia juga mengaku akan ikut mengawasi pelaksanaan program tersebut, khususnya pada operasional Satuan Pelayanan Pemenuhan Gizi (SPPG).

""Jadi saya kerahkan orang Dirjen Perbendaharaan di seluruh Indonesia untuk memonitor secara berkala SPPG-SPPG yang ada di setiap daerah Indonesia. Itu akan menjadi penambahan tentang pelaksanaan program itu, nanti kalau ada yang ngaco-ngaco kita kasih masukkan ke BGN bahwa di satu tempat SPPG tertentu melakukan kesalahan dan kalau nggak didenger kita kurangin anggarannya,"" pungkasnya."
Bursa Dan Valas,IHSG Ditutup Menguat 1% ke 6.686,https://finance.detik.com/bursa-dan-valas/d-8654139/ihsg-ditutup-menguat-1-ke-6-686,"Selasa, 08 Sep 2026 16:54 WIB","Selasa, 08 Sep 2026 16:54 WIB",https://awsimages.detik.net.id/community/media/visual/2021/11/19/ihsg-ditutup-menguat-1_43.jpeg?w=210&q=90,"Indeks Harga Saham Gabungan (IHSG) ditutup menguat pada perdagangan Selasa (8/9). Indeks saham Garuda itu bergerak menguat di level 6.600.

Berdasarkan data RTI Business, IHSG menguat 1,01% ke level 6.686,44 hingga penutupan perdagangan sore ini. Indeks saham sempat menguat pada level tertingginya di posisi 6.696,28 jelang penutupan perdagangan.

Volume perdagangan tercatat sebesar 37,51 miliar dengan nilai transaksi sebesar Rp 15,75 triliun. Kemudian untuk jumlah frekuensi saham yang diperdagangkan tercatat sebanyak 2.304.686 kali.

Indeks LQ45 juga tercatat menguat sebesar 1,40% ke level 665.583 pada penutupan perdagangan sore ini. Ada sebanyak 363 saham menguat, 244 saham melemah, dan 185 saham stagnan.

IHSG mencatat tren positif sepanjang lima hari perdagangan terakhir, yakni menguat 1,31%. Sementara sepanjang tiga bulan terakhir, IHSG menguat hingga 14,50%.

Tonton juga video ""IHSG Tertahan Meski Sentimen Global Positif, Investor Tunggu Aturan Baru BEI""

[Gambas:Video 20detik]"
Berita Ekonomi Bisnis,"Soal Usulan Nunggak Pajak Jadi Landasan Perampasan Aset, Purbaya Bilang Gini",https://finance.detik.com/berita-ekonomi-bisnis/d-8654113/soal-usulan-nunggak-pajak-jadi-landasan-perampasan-aset-purbaya-bilang-gini,"Selasa, 08 Sep 2026 16:51 WIB","Selasa, 08 Sep 2026 16:51 WIB",https://awsimages.detik.net.id/community/media/visual/2026/09/08/menteri-keuangan-purbaya-yudhi-sadewa-1788852051520_43.jpeg?w=210&q=90,"Komisi XI DPR RI mendorong perluasan lingkup penindakan pidana dalam Rancangan Undang-Undang (RUU) Perampasan Aset. Dalam usulan tersebut, perampasan aset didorong tidak hanya untuk tindak pidana korupsi, tetapi juga kejahatan di sektor perbankan dan perpajakan.

Menanggapi hal tersebut, Menteri Keuangan (Menkeu) Purbaya Yudhi Sadewa, mengaku belum mengetahui dan membahas rancangan RUU tersebut. Adapun saat ini, RUU Perampasan Aset masih dalam tahap penyusunan di DPR.

""Saya belum tau dan belum bahas itu, saya nggak bisa jawab,"" ungkap Purbaya di kawasan Sunter, Jakarta Utara, Selasa (8/9/2026).

Meski begitu, Purbaya tak menutup kemungkinan adanya perluasan penindakan RUU Perampasan Aset ke sektor perpajakan. Namun ia menekankan, perlu ada batasan penerapan sanksi perampasan aset agar tetap menjaga prinsip keadilan.

""Mungkin bisa tapi jangan sekali melanggar langsung diambil semua. Harus ada asas-asas keadilan juga, mungkin kalau sudah berkali-kali, kayak gitu ya bisa, atau dengan sengaja melakukan itu untuk mengelabui pajak, bisa saja,"" jelasnya.

Ia menegaskan, asas keadilan perlu dikedepankan agar tidak membebani masyarakat. Pasalnya, terdapat juga rakyat yang kadang kala lupa untuk membayar pajak.

""Jadi, kita terapkan prinsip keadilan yang betul nanti. Kalau itu diterapkan pun Harus ada rambu-rambu yang jelas. Jadi gini, jangan sampai menyulitkan Rakyat biasa yang kadang-kadang lupa atau lalai,"" pungkasnya.

Sebagai informasi, Anggota Komisi XI DPR Harris Turino menegaskan RUU Perampasan Aset tak boleh hanya menyasar tindak pidana korupsi. Ia mendorong aturan tersebut bisa diterapkan terhadap seluruh tindak pidana, termasuk kejahatan di sektor perbankan dan perpajakan.

Menurutnya, sejumlah tindak pidana juga perlu dijerat dengan mekanisme perampasan aset. Di antaranya perdagangan orang, narkotika, senjata, hingga perdagangan organ.

""Termasuk perdagangan orang, perdagangan narkotika, perdagangan senjata, perdagangan organ. Perbankan, perpajakan. Enak amat oranggelapinpajak nggak bisa disita,"" ujar Harris dalam keterangannya, dikutip daridetikNewsSabtu (5/9/2026).

Tonton juga video ""Pesan Advokat untuk DPR Terkait RUU Perampasan Aset""

[Gambas:Video 20detik]"
Energi,Bensin Campur Etanol 20% Ditargetkan Jalan 2028,https://finance.detik.com/energi/d-8654088/bensin-campur-etanol-20-ditargetkan-jalan-2028,"Selasa, 08 Sep 2026 16:46 WIB","Selasa, 08 Sep 2026 16:46 WIB",https://awsimages.detik.net.id/community/media/visual/2026/07/29/ilustrasi-mobil-isi-bensin-1785329593816_43.jpeg?w=210&q=90,"Pemerintah menargetkan penggunaan etanol sebagai campuran untuk bahan bakar minyak (BBM) jenis bensin hingga 20% (E20) terlaksana pada 2028 mendatang. Langkah ini guna mengurangi ketergantungan impor BBM.

Dirjen Energi Baru, Terbarukan dan Konservasi Energi (EBTKE) Kementerian ESDM Eniya Listiani Dewi mengatakan bahwa langkah tersebut sesuai dengan arahan dari Menteri ESDM Bahlil Lahadalia.

""Sesuai arahan Menteri ESDM, E20 ditargetkan bisa di tahun 2028. Maka tujuan dari percepatan mandatori bioetanol itu tentunya untuk mengurangi impor bensin, lalu mendukung transformasi energi di sektor transportasi, perbaikan kualitas udara dengan penurunan emisi, dan penambahan penurunan emisi gas rumah kaca,"" ujarnya dalam RDP dengan Komisi XII DPR, Selasa (8/9/2026).

Eniya mengatakan bahwa sebelum E20, pemerintah menargetkan campuran bioetanol sebesar 5% pada tahun ini dan dilanjutkan E10 pada 2027. Eniya menyampaikan bahwa saat ini Kementerian ESDM bersama dengan Kementerian Bidang Perekonomian untuk merelaksasi Perpres Nomor 40 Tahun 2023 serta berbagai aturan lainnya terkait penyediaan bahan baku dan produksi bioetanol nasional.

""Saat ini dapat kami sampaikan untuk implementasi bioetanol ini, ini tidak ada lagi cukai. Jadi masalah cukai sudah diselesaikan dengan Peraturan Menteri Keuangan dan saat ini cukai sudah ditiadakan, sehingga nanti memudahkan teman-teman Pertamina untuk mengimplementasikan,"" katanya.

Eniya menambahkan bahwa program bensin campur etanol ini bukan untuk BBM subsidi. Ia mengatakan bahwa kebutuhan bensin nonsubsidi pada tahun 2026 sekitar 6,65 juta kiloliter dan akan meningkat pada tahun 2030 mencapai 7,35 juta kiloliter.

Dengan kebutuhan bensin non-PSO sekitar 6,65 juta kiloliter pada 2026, penerapan campuran 5% membutuhkan sekitar 333.000 kiloliter bioetanol murni. Kebutuhan itu meningkat menjadi sekitar 681.000 kiloliter jika campuran 10% diterapkan pada 2027.

""Nah, saat ini kita prediksikan jadi dari roadmap, penambahan kapasitas produksi sangat diperlukan. Jadi tahun depan kita berharap adanya tambahan 15 pabrik untuk bisa memproduksi 333.000 kiloliter Bioetanol. Nah, ini mudah-mudahan bisa tambah lagi di 2028 ada tambahan kita perlu 20 pabrik kalau akan dimandatorikan secara nasional tadi. Dan 11 pabrik di 2029, lalu tambah lagi 11 pabrik di 2030,"" katanya.

Tonton juga video ""Harga Pertamax Naik Jadi Rp 16.250, Pertamax Green Rp 17.000/Liter""

[Gambas:Video 20detik]"
Energi,"Terungkap 1 Juta Ton Nikel Tak Bertuan di Sulteng, Bakal Dilelang!",https://finance.detik.com/energi/d-8654068/terungkap-1-juta-ton-nikel-tak-bertuan-di-sulteng-bakal-dilelang,"Selasa, 08 Sep 2026 16:39 WIB","Selasa, 08 Sep 2026 16:39 WIB",https://awsimages.detik.net.id/community/media/visual/2026/09/08/rapat-badan-pemulihan-aset-bpa-kejagung-dengan-komisi-iii-dpr-anggidetikcom-1788854343419_43.jpeg?w=210&q=90,"Badan Pemulihan Aset (BPA)Kejaksaan Agung (Kejagung) mengungkap temuan sebanyak 1 juta metrik ton nikel tak bertuan di Sulawesi Tengah. Nikel tersebut ditemukan dari hasil penyidikan dan kini tengah diproses untuk nantinya dilelang.

Kepala BPA Patris Yusrian Jaya menjelaskan, saat ini pihaknya masih mengurus penetapan nikel tersebut sebagai barang temuan melalui pengadilan. Setelah mendapatkan penetapan, penyelesaian aset akan dilakukan melalui mekanisme lelang.

""Misalnya sekarang ini di Sulawesi Tengah itu dari hasil penyidikan ada nikel yang tidak bertuan sebanyak 1 juta metrik ton yang sekarang ini lagi proses penetapan barang temuan ke pengadilan.Selanjutnya begitu nanti ada penetapan sebagai barang temuan akan segera kami lakukan penyelesaian melalui mekanisme lelang,"" kata Patris dalam rapat dengan Komisi III DPR RI di Kompleks Parlemen, Jakarta, Selasa (8/9/2026).

Sayangnya Patris belum mengungkap potensi nilai pasti dari nikel tersebut.Selain di Sulawesi Tengah, Kejaksaan juga menangani komoditas nikel di Sulawesi Tenggara. Namun, belum dirinci jumlah maupun nilai nikel yang berada dalam proses tersebut.

Sejumlah komoditas lainnya juga tengah ditangani, salah satunya batu bara di Kalimantan yang kini berada dalam proses lelang. Sementara itu, komoditas lada di Bangka Belitung telah berhasil dilelang dengan nilai Rp 127 miliar.

""Kemudian di Sulawesi Tenggara ada nikel, di Kalimantan sedang proses lelang batu bara, kemarin ada lada di Bangka Belitung, baru terjual Rp 127 miliar, dan banyak aset-aset lain yang memiliki nilai ekonomis tinggi yang sekarang masih dalam proses,"" tutup Patris.

Adapun BPA berhasil menyetorkan Rp 26,04 triliun ke kas negara dalam tiga tahun terakhir. Dana tersebut berasal dari hasil penyelesaian aset, termasuk pelelangan aset yang dirampas untuk negara.

Dalam kurun waktu tersebut, BPA telah menyelesaikan sebanyak 21.737 aset. Penyelesaiannya dilakukan melalui sejumlah mekanisme, mulai dari pelelangan, pemusnahan, hingga penyerahan aset kepada pihak yang berhak seperti dalam kasus investasi bodong.

Tonton juga video ""Kejagung Pamerkan Uang Rp 401 M Hasil Sitaan Korupsi Nikel PT CNI""

[Gambas:Video 20detik]"
Infrastruktur,"Purbaya Buka-bukaan Utang Whoosh: Cicilan Rp 1 T, Tenor 80 Tahun",https://finance.detik.com/infrastruktur/d-8654044/purbaya-buka-bukaan-utang-whoosh-cicilan-rp-1-t-tenor-80-tahun,"Selasa, 08 Sep 2026 16:21 WIB","Selasa, 08 Sep 2026 16:21 WIB",https://awsimages.detik.net.id/community/media/visual/2026/08/05/toko-online-lega-pemerintah-tunda-pajak-final-05-persen-1785929270093_43.jpeg?w=210&q=90,"Menteri Keuangan (Menkeu), Purbaya Yudhi Sadewa, buka-bukaan soal tenor cicilan pelunasan utang dari proyek pembangunan Kereta Cepat Whoosh sekitar Rp 1 triliun per tahun. Tenor pembayaran cicilan utang ini menjadi salah satu hasil dari restrukturisasi yang dilakukan pemerintah.

Purbaya mengatakan, tenor cicilan mencapai 80 tahun setelah proses restrukturisasi. Ia pun bergurau, bisa lebih dulu meninggal sebelum kewajiban pembayaran cicilan itu rampung diselesaikan.

""Berarti kan total utang besar, tapi di-stretch80 tahun sudah direstrukturisasi. Cicilannya Rp 1 triliun atau sedikit di bawah Rp 1 triliun dari tahun ke tahun. Ada yang tinggi, ada yang rendah, tapi kalau kita lihat 'oh masih bisa lah'. (Tenor cicilan) 80 tahun saya dengar kemarin, makanya hebat juga tuh. Iya kita sudah mati, santai saja,"" ujar Purbaya disusul tawa di kawasan Sunter, Jakarta Utara, Selasa (8/9/2026).

Purbaya menjelaskan, pengelolaan utang Whoosh akan dialihkan dari Badan Pengelola Investasi (BPI) Daya Anagata Nusantara (Danantara) ke Kementerian Keuangan (Kemenkeu) pada 15 September. Nantinya utang Whoosh akan dibayarkan oleh Special Mission Vehicle (SMV) atau Indonesia Investment Authority (INA).

""Ada kemungkinan, mungkin kita pakai SMV atau INA,"" jelasnya

Menurutnya, kewajiban utang ini tidak begitu besar sehingga bisa ditangani oleh satu entitas SMV di bawah Kementerian Keuangan. Ia juga memastikan kebutuhan anggaran untuk membayar kewajiban tersebut tersedia.

""Jadi gini, saya cuma lihat bebannya setiap tahun seperti apa sih, saya lihat setiap tahun saya lihat, 'oh kalau segini saja cukup lah ditangani oleh satu SMV'. Satu perusahaan SMV di bawah Departemen Keuangan, atau dua, tapi uangnya cukup lebih,"" pungkasnya.

Diberitakan sebelumnya, Purbaya memastikan SMV yang nantinya menangani kewajiban tersebut tidak perlu mencari investor baru untuk mendapatkan dana. Menurutnya, SMV Kemenkeu sudah memiliki kemampuan keuangan untuk membayar utang tersebut.

Menurut Purbaya kemampuan keuangan tersebut cukup untuk menangani kewajiban utang yang ada saat ini. Namun, perhitungan lebih lanjut masih akan dilakukan sebelum skema tersebut ditetapkan.

""Nggak, sudah ada uangnya. Sudah ada juga. Kan kalau SMV, let's say satu perusahaan SMV aja, keuntungannya berapa sekarang? Rp 3 triliun, Rp 4 triliun setahun. Ditambah dengan operasionalnya sendiri, mungkin dapat Rp 800 miliar keuntungannya,"" jelas Purbaya di Kompleks Istana Kepresidenan, Jakarta Pusat, Senin (7/9/2026).

[Gambas:Video 20detik]"
Foto Bisnis,"Halim Kembali Beroperasi, Mobilitas Penumpang Kembali Bergeliat",https://finance.detik.com/foto-bisnis/d-8653603/halim-kembali-beroperasi-mobilitas-penumpang-kembali-bergeliat,"Selasa, 08 Sep 2026 16:00 WIB","Selasa, 08 Sep 2026 16:00 WIB",https://awsimages.detik.net.id/community/media/visual/2026/09/08/halim-kembali-beroperasi-mobilitas-penumpang-kembali-bergeliat-1788846066234_43.jpeg?w=210&q=90,Jakarta- Bandara Halim Perdanakusuma kembali melayani penerbangan setelah dua hari ditutup akibat terdampak sebaran abu vulkanik Gunung Anak Krakatau.
Energi,"B50 RI Bikin Jepang-Malaysia-Eropa Penasaran, Ada Potensi Hemat Rp 170 T",https://finance.detik.com/energi/d-8654009/b50-ri-bikin-jepang-malaysia-eropa-penasaran-ada-potensi-hemat-rp-170-t,"Selasa, 08 Sep 2026 15:59 WIB","Selasa, 08 Sep 2026 15:59 WIB",https://awsimages.detik.net.id/community/media/visual/2026/09/08/esdm-di-dpr-1788855422783_43.jpeg?w=210&q=90,"Kementerian Energi dan Sumber Daya Mineral (ESDM) menyebut Indonesia menjadi negara pertama yang menjalankan program B50. Program yang baru berjalan pada Juli 2026 ini sudah menarik minat Malaysia, Jepang, dan Eropa untuk belajar mengenai program B50 ini.

Direktur Jenderal Energi Baru, Terbarukan, dan Konservasi Energi, Kementerian ESDM, Eniya Listiani Dewi mengatakan penerapan B50 menjadi salah satu tonggak penting bagi Indonesia dalam mendorong kemandirian energi.

""Jadi pertama kali Indonesia melakukan pengujian ini dan banyak yang mengikuti, bahkan sekarang menjadi ketertarikan negara-negara lain sekarang belajar ke kami. Jadi ada dari Jepang, dari Malaysia, dari Eropa sekarang datang belajar ke kami, Pak. Jadi ini merupakan tonggak sejarah bagi Indonesia untuk kita membuktikan kemandirian energi,"" ujar Eniya dalam RDP dengan Komisi XII DPR, Selasa (8/9/2026).

Eniya menjelaskan program B50 memberikan sejumlah manfaat bagi Indonesia, salah satunya meningkatkan pemanfaatan bahan baku energi dari dalam negeri. Menurutnya, hal tersebut dapat memperkuat ketahanan dan kemandirian energi nasional, terutama ketika terjadi gejolak geopolitik.

Kemudian, program ini juga dapat mengurangi impor solar dan mampu mengurangi emisi gas rumah kaca sekitar 44,46 juta ton CO2.

""Kalau diasumsikan 18 juta kiloliter, ini bisa setara dengan 310.000 barrel per day. Kalau lifting minyak kita 610.000 barrel per day, maka lifting minyak dari nabati ini bisa setengahnya. Sudah mencapai setengahnya, yaitu 310.000 barrel per day,"" katanya.

Kemudian Eniya menyebutkan bahwa program B50 diperkirakan memberikan penghematan hingga Rp 170 triliun pada 2026. Dari sisi tenaga kerja, Eniya mengatakan ada sekitar 2,1 juta tenaga kerja dapat terserap dari pengembangan industri biodiesel pada 2026.

""Sekaligus kami juga mendorong produksi FAME (Fatty Acid Methyl Ester). Jadi meningkatkan feedstock yang ada di industri FAME kita, itu diperkirakan 16 sampai 18 juta kiloliter yang dimandatorikan di tahun ini hingga Desember,"" katanya.

""Lalu manfaat dari program B50 ini adalah mendorong nilai tambah CPO (Crude Palm Oil) hingga Rp 20,92 triliun rupiah. Dan tentu saja harga minyak sawit yang ada di petani ini meningkat, sehingga meningkatkan kesejahteraan bagi petani,"" sambungnya.

m B50 diperkirakan memberikan penghematan hingga Rp 170 triliun pada 2026. Dari sisi tenaga kerja, Eniya ada sekitar 2,1 juta juta tenaga kerja dapat terserap dari pengembangan industri biodiesel pada 2026.

""Sekaligus kami juga mendorong produksi FAME (Fatty Acid Methyl Ester). Jadi meningkatkan feedstock yang ada di industri FAME kita, itu diperkirakan 16 sampai 18 juta kiloliter yang dimandatorikan di tahun ini hingga Desember,"" katanya.

""Lalu manfaat dari program B50 ini adalah mendorong nilai tambah CPO (Crude Palm Oil) hingga Rp 20,92 triliun rupiah. Dan tentu saja harga minyak sawit yang ada di petani ini meningkat, sehingga meningkatkan kesejahteraan bagi petani,"" sambungnya.

Tonton juga video ""Prabowo Luncurkan B50, Bikin RI Tak Perlu Impor Solar Lagi""

[Gambas:Video 20detik]"
Berita Ekonomi Bisnis,"Bandara Soetta Sempat Ditutup, Barang Ekspor-Impor Rp 3 T Mandek",https://finance.detik.com/berita-ekonomi-bisnis/d-8653993/bandara-soetta-sempat-ditutup-barang-ekspor-impor-rp-3-t-mandek,"Selasa, 08 Sep 2026 15:52 WIB","Selasa, 08 Sep 2026 15:52 WIB",https://awsimages.detik.net.id/community/media/visual/2023/12/19/ilustrasi-pesawat-terbang-malam-hari_43.jpeg?w=210&q=90,"Imbas paparan abu vulkanik dari aktivitas erupsi Gunung Anak Krakatau, Bandara Soekarno-Hatta yang menjadi sentra ekspor impor sempat ditutup. Supply Chain Indonesia (SCI) mencatat penutupan bandara tersebut membuat arus barang ekspor impor senilai Rp 3,3 triliun mandek.

""Sebaran abu vulkanik dapat memicu penutupan ruang udara, pembatalan atau pengalihan penerbangan, perubahan jadwal, dan penumpukan kargo,"" ujar Founder & CEO Supply Chain Indonesia (SCI) Setijadi dalam keterangannya, Selasa (8/9/2026).

Setijadi memaparkan pada 2025, nilai ekspor nonmigas melalui Soekarno-Hatta mencapai US$ 9,90 miliar dan impor US$ 20,77 miliar. Nilai indikatif arus perdagangan bruto tersebut mencapai US$ 30,67 miliar setahun atau rata-rata US$ 84,03 juta per hari.

Volume impor mencapai 174,9 ribu ton setahun atau rata-rata 479 ton per hari. Angka tersebut mengacu pada data BPS dan Satu Data Perdagangan Kementerian Perdagangan, dengan data ekspor 2025 berstatus revisi.

Setijadi menjelaskan gangguan penerbangan selama delapan jam berpotensi menunda arus ekspor-impor sekitar US$ 28 juta, terdiri atas ekspor US$ 9,04 juta dan impor USD18,97 juta, termasuk hampir 160 ton barang impor.

Jika gangguan berlangsung selama 48 jam, nilai indikatif barang yang berpotensi tertunda meningkat menjadi sekitar US$ 168 juta atau sekitar Rp 3 triliun (kurs Rp 17.900), terdiri atas ekspor US$ 54,23 juta dan impor US$ 113,83 juta, termasuk sekitar 960 ton barang impor.

Perhitungan tersebut hanya mencakup perdagangan internasional melalui Soekarno-Hatta, belum termasuk pengiriman domestik, dan bukan estimasi kerugian langsung. Ekspor menggunakan nilai FOB, sedangkan impor menggunakan nilai CIF, kerugian aktual bergantung pada pembatalan penerbangan, pengalihan kargo, karakteristik komoditas, dan waktu pemulihan operasi.

Hitungan itu pun baru merupakan hitungan selama 48 jam, sedangkan Bandara Soekarno-Hatta sempat ditutup hingga 67 jam. Pihaknya merekomendasikan solusi dalam jangka pendek, yaitu pengelola bandara, maskapai, freight forwarder, Bea dan Cukai, karantina, serta pemilik barang perlu mengaktifkan koordinasi tanggap darurat.

Prioritasnya meliputi pemantauan sebaran abu secara real-time, penjadwalan ulang penerbangan, penyediaan kapasitas tambahan, percepatan penanganan dokumen, dan pengalihan kargo melalui bandara alternatif.

Barang mudah rusak, farmasi, komponen produksi kritis, elektronik bernilai tinggi, dan kiriman ekspres perlu mendapatkan prioritas. Pengiriman domestik dapat dialihkan ke moda darat, kereta api, laut, atau jaringan multimoda.

Dalam jangka panjang, perusahaan perlu membangun rencana kontinuitas bisnis berdasarkan beberapa skenario durasi gangguan, menetapkan bandara dan moda alternatif, serta memiliki kontrak kapasitas cadangan dengan penyedia jasa logistik.

""Importir perlu menyesuaikan persediaan pengaman untuk bahan baku kritis, sedangkan eksportir perlu menyiapkan gudang dan fasilitas rantai dingin alternatif,"" papar Setijadi.

Pemerintah juga diminta menyusun protokol logistik kebencanaan lintas-instansi agar gangguan penerbangan akibat erupsi tidak berkembang menjadi gangguan rantai pasok dan produksi yang lebih luas.

Tonton juga video ""Terminal 3 Soetta Kembali Beroperasi, Begini Suasana Terkininya!""

[Gambas:Video 20detik]"
Moneter,Purbaya Klaim AS Tiru RI Pindahkan SAL ke Bank: Kita Pinteran Sedikit Lah,https://finance.detik.com/moneter/d-8653966/purbaya-klaim-as-tiru-ri-pindahkan-sal-ke-bank-kita-pinteran-sedikit-lah,"Selasa, 08 Sep 2026 15:43 WIB","Selasa, 08 Sep 2026 15:43 WIB",https://awsimages.detik.net.id/community/media/visual/2026/09/08/menteri-keuangan-purbaya-yudhi-sadewa-1788852051520_43.jpeg?w=210&q=90,"Menteri Keuangan (Menkeu), Purbaya Yudhi Sadewa, mengungkap pemerintah Amerika Serikat (AS) turut memindahkan Saldo Anggaran Lebih (SAL) ke sistem perekonomian. Langkah tersebut dilakukan untuk menjaga pasar obligasi pemerintah di negeri Paman Sam.

Purbaya menjelaskan, pemerintah lebih dulu melakukan langkah tersebut meski sempat dipandang remeh. Ia menjelaskan, SAL ditempatkan di sistem perbankan dengan tingkat bunga yang setara dengan Bank Indonesia (BI).

Langkah ini tidak hanya untuk mendorong sistem ekonomi, melainkan juga bentuk intervensi pemerintah terhadap pasar obligasi. Cara ini juga dilakukan oleh AS untuk meredam tekanan di pasar obligasi pemerintah.

""Ketika saya pindahkan uang dari Bank Sentral ke perbankan, itu kan uang masuk ke sistem perekonomian, tapicostbuat saya nggak ada.Return-nya sama, saya minta bunga dari perbankan sama dengan bunga yang diberikan oleh Bank Sentral. Anda lihat tuh, kita juga sempat masuk kebond marketkan. Anda lihat tuh sekarang Amerika, akan melakukan hal yang sama,"" ungkap Purbaya di kawasan Sunter, Jakarta Utara, Selasa (8/9/2026).

Purbaya menjelaskan, AS melakukan langkah tersebut untuk menurunkan imbal hasil obligasi pemerintah dan mengembalikan arah ekonomi. Namun begitu, ia mengklaim telah menjalankan langkah tersebut lebih dulu dari AS.

""Saya sudah lakukan duluan sebelum Bank Sentral, sebelum pemerintah Amerika, si Bessent (Menteri Keuangan AS) melakukan itu. Jadi kitapinteransedikit lah. Itu yang ini kan, kalau dulu saya susah jelaskan ke publik, kenapa? Mereka bilang, ini pasti ngarang aja jurusnya,"" terangnya.

""Ternyata Amerika melakukan hal yang mirip dan sejenis. Jadi harusnya sih, ini menggambarkan bahwa memang yang kita terapkan bukan pengetahuan abal-abal. Memang suatu yang dihitung di atas kertas reaksinya seperti apa ke perekonomian,"" tambahnya.

Purbaya menambahkan, kebijakan tersebut menjadi salah satu langkah yang paling membanggakan selama setahun menjabat sebagai Menteri Keuangan. Menurutnya, kebijakan itu turut membantu membalikkan arah perekonomian menuju pertumbuhan 6%.

""Yang kita banggakan tadi, kita berhasil membalik ekonomi dari melambat, mungkin ke arah 4% lah ya, menjadi berbalik ke arah 6%,"" pungkasnya.

Tonton juga video ""Menkeu Bidik Rp 2.908 T Penerimaan Pajak di 2027""

[Gambas:Video 20detik]"
Moneter,Jurus Bank Perkuat Likuiditas & Bikin Pertumbuhan Bisnis Tetap Sehat,https://finance.detik.com/moneter/d-8654026/jurus-bank-perkuat-likuiditas-bikin-pertumbuhan-bisnis-tetap-sehat,"Selasa, 08 Sep 2026 15:39 WIB","Selasa, 08 Sep 2026 15:39 WIB",https://awsimages.detik.net.id/community/media/visual/2024/09/27/gedung-btn_43.jpeg?w=210&q=90,"Perbankan saat ini terus berinovasi menjaga posisi bisnis yang kuat. Direktur Utama PT Bank Tabungan Negara Tbk (BTN) Nixon LP Napitupulu mengungkapkan bank juga memperkuat likuiditas dan fleksibiltas keuangan.

""Serta memastikan pertumbuhan bisnis BTN tetap sehat dan berkelanjutan,"" kata Nixon dalam keterangan tertulis, Selasa (8/9/2026).

BTN berhasil mempertahankan peringkat tertinggi idAAA dengan outlook stable dari PT Pemeringkat Efek Indonesia (PEFINDO). Peringkat yang telah diraih sejak 2023 tersebut, berlaku untuk periode 4 September 2026 hingga 1 September 2027.

""Peringkat ini memacu kami untuk terus berinovasi menjaga posisi bisnis yang kuat, memperkuat likuiditas dan fleksibilitas keuangan, serta memastikan pertumbuhan bisnis BTN tetap sehat dan berkelanjutan,"" ujar Nixon.

Adapun, Pefindo menilai kekuatan kredit BTN ditopang oleh bisnis, likuiditas, dan fleksibilitas keuangan yang sangat kuat. Pefindo juga memberikan predikat positif kepada BTN secara korporasi karena didukung sangat kuatnya dukungan pemerintah, sejalan dengan peran BTN dalam mendukung program-program pemerintah di sektor perumahan termasuk Tiga Juta Rumah milik Presiden Prabowo Subianto.

Selain peringkat korporasi, Pefindo juga mempertahankan peringkat idAAA untuk Obligasi Sosial Berkelanjutan I Tahap I Tahun 2025 senilai Rp300 miliar, serta peringkat idAA untuk Obligasi Subordinasi I Tahap I Tahun 2025 senilai Rp2 triliun.

Sementara itu, meski bertransformasi menuju beyond mortgage, BTN tetap menjalankan noble purpose dalam mendukung program perumahan pemerintah. Termasuk, melalui penyediaan KPR bersubsidi bagi masyarakat berpenghasilan rendah hingga menengah. Per 30 Juni 2026, 60% saham BTN dimiliki Pemerintah Indonesia melalui BPI Danantara dan BP BUMN, sementara 40% dimiliki publik.

Tonton juga video ""John Ternus Bakal Bikin Apple Makin Ngegas di Bisnis Hiburan?""

[Gambas:Video 20detik]"
Berita Ekonomi Bisnis,"30% Barang Rampasan Negara Nggak Laku Dilelang, Ini Penyebabnya",https://finance.detik.com/berita-ekonomi-bisnis/d-8653958/30-barang-rampasan-negara-nggak-laku-dilelang-ini-penyebabnya,"Selasa, 08 Sep 2026 15:37 WIB","Selasa, 08 Sep 2026 15:37 WIB",https://awsimages.detik.net.id/community/media/visual/2026/09/08/rapat-komisi-iii-1788853582786_43.jpeg?w=210&q=90,"Badan Pemulihan Aset (BPA) Kejaksaan Agung mengungkap sekitar 30% barang rampasan negara yang dilelang tidak mendapatkan penawar. Salah satu penyebabnya adalah harga barang yang dinilai terlalu tinggi.

Menurut Kepala BPA Patris Yusrian Jaya, dalam menentukan harga limit, barang rampasan dinilai berdasarkan harga pasar seperti barang pada umumnya. Padahal, salah satu daya tarik membeli barang melalui lelang adalah mendapatkan harga yang lebih murah.

""Penentuan limit ini kadang-kadang terlalu tinggi barang-barang rampasan ini dinilai seperti barang-barang pada umumnya nilai pasarnya. Sementara bagi pembeli, yang diharapkan dari lelang ini salah satunya adalah karena harganya lebih murah. Akibatnya pada waktu lelang, sekian persen, 30% rata-rata barang yang dilelang ini tidak ada penawar,"" katanya dalam rapat dengan Komisi III DPR RI di Kompleks Parlemen, Jakarta, Selasa (8/9/2026).

Patris menambahkan, aturan Kementerian Keuangan mengatur penilaian ulang terhadap barang tersebut baru dapat dilakukan tiga bulan kemudian. Selama menunggu proses penilaian ulang, negara masih harus menanggung biaya pengelolaan dan pemeliharaan barang rampasan.

Bahkan setelah harga limit diturunkan pada lelang berikutnya, belum ada jaminan barang tersebut akan terjual. Kondisi tersebut pada akhirnya menyebabkan penumpukan aset rampasan yang belum dapat diselesaikan melalui mekanisme lelang.

""Ada aturan di Kementerian Keuangan, penilaian ulang ini hanya dapat dilakukan 3 bulan kemudian, sehingga di sini negara mengeluarkan biaya pengelolaan, biaya pemeliharaan dan pada waktu dilelang yang kedua nanti dengan limit yang sudah diturunkan belum tentu juga bisa laku. Ini menyebabkan penumpukan aset-aset yang belum dapat dilelang,"" bebernya.

Selain persoalan harga, BPA juga menghadapi kendala dalam melelang kendaraan bermotor yang berasal dari sita eksekusi. Salah satunya terkait penerbitan surat baru kendaraan setelah barang tersebut dijual.

Menurut BPA, kepolisian mensyaratkan putusan pengadilan untuk menerbitkan surat kendaraan baru. Sementara putusan pengadilan yang dimiliki dalam sejumlah perkara hanya mengatur kewajiban terpidana membayar uang pengganti secara umum.

""Putusan pengadilan yang kita pegang hanya secara umum memberikan kewajiban kepada terpidana untuk membayar uang pengganti dan untuk menyelesaikan kewajiban. Ini kami melakukan penyitaan, jika penyitaan ini dilakukan untuk kendaraan bermotor maka di sini mengalami kesulitan karena belum adanya kesinkronan antara aturan di Kepolisian, di Keuangan, dengan di Kejaksaan,"" tutupnya.

[Gambas:Video 20detik]"
Bursa Dan Valas,Emiten RATU Dapat Restu Terbitkan 271 Juta Saham Baru,https://finance.detik.com/bursa-dan-valas/d-8654017/emiten-ratu-dapat-restu-terbitkan-271-juta-saham-baru,"Selasa, 08 Sep 2026 15:35 WIB","Selasa, 08 Sep 2026 15:35 WIB",https://awsimages.detik.net.id/community/media/visual/2026/01/30/ihsg-rebound-usai-dua-hari-anjlok-seiring-pengunduran-diri-dirut-bei-1769748663323_43.jpeg?w=210&q=90,"Rapat Umum Pemegang Saham Luar Biasa (RUPSLB) PT Raharja Energi Cepu Tbk (RATU) digelar hari ini. Ada dua mata acara yang mendapat persetujuan pemegang saham.

Dalam mata acara pertama, para pemegang saham independen menyetujui rencana Penambahan Modal Tanpa Memberikan Hak Memesan Efek Terlebih Dahulu (PMTHMETD) melalui penerbitan sebanyak-banyaknya 271.505.380 saham baru, atau paling banyak 10% dari jumlah saham yang telah ditempatkan dan disetor penuh dalam perseroan, sesuai ketentuan Peraturan OJK No. 14/2019.

Dana yang diperoleh dari PMTHMETD akan digunakan untuk keperluan modal kerja serta pengembangan kegiatan usaha perseroan dan grup perseroan, dengan potensi dilusi kepemilikan saham pemegang saham existing sebesar maksimum 9,09% tanpa perubahan pengendalian dalam perseroan.

""Persetujuan pemegang saham independen atas rencana PMTHMETD ini merupakan langkah strategis bagi perseroan untuk memperkuat struktur permodalan sekaligus memperoleh alternatif sumber pendanaan bagi ekspansi kegiatan usaha Perseroan dan grup Perseroan. Kami berkomitmen untuk melaksanakan seluruh tahapan PMTHMETD sesuai ketentuan regulasi yang berlaku, demi kepentingan terbaik seluruh pemegang saham dan pemangku kepentingan,"" ujar Direktur Utama PT Raharja Energi Cepu Tbk, Sumantri dalam keterangan tertulis, Selasa (8/9/2026).

Pada mata acara kedua, para pemegang saham memberikan persetujuan atas perubahan Pasal 4 Ayat (2) Anggaran Dasar Perseroan sehubungan dengan peningkatan modal ditempatkan dan disetor sebagai akibat dari penerbitan saham baru dalam rangka PMTHMETD tersebut. Apabila PMTHMETD dilaksanakan seluruhnya, modal ditempatkan dan disetor penuh Perseroan akan meningkat dari semula 2.715.053.800 saham menjadi sebanyak-banyaknya 2.986.559.180 saham.

Tonton juga video ""All In Saham Sekarang, Aman?""

[Gambas:Video 20detik]"
Energi,"B50 Sudah Menyebar ke 6.050 SPBU, Tinggal 362 Masih Transisi",https://finance.detik.com/energi/d-8653920/b50-sudah-menyebar-ke-6-050-spbu-tinggal-362-masih-transisi,"Selasa, 08 Sep 2026 15:18 WIB","Selasa, 08 Sep 2026 15:18 WIB",https://awsimages.detik.net.id/community/media/visual/2026/09/08/esdm-di-dpr-1788855422710_43.jpeg?w=210&q=90,"Kementerian Energi dan Sumber Daya Mineral (ESDM) mengungkapkan penyaluran biodiesel B50 terus meluas sejak mulai diterapkan pada 1 Juli 2026. Berdasarkan data Pertamina Patra Niaga, hingga pekan pertama September sudah sekitar 6.050 SPBU menyalurkan B50. Sementara 362 masih dalam masa transisi dari B40 ke B50.

""Melihat jumlah SPBU di Indonesia menurut data dari Patra Niaga, ini sudah ada 94% dan yang sudah menyalurkan sekitar 6.050 lokasi, 362 masih dalam masa transisi, jadi ini 90% sudah menyalurkan B50,"" ujar Dirjen Energi Baru, Terbarukan dan Konservasi Energi (EBTKE) Kementerian ESDM Eniya Listiani Dewi RDP dengan Komisi XII DPR, Selasa (8/9/2026).

Eniya menambahkan, dari total 104 titik serah biodiesel, sebanyak 76 lokasi telah menyalurkan B50. Sementara 28 terminal lainnya masih dalam masa transisi dari B40 ke B50.

Sementara untuk realisasi penyaluran biodiesel secara kumulatif hingga September 2026 telah mencapai 10,69 juta kiloliter (KL). Di mana, sebanyak 7,23 juta KL merupakan penyaluran B40 yang dilakukan sejak Januari hingga Juni 2026. Kemudian untuk B50 sejak penerapan pada Juli 2026, sudah mencapai sekitar 3,4 juta KL.

""Ini masih tersisa, jadi penyalurannya kita prediksi hingga Desember nanti akan bisa tersalurkan dengan baik,"" ungkapnya.

Eniya mengatakan saat ini pemerintah masih memberikan masa relaksasi dalam proses peralihan dari B40 ke B50. Di mana badan usaha masih diberikan kesempatan untuk menghabiskan stok B40 hingga 30 September 2026.""Dapat kami sampaikan lagi, implementasi dari B50 ini pelaksanaan uji sebetulnya masih satu yang berlangsung, yaitu kereta api. Kalau untuk yang lain, untuk sektor otomotif, sektor alsintan, sektor alat berat pertambangan, angkutan laut, dan pembangkit listrik atau genset telah selesai. Telah selesai dilakukan dan saat ini kami masih menunggu beberapa hasil yang dari perkeretaapian. Jadi targetnya selesai di Desember 2026,"" katanya.

Tonton juga video ""Prabowo Luncurkan B50, Bikin RI Tak Perlu Impor Solar Lagi""

[Gambas:Video 20detik]"
