ID,dokumen,PC1,PC2,PC3,PC4,PC5,PC6,PC7,PC8,PC9,PC10,PC11,PC12,PC13,PC14,PC15,PC16,PC17,PC18,PC19,PC20,PC21,PC22,PC23,PC24,PC25,PC26,PC27,PC28,PC29,PC30,PC31,PC32,PC33,PC34,PC35,PC36,PC37,PC38,PC39,PC40,PC41,PC42,PC43,PC44,PC45,PC46,PC47,PC48,PC49,PC50,label
1,finance,0.030038733346482344,0.033584590700720646,-0.01883068684529125,-0.08264383946558777,-0.07194805764842904,0.08669036440031253,-0.09473950964677125,-0.001974829533944056,-0.039972207366375856,-0.025860583068778833,-0.040679704326630234,0.11967981292849551,-0.062443620007327685,-0.07472305818642988,-0.03183859753761833,0.020266915347937887,-0.0343550424730963,0.12983588900235465,0.14314881019152514,-0.03716603022106955,-0.03533948371977979,0.032885213245654646,0.0009731314919150123,-0.11347670832523596,0.010046650318622482,0.05458276072019487,0.016309202793547816,-0.07088729939557682,-0.02743964521752122,-0.09223537953309233,-0.042117732974884574,0.03904073569689116,-0.04137299446821995,-0.05028608863822777,0.08305535554601544,0.017639862759106877,0.01472791214295578,-0.07099420509336651,-0.04115488391400906,-4.9737092802057605e-05,-0.03590874954658886,-0.08129065137015315,-0.01813669629602044,-0.16787646581378346,-0.02251373681152093,0.02355318882242041,-0.05179556834611768,0.06523894841517391,-0.004192072837132824,-0.0048862431702485255,1
2,finance,0.08626024697983525,0.0020947675940333897,0.0006173073112247866,-0.05733798828030385,-0.005306421795599669,0.0065506779914707575,0.003803941251728336,-0.0481010027944542,0.017328853546473424,-0.05442542157484533,0.024252944963400486,-0.007514550330961749,0.039482850143585324,0.02724037314303664,-0.1026637233289161,-0.0050676142166715095,-0.031772141416733804,0.08632426143903493,0.01567838366917204,0.02362510781443698,-0.015604640543081052,-0.011770501884606967,-0.11454811087662414,0.016892147503806413,-0.047857798382368484,0.051068301719004026,-0.12470896648328424,-0.10674200104199477,0.10578348434980342,-0.02205180140255728,-0.16650252402636745,0.07292830830801607,-0.11644722732455824,-0.016358088925491773,-0.040439357941655166,-0.19661723345383345,0.06475172409110418,0.16204795516346832,-0.0837661958177202,0.0839812336057497,0.21978275227540053,0.09846048887540464,0.05320065111434774,0.10660190978939646,-0.023600608649400088,0.051904804104617015,-0.11942606465819684,0.2138608283262723,0.11671190041196869,-0.016442600963825233,1
3,finance,0.08847835700328992,-0.049067163603544815,0.026848741360300216,-0.05844703502618279,0.028399154330639883,-0.02923059018775284,0.058822597637729374,-0.003972044818553964,0.06947906791874169,-0.02973953325503916,0.039112844291507694,-0.024541588238231972,-0.010008213588144533,-0.002509124926281023,-0.0014755380401284069,-0.016204523465699023,0.04643966555210034,0.05826050319993494,-0.006874536986241196,0.0217726551742266,0.04085204087547931,-0.03911697541108572,-0.11411954145420786,0.015257076320862272,-0.03726596245149272,0.0359176260953641,-0.07698239142326835,-0.09647481538993576,0.06189622952856389,-0.058216948467201574,-0.12456916765931564,0.061624609228685956,-0.09689796308630655,-0.10338387653548653,0.0375786773702798,-0.128091308524579,0.036224663827529056,0.1317761773642526,-0.08807694046361385,-0.013704522710880901,0.23596083172894233,0.038618241911822164,0.04241778776481209,0.22959134621151886,-0.0382732002817436,0.14898532483959126,-0.10336200717912734,0.2779635182897219,0.09885429979604624,0.04964662712233691,1
4,finance,0.028570744925684594,0.0024416906321764508,-0.03249514509198156,-0.12896641415428797,-0.048914933430064915,0.03034266847187324,-0.06824137933731511,0.040308112927591636,-0.09529049287437222,0.0837496682943469,0.15224272220220086,-0.04559991278905504,0.07310898607245195,-0.018304243101036233,-0.08383189428433689,-0.004330192629350139,0.13978876106738786,0.02446205253481403,-0.055778306413797225,0.07713034784874258,0.025227723386255525,0.024841056092431858,0.02820065671849433,0.007096903910773794,0.0070358158324884314,0.02655005405314019,0.0024738621402913786,0.0030554651364269867,-0.02564540357637055,-0.12836643479625645,0.022831722807112608,0.005144259611984425,-0.2228667997478887,0.08884501486590593,0.01991096285982077,0.009773421153880222,-0.06778094897829913,-0.09782466357691501,-0.09332983990722947,0.06055868617033403,0.0822947545883371,0.06694917141607488,0.13097690371274656,0.01891407964156889,-0.09073178803585386,-0.024720475320158475,0.13032347722801862,-0.04706068403093757,-0.09515100529014321,0.03977716322649581,1
5,finance,0.05559419286574078,-0.04956080043100615,0.014885670408606463,-0.13858112136046244,-0.008507290585268359,0.030399946417994494,-0.11339151567870233,0.15470574169754492,-0.10726722090492896,0.3145216760124003,0.31770645702810946,0.05973443332869865,0.18522016157274307,0.1877889182279588,-0.07912454219461956,0.011586384514045343,0.41951229870016377,0.00674845225555904,-0.19274647534623537,-0.21099493281972487,0.20616055477877196,-0.11430023169949738,0.004479758624916275,0.014656201920927776,-0.003384375557471605,0.06788939380499273,-0.02888586222624768,0.01770299108072342,0.19351032979293448,-0.10668684034872603,0.019757220238898685,-0.007547702357109419,-0.012981701747715823,0.06797432738994418,-0.055188236743665485,0.07124286198361462,0.061738457252890774,-0.022533409811078296,0.008156188440897707,-0.042028184298365,-0.0034021131810016377,-0.019616027878448034,-0.11099221710370923,-0.05750202497602306,0.035297300677907636,0.05285854534569522,-0.09349398887808026,0.03600190024658486,0.04908957248670424,0.04036673205213734,1
6,finance,0.06474742537559855,0.11963141894973511,-0.05613217595841835,0.04875983776408272,-0.022424407491041454,-0.012534113003877677,0.004167435630881908,-0.06055964711044169,0.006156819380938702,-0.039079338762987005,0.0024688560006133216,-0.03919398594874156,0.11897783881807343,-0.042738403622379566,0.006682554645610979,-0.03769809795786482,-0.05876437758312972,0.03530216820316625,-0.005057735947835129,0.08432783208035469,0.013358960169892171,0.020737123896994062,0.19727248131538144,-0.004253253416910616,0.09288467219284575,0.14680914039081308,0.04774950003175359,0.06296876819934477,-0.05357955029498524,-0.027739456271468062,0.015503690457108501,0.1647621572748677,-0.039972463718462976,-0.07492260271627588,0.10983505098781972,0.006155765946655739,0.07258035596536405,-0.1121186328732015,-0.15422273920607868,-0.1344462965710491,0.03128202095676666,-0.06607328040079075,-0.14073160724480363,-0.10309651311763292,0.036687877183913746,0.097903067724634,-0.026988561589986464,0.10017070651400321,0.08738503800858514,0.06824456923645945,1
7,finance,0.3043281680580468,-0.08088841238204265,0.02137322068456619,0.3880651148511803,0.03696486982361538,0.2225020139564621,0.05800969767001726,0.03890634909298624,-0.08937184681708367,0.00518319262025575,0.05534991483987461,-0.03574819757278482,0.05730184496663937,0.04120848425661037,0.00520362442668832,0.0758363097368986,-0.004230171653199292,0.06606972122633635,-0.02901346207005022,-0.04983435707775663,-0.02702382558424422,-0.0516229758168863,0.045139020945791454,0.08293929405883929,-0.025759171992358443,0.1546155884300271,0.03826034386150156,-0.05366009492209556,-0.005763110668447695,-0.01883974038056176,-0.05925478576877542,0.0506155290472756,0.09980096923594713,0.037415469854105106,-0.012496397060237965,-0.04340348532470654,0.08142186342809862,-0.07903532941799285,0.003996845725650915,-0.044679146086790175,-0.20675354027927229,-0.0056787874666853885,-0.07086709905952783,0.05472244774616114,-0.11437993924927004,-0.0007764730936119987,0.012244306961022825,0.00490794236654739,0.02131051730054455,-0.05291247257550453,1
8,finance,0.14395697944645008,-0.024103350932764507,-0.010691898098755924,-0.017423017917557567,-0.030322630669032135,-0.020878374477292624,-0.002344136109619781,-0.1065102023039703,-0.1825142567257626,-0.13760997106066744,-0.12449763380685072,-0.014010704180078718,0.24175733781214362,-0.20003805568580227,-0.02460394035061331,0.34933547679681143,-0.13720750636903248,-0.10397495726795442,-0.03902289474835384,-0.17068646735987014,0.2630791897250593,0.10998150145156581,-0.039599969601847765,-0.03444118432395194,0.04867015599002076,-0.039235480788132215,0.20894156332240885,0.1402605479104287,-0.05636108086684913,-0.07828361102467071,0.22650830777322492,-0.012677598302220153,0.0831257463244891,-0.07925973262441503,0.05578980327100677,0.04697854491225781,-0.03456989789835701,-0.0954544274585192,-0.028880252136472228,0.12890325826098276,0.05549246294959301,-0.004353352175545682,-0.028350884013000427,0.01293512490859689,-0.026579581876908957,0.07925990783975993,-0.06735559660222216,0.0804171490013155,-0.018956314214242386,-0.0475733907245323,1
9,finance,0.2008619519796517,-0.1549593447723358,0.043905485480957206,0.03085320199507158,0.0015477290086706086,-0.18114444848869768,-0.06352526659504315,0.010355422511819076,0.23968805620132422,0.05369410287202384,-0.08039612052876176,0.08977437982019387,-0.20708242625964599,-0.01363111658414998,-0.03268510131741183,-0.15636529470836308,0.08269197526464712,0.02594711194444495,-0.06203945999171019,-0.12319176670876317,-0.018436673108746728,0.0969167156468026,-0.04941228190797172,0.04082419085276127,0.05109000579932851,-0.09059003672744251,-0.009842934969142007,0.05533811879139725,0.00026176634380512936,-0.11245858783961017,0.1146686509861344,-0.012030567731873103,0.030426246208231016,-0.09266429651093601,0.010051282608663665,-0.08152827096414787,-0.03586191595137672,0.06382866508963733,-0.16753979159626953,-0.0025545342554337274,-0.02358997197646515,-0.009432964413033542,0.07801138839701073,0.033500409056308515,-0.06577596433973314,-0.050456346979530164,0.0257925604500349,0.04039313768288322,-0.15963422994117857,-0.07216860009794837,1
10,finance,0.12073946398163851,-0.05347312672670162,0.008285781945645833,-0.08320009893370076,-0.018490146994760353,-0.02004235393934902,0.029770232233178158,-0.03945838042535789,-0.06497699979874623,-0.04612874697040146,0.01733849554407681,0.04152999822397936,0.08567319302504792,-0.13815150788905295,-0.036235790396359824,0.03889427354155845,-0.03100665964789312,-0.0034201633314606354,-0.027258560132492157,-0.02549237570839028,0.06275327350391523,0.02298917934168679,-0.02056415250855579,-0.057146192912611575,-0.1171610464132125,-0.1132451424122039,-0.09701299127095019,0.010457949966798021,0.11608291502754288,0.036920185181265434,-0.05214232246795763,0.1178340108909885,-0.15600266611888522,-0.19528045850358902,0.013387922850875884,-0.012347055249066357,-0.05718189501536048,-0.03731642082590554,0.28254286702812953,0.20787857409262828,-0.25903501685595026,0.16929299253051822,0.04817899555993968,-0.05572303233990587,0.11062301205227157,0.029667380092124506,-0.045295713619612585,0.13004878130385217,-0.043108822485991405,0.14741627333511562,1
11,finance,0.005117726552054174,-0.05368283739598312,0.05415099858370001,-0.03714610580655608,0.07013840685083185,0.005734426733944505,0.030706988243447957,0.025304165965646556,0.05084419629807595,-0.020718561577200596,0.0046916797951264055,0.04371945341193772,0.022819915474348074,0.05825154654078005,0.028283340049062067,0.04138678599457671,-5.088000947027806e-05,0.007017495029994958,-0.0388828777769184,-0.021405979039095854,0.00967031007840154,0.00599369538460344,-0.015164014205548209,-0.009464157322532002,-0.002668972940424865,-0.008448577348044523,0.007555108926884344,-0.016807595765994752,0.010493714558606012,0.012220931896619816,0.003896524978606308,-0.012658692142602465,-0.007526316093582957,0.0050032360695022576,0.016189591228295636,-0.04104793424395954,0.012232530598727512,0.01994582577515138,-0.007928416075585955,0.020476441109637075,-0.0002664264825179688,0.010056673835603831,0.010976587869918107,0.007445351043453385,-0.017960791394153956,0.003174408117192341,0.024160090504134785,0.007649886690097146,0.019341411852425376,0.011960341369099995,1
12,finance,0.18187911312110466,-0.056570468149208616,0.010969338070965926,0.0259176403593086,-0.0051971611689275105,-0.021198602766974675,-0.005453822394940482,-0.04071912604150821,-0.06050749744807385,0.02350480862333672,-0.02613543222427187,-0.012016224580603961,0.14661441006672843,-0.12020854399790137,-0.06621419202790924,0.12002138848413513,-0.11162489185499842,-0.13819818821316224,-0.05569132858977313,-0.06413961794142169,0.09233668938643179,0.02427839667801989,-0.0654774069502402,-0.05498409298149084,-0.02723217466163506,-0.060956616668258634,0.10061397730644991,0.07827766359907226,0.04979788578332006,-0.037651446556350214,0.08375427836819581,0.010659865294342688,0.14753556916047178,-0.08447158042632415,0.03839675323868317,-0.15009217793800003,-0.0024116357866299743,0.09283379113766163,-0.10352478995294258,-0.0849170089922104,0.14036053764581818,-0.16086455121218737,0.0973799377153096,-0.054804640530071114,0.0012797744956275887,-0.12045777423868195,0.05198725912416636,-0.032761277876677784,0.0464853581675751,0.1541977536311515,1
13,finance,0.1895447142121616,-0.029416796845205963,-0.03038401828099114,-0.014006092800447912,-0.05714730242631664,-0.11431349126559248,0.020259693300740216,-0.1197141422246875,-0.19991280935214406,-0.2068780384111852,-0.07346502373945833,-0.09624585473234981,0.22899535183035608,-0.2623184956577217,-0.048622722399162696,0.34926369630510373,-0.09390832914244888,-0.09514251739577222,-0.05919379028140339,-0.21115499160098058,0.21586749318597062,0.10013650577282679,-0.04577025991214802,-0.00919887595565277,0.04642895245988551,-0.028146086935189964,0.16660157907690362,0.11046615894186897,-0.06947671338753982,-0.08038207419348867,0.17924585082102598,-0.02744801693433269,0.09503337105077261,-0.037731052039047926,0.015075618230487734,0.057495183984572124,-0.056773628198075035,-0.02453293692916412,-0.02255054816177443,0.03790454652195269,0.05169138649118501,0.007554672428334515,-0.004199834098081582,0.06688746779013467,-0.045369602743010815,0.02580240228101112,-0.03802197680209291,0.04065158140181541,-0.014646744833890684,-0.05348670629671782,1
14,finance,-0.006794700400425193,-0.016160120635437914,0.08482314466063112,-0.09737137530188662,0.02844710825968302,0.07020779093895377,0.07851828790616612,0.03769373656343382,0.028237961210313158,-0.08793904388312554,-0.006876248764320644,0.2602386417269165,0.009199531712514497,0.018320791472074566,0.0579969298503137,0.09875738819018008,0.03968570306687088,-0.011733679623921337,0.03547325112508506,0.040650586755510136,-0.0674097359513496,-0.10800567368211839,0.22780091227823154,-0.25100179374086806,0.17264310675912956,0.03651347852568599,-0.10409992277848305,-0.09069355280156575,-0.10096034085322905,-0.17018590864453062,0.16508447014923613,0.11109296840055885,-0.09658840003532311,-0.052053737560105805,0.08911197769527558,0.022952492611919586,0.029386607606066952,0.023725759351573412,-0.09885033267300397,0.058060475882623704,0.0014206732213886048,-0.25450746985830636,-0.010618493078101842,-0.15209436116014835,-0.07097455988892382,0.028837046095576815,0.09204450933248881,0.04926399185399597,-0.03501087615926966,0.08217481157347234,1
15,finance,0.3561120979561017,-0.11966894800881119,0.054853927231161254,0.4765795550895692,0.07351901361754447,0.3715145989192784,0.1492831554996791,0.04034521482356254,-0.03553377907395371,-0.010287322380191154,-0.03199943565622739,-0.05485736258668776,-0.07385769498903608,0.10612307221505296,0.0435788801592715,-0.04379099093845203,0.054854558062452936,0.04725342615703383,0.017318760431739955,-0.00567829117743137,-0.024635056895893185,-0.006822098591788833,0.018702027345170333,-0.04140302782509656,0.01377903893890234,-0.045547950916636805,0.007138442652653588,-0.0020114710744702953,-0.07325889113665462,0.054693664148340926,0.05998415120177348,-0.08544861065985075,-0.03829042172468396,-0.051868498196666044,0.0028212881959155754,0.06262960682927647,-0.13803525061678243,0.05747789305193139,0.029843543552955175,0.0527429159544773,0.15149398584538457,0.03158487291819957,0.047644871975189296,-0.014963235171133486,0.1383065771422252,0.0453153118941572,0.030783079609510752,-0.010264658121295145,0.025257989233853015,0.02444779962901736,1
16,finance,0.4243951476903068,-0.19422594314302402,0.044956358500806655,0.48547693895639465,0.043555093111449915,0.14948832343141225,-0.000316680451855265,0.04706185909514369,0.08350437155125147,0.023188685463789483,-0.02456363254406988,0.00476086822145081,-0.09525888234053445,0.029179830556642698,0.0223337520548202,0.011582572715702318,0.056359924672535054,-0.018064056467930183,0.016865873698313303,0.02399819035033986,-0.014025152640969308,-0.024328589312589348,0.011264246145888009,-0.010448072798859665,0.017214283044023178,-0.0428188655378142,-0.000707264442843597,0.057681018580201956,-0.009261691889441216,-0.02327739991312611,0.06475692934032473,-0.0019308610223930166,-0.018488577063602026,-0.00571995172886002,-0.00931854340783627,0.007735578530070559,-0.0311876948181341,0.03132382068160982,-0.04786057392614198,-0.03401238011073643,-0.026403463162593357,-0.005823124085963397,-0.0464854567392206,-0.0470681825208214,-0.10641894960018576,-0.0462423572148397,-0.09748521841292296,0.08570422735583234,-0.08556782015812504,-0.024537388583491172,1
17,finance,0.14733383136470585,-0.05819807625824621,-0.015196746439456774,-0.08475774555938408,-0.0878812936011762,-0.11292454983095117,-0.11295469978412158,-0.11197878213058254,-0.2911793239254732,-0.08906471269926806,-0.3776249487024271,0.010742046785836514,0.09212075047441531,0.1814585960841246,0.2679701436761095,0.10472521175451302,0.10920217131406162,0.017745808065772698,0.10869822002846763,0.01412824836945484,0.08565963125544672,0.04605379454171094,-0.01165470997417521,0.08857962437207478,0.0046963966969863265,0.09515108432271076,0.028321819725875677,-0.02015004864149525,0.03040899314105732,-0.057911782388087446,-0.0131037921422215,0.011009820323904813,0.004204215401776158,-0.002750610110858384,-0.039354248851888415,0.034630409926392505,-0.04292127955879214,-0.023494260367337014,0.03645204990144107,0.002530405170402493,-0.012336830373403888,0.06448472442847722,0.07243872515127579,0.013445040383538092,0.08529914954142424,0.0001179103587559949,-0.02275015579269583,-0.047906207703025436,-0.040735385872602406,-0.004889196013952031,1
18,finance,0.4166317159432181,-0.1475389391514711,0.03343281178051422,0.5063945340689606,0.025284871453420472,0.362393854071299,0.09831971807094173,0.04108566588477545,-0.09409137792839403,0.0021461048507594154,0.05397206854442476,-0.06960764797809456,-0.06681064702036228,0.017300708912842286,0.011516220812331985,-0.0008774415692275236,0.03965452110985864,0.008585294412424579,0.03143381627824462,0.0416403242672662,-0.003681299916297008,0.002573431581378629,-0.009103256522571438,0.03696382711200766,-0.028367504603981235,0.013999076278951725,-0.010182417646589765,-0.004481457794330881,0.05219114635565446,-0.05479713539624432,-0.003370389860147807,0.006447153947157775,0.0021008049751728114,0.05255364835822993,-0.004443964697709357,0.022560939775264476,-0.00198873030397766,0.008054973033990234,0.012435049582751077,-0.004322313168704816,-0.08158295572297863,-0.016370878637303625,0.01747919068146702,0.04321461985630787,-0.05227417666823596,-0.023749344342761963,0.010885545988803121,-0.026026423871163596,0.0002965221562348028,-0.0014347618988967638,1
19,finance,0.2989994984984473,-0.06506821288660718,0.040263304695307346,0.37620229763306834,0.03854348332883076,0.3298486685222655,0.12948010189238446,0.02339393841184454,-0.08873179619678166,0.027515443752403293,-0.04595689056166208,-0.02596544489792025,-0.014783234636049873,0.041158009404940916,0.016730596745212045,-0.06738299331242724,0.004910315617238284,-0.005440632896852622,0.0321911392161836,-0.0038064184651907507,-0.021971519144012033,0.022104550373609023,-0.012503582702608823,-0.07358428050728427,0.01162063262710132,-0.06361393818213282,-0.01600542204992759,-0.006256455438955031,-0.08013190428650904,0.09946648315142076,0.03791115585617224,-0.05940406310856368,-0.015496030960854302,-0.07678581395138599,-0.0026179064958082865,0.025998537849514218,-0.10560511141165578,0.12447942661049215,0.029176329074496164,0.043504721333010844,0.23297303670773245,0.006362983637796637,0.037443556930363955,-0.06533479062415341,0.21291128436959372,0.03766998986929307,0.06368105229301034,-0.0784565519162066,0.057156303813387765,0.013561878155942729,1
20,finance,0.3787472789552814,-0.11868076073454817,0.025160836245396584,0.4948623493950792,0.02993857835928075,0.3414860707395246,0.10296050646380825,0.04363816435949548,-0.13882023958632111,0.0010091660161598629,0.060320440877347656,-0.05954256822007232,0.00038124161207610735,0.04675733264213168,0.015798543988398996,0.034107330053408574,0.003193286941404815,0.04300724766371642,0.021206014179583912,0.029103055983994097,-0.029584940812297674,-0.002726845278169652,0.005824658281478236,0.05538950050985266,-0.032848359121495724,0.09518938728254844,0.017194285403409004,-0.034937999271443705,0.05988525745837118,-0.04916353878295819,-0.04108329354567441,0.04408435232585624,0.040394804192391325,0.06178297877471763,-0.0020272260756980733,0.01207791656547383,0.025973433499985193,-0.02344166031758989,0.03656203191934044,-0.02723742005609403,-0.15188884629980257,-0.000987194003924058,0.0022038668002397122,0.07807617523845306,-0.046166658488548146,-0.01251609030069897,0.06018487896668559,-0.028759229613202954,0.03751023732111495,-0.002499162675134928,1
21,finance,0.2542586991988692,-0.08925250045937429,0.0014096899155275455,0.06394154773868123,-0.06775002964173195,-0.14949679269254643,-0.10387225857586199,-0.07979217629976258,-0.13154233717051686,-0.053383733183413475,-0.04568878896170836,0.011979592698219348,0.140598044400993,-0.08338658343224419,-0.14668280030990033,0.1895776356097705,-0.14767531362446668,-0.12557606071443128,-0.04629707404808586,-0.14486323670333826,0.15524805731685,0.024035507563584878,0.003094669866465223,-0.04517751018072318,6.878192163123505e-05,-0.03662478453323723,0.13229640767657058,0.057340041681392395,0.047479167450587126,0.013500059300178025,-0.011317076169669316,-0.07426966985271931,0.07709717557476065,-0.03482744955083291,0.045791194590132096,-0.0241883160248309,0.019382387037642886,0.057755411290269607,0.08586330894465767,-0.058984860520242245,0.11414473733376333,-0.04503451415920445,0.07761352606482594,-0.043978797548907905,0.06442056182958832,-0.12478711721492587,0.04817428250215445,-0.06663689352319549,0.00047986840201717925,0.12765261716429296,1
22,finance,0.10610203987612601,-0.05677355069477708,0.04711586370730051,-0.16655711264973072,-0.04252259973201173,0.03287437801066236,0.11381175622405247,-0.045778654176301496,-0.13223430233898373,0.23307638850026066,-0.10242491312248292,0.14942531184733138,0.08567013935317454,-0.013749982456030816,-0.020849208840275146,-0.015734807964112783,-0.0001726169067579081,0.015280359982119114,-0.019607817245161616,-0.0017761029446906572,0.011015010843162329,-0.07726272273491079,0.23419641783191114,-0.2303213738726259,0.09920196697100361,0.023249574241446677,0.018228544773545505,0.009562834919108459,-0.05251892989019021,-0.04200272011840245,0.06594994736322009,0.055154283854117324,-0.02391842182777066,-0.05736757525654409,-0.022944418214339003,0.055884389884894276,-0.13102427744564404,-0.04634645432008419,0.012501062775856815,0.04880423271987846,-0.056352179375813695,-0.014577994040891103,0.0466166674418382,-0.006368550106947887,0.025573148065432563,-0.06631371300422496,0.05631113053481272,0.08908815910086161,0.06713161646297375,-0.03435555151624714,1
23,finance,0.38555555941567504,-0.17226440721823352,0.032261437153188875,0.43731468091185677,0.046393933012765794,0.17191241887088626,0.07391689558505059,0.05303307191311264,0.05695802255035651,-0.00945196580796659,0.010065010870343912,-0.054745197084180686,-0.11515942850178487,0.002061860087114273,0.05696854693997227,0.012994092402470306,0.08589202909649944,0.03220873147286194,0.014068276950355419,0.04138842839032809,-0.017610988556165226,-0.009146479243990088,-0.018264500689103572,0.02221537271689675,0.012197651484526248,-0.024330706775672298,0.03455058405581479,0.06217038491235405,-0.025847398122012935,-0.06810469947963745,0.059920168539870214,0.03785035397016903,0.007729679008615339,0.024165865820847683,0.010314944036833388,-0.0013389528445006465,-0.03347179633929236,-0.0944688985823924,-0.04410024572725029,0.007566178633804745,-0.09900721768002956,0.005803661764390636,-0.013405643959479425,-0.008977518912264922,-0.16016001131250668,-0.011314522087561342,-0.12631667092187157,0.1316512303919822,-0.06050748145098046,-0.0109153835194137,1
24,finance,0.15801766109556142,-0.035233148597627155,-0.002540131990440477,-0.1881812814815623,-0.1105780351771443,-0.04682810606477457,-0.10023748213798679,-0.16432729506631763,-0.38128139981423265,-0.034914670890389375,-0.43203082689434463,-0.015645507277462906,0.08229553984441638,0.22814097179429157,0.34551193006352077,0.012470104058012152,0.19461193547369732,-0.02953096422572745,0.10351311612912564,0.07435724610063016,0.032799357529642595,0.055777726004791105,-0.004765419896729444,0.12700311299823575,-0.030677253870468407,0.0562823616713499,-0.014665025049961668,-0.03731547126909368,0.016911494765754227,0.018394573923168293,-0.03299480770345267,-0.007046702950230555,-0.01725639388776514,0.033081143154859126,0.025227023302759437,0.03287361849222768,-0.011690734135617591,-0.020886784838921226,0.08753166269958039,-0.05927511932215331,-0.017298095637000944,-0.018229241260580238,-0.0017360403835623838,-0.02160521701235345,-0.013679102008062013,-0.011359036588838316,-0.002633651795341355,0.007679287897770628,-0.0718768795445277,0.035208129049194986,1
25,finance,0.10605500076164809,0.28432275077662306,-0.09187933329155477,0.1606693222168825,0.08183352374760468,-0.12543689884359985,0.16567297121404154,-0.04606317193685355,0.20543516317590907,-0.01972731620038762,-0.013834824086712551,-0.1656770397626784,0.12709276950156842,0.052014744544949504,0.06016831871934818,-0.18479622589564168,0.1620767474854137,0.006815659820828474,0.037526273393321964,0.016339545879284746,0.07902774548874568,0.12801590356725953,0.10845299581669807,-0.10309017378994169,0.07213500749365818,-0.06464509853454581,0.07057918979481663,0.07812599864790756,-0.011026129813547827,0.09830099957310978,0.010593389059644466,-0.08113143105818059,-0.07565307260232518,-0.13394005565690362,0.008665948986092974,0.042628168339883095,0.1100594503806387,-0.07406421975100719,0.0294581089589764,-0.060619922124185724,0.12636449335693412,0.014879478908841566,0.02942354599365362,-0.11326017626006667,0.047979024210338554,0.02863600562333734,-0.0065773147817800096,0.06468431008062035,0.038232445989382725,0.05898830654394369,1
26,finance,0.09125760911976757,-0.005597924896276879,-0.02013193158127579,-0.07823354136461866,-0.01144760743590295,-0.018629637049893042,0.08619610997573063,-0.04960847303796252,-0.03322788300972678,-0.050270355811689385,0.04795790985321569,-0.14497000846638383,0.12419562941989398,-0.016165900070134378,-0.157228794778525,0.07049412857335678,0.019750793301759217,0.08203177453745246,-0.07867434551714166,0.009574166646863195,-0.10015259577382299,0.09754822008057983,0.0728559706220069,0.1207440182441263,0.07459027061347412,0.2235491664429121,-0.15603490406002227,-0.23312859177333753,-0.20281205170010808,0.1368946042259886,-0.11705596399945822,0.1500199648546718,0.24001687613838246,-0.05742678904340867,0.09881301900905605,-0.033945998918077494,0.09622722221009203,-0.19194898415484785,-0.022046751379326594,0.18824688533968256,-0.02007474915476735,-0.06198937526657804,0.05835981863699781,-0.05152942926401067,-0.02885441553193897,-0.06139796928941477,0.05870891339777399,-0.03482776864085384,-0.04269974419759291,-0.11011316357585267,1
27,finance,0.22198471308504014,-0.09964002287490774,-0.0036951778672057022,0.06511300296495742,-0.020401742941875745,-0.2717315333597348,-0.15359645783948356,0.013009137585067982,0.11414040146048343,0.039240661278233425,0.24263838297268417,-0.004719642604410377,0.21419280998633713,0.09906883422481942,0.14886263885995607,0.0757596756558821,-0.19855850335234188,-0.12170454091459815,0.1831934496196709,0.013733027703576912,-0.0063841221372631885,0.14404894800969484,0.06030922722621182,0.04428732909612288,0.09205847153908527,-0.02218784977030489,-0.04789316856521129,-0.035207070351663684,-0.1465388418616314,0.0797182939318184,-0.06673287835590959,-0.03272106747222987,-0.061713746969461324,0.06991721417909441,0.039629711361866944,0.08657529233247035,-0.01581939732942401,-0.033068037830731624,-0.01322619194642562,-0.17927693741099168,-0.10282386259034541,0.15772313886326297,0.014704915369227226,0.04213494746199488,-0.04929894887783379,0.16430173301974657,-0.028292353998026244,0.06588401911771138,-0.025920762680542737,-0.005216696872549692,1
28,finance,0.154052988333817,-0.04684201469011835,0.024121594383802934,-0.06661067209282343,-0.0004504803314867918,-0.0070417061999838,0.10940913147084871,-0.03967780410171008,-0.05490183498880358,0.18759675450427926,-0.15486188982778315,0.00044348024774159195,0.05540025531702435,0.019900465011545503,-0.07808889597164576,0.016280725943781278,-0.06826459024433233,0.0972346662128072,0.006281067711681036,-0.00390702303403516,-0.026389870837977326,-0.02028318836846252,0.09544926929188965,-0.03666237282266242,0.030008583399853257,0.1502770930088448,0.004895228951870689,-0.10144326904285421,-0.08859759659560201,0.17523841473684842,-0.06780951635561498,0.008807368470015335,0.08555396654075433,-0.05497820557291257,-0.06534107973265471,0.06330515777313862,-0.009607009968923158,-0.0894305661334155,0.10550105053671932,0.17679007102498978,0.09876094544874758,0.02961058430478184,0.09081904333040354,0.08114619383919383,0.25004755897765735,0.08399683971947249,-0.007583277519623404,0.06047110242438782,-0.009837158139105436,0.033713912632898524,1
29,finance,0.03083671122780123,-0.07073578324405885,0.04809866680224779,-0.0587110903756621,0.08142609262612195,0.024543807844321686,0.04058179584800229,0.07791883557745535,0.08599631072162271,-0.15941224996650608,0.0036413968844969825,0.14083659370098367,-0.02568703912839918,0.10751874091953678,0.0941824371996451,0.122570843223662,0.058399004708664076,0.027170911150266683,-0.005933951584866508,-0.07766425101632475,-0.010252478031479271,-0.0820803987238449,-0.056131434402309305,-0.12898818627117994,-0.011536081800314771,0.054956987392804364,-0.036821291891022845,-0.09865678634022626,0.00216634161998758,0.1104163760120039,0.022512237248691582,-0.05072250433628809,0.010412614128810862,0.032535181435328846,-0.11467093309050251,-0.015047504315201677,0.08259289268025331,0.14554208003335917,0.0065450827055622595,0.19990984861456063,0.10666918197233177,-0.12961588648780833,-0.02658828043956103,-0.05378905491122859,-0.04314231539616828,0.2369327162863876,-0.253883326880657,0.001919339484729592,-0.23807742325277934,-0.04435778534191185,1
30,finance,0.13945811323346888,-0.07984814702464277,0.005839370275427972,-0.14502430125551577,-0.005060504677858457,-0.11706205515643733,0.2121640476215809,-0.026197903559391656,0.022340424614771478,-0.314075803459575,0.11289094052256982,-0.022063180525717062,-0.003808403308964512,-0.18561394289677224,-0.029521181475620866,0.10599907924498592,0.20194400139766536,-0.06487870060613582,0.031763193075098915,-0.022140560142613543,-0.10272667018131625,-0.01420480403932432,0.03682939614371838,0.061536653703494454,-0.01158809748689032,-0.002936968689784891,-0.08533436217006195,-0.04338756303816643,-0.028211869865416548,0.0005721009578410534,-0.026737744292002836,0.017312960704676247,0.03338060285186522,-0.030824175434659148,-0.09562554963811723,0.03838638288932573,-0.104753111940706,0.010857381044508299,0.06060023064264821,-0.043182008037428374,-0.06686106211403041,-0.0350664975715869,-0.0573003091991744,0.03396348954436654,0.05692725134085087,0.029151972245429852,0.03276809925043133,0.00034392457300172784,-0.023284408631268204,0.021194554715488558,1
31,finance,0.10084503857453928,0.016125336433776498,-0.019157826251527406,-0.008318010067734012,-0.052586574568591976,0.026810539305261255,0.019920616932414422,-0.012160309786797599,-0.15220465528474317,0.046689408901074515,0.006694941275813285,-0.0763186068181422,0.005405610811820421,-0.060314936403384374,0.01918468005860757,-0.0941699901995107,-0.04026215456905405,0.05328814168165245,-0.0028196931152680797,-0.002162564875867275,0.003365432021596401,-0.042013581988644536,-0.003569084932902353,-0.052400962708491004,-0.004311198468115289,0.08360227023128851,0.058998404218860524,-0.06366613766581107,-0.1012665402179112,0.12038292890038714,-0.07487849330848106,-0.04765181076440795,0.016814431443784045,-0.10906764267763908,-0.06980641588329971,0.06645372463895614,0.022940670907545504,0.008165312460495643,0.03231343468510131,-0.04446364270544303,0.23202273218797803,0.020374373143528628,-0.0248009979811506,0.11885019428475976,0.2407260828049592,0.18989412742647183,0.00795675565540727,-0.08903826962998017,0.0365038330894252,0.04812425096450748,1
32,finance,0.14974803244798174,-0.0610980570216138,0.025834622418555987,-0.07576724318862782,-0.01795574152139975,-0.0647248802274109,0.026722779970567302,0.027914673170101555,0.013949251871905304,-0.0036736806618879836,0.15483696254439258,-0.08014981972442611,0.0006186026463233362,-0.09040511021215321,0.08594159138634115,-0.06809303521390969,0.0009313697843770943,-0.020892358837902476,0.03349372913564737,0.05423520315309042,0.06543596091343913,-0.08490733306431547,-0.10820569992588362,-0.002262308007169204,-0.03184909837475937,-0.009870559847196108,0.004879908621590551,0.13022486317517964,0.11291998807509358,-0.1399578599579222,-0.006411579239375719,0.13251442292943275,0.03375805931616671,-0.2894415043538431,-0.008572711143195157,-0.012583869621251657,-0.09320642260661163,-0.03752019437152298,0.19471003060121042,0.043069126869751416,-0.08858852993994865,-0.010164498320830216,0.23979901640953297,-0.11622261219978833,0.0060141715384226125,0.08805784066988576,-0.006743471290308955,-0.029948699225343777,-0.1012154180303084,0.059040234853384395,1
33,finance,0.15297673386091323,-0.07886588698741158,-0.0032062998933709706,0.0004506265114291938,-0.039989809500980224,-0.16688039186836298,-0.17061610827798543,0.023399457120041097,0.047033686225299874,0.046634609955418,0.23131861498098238,0.03820752161610247,0.1914994657971696,0.04488238559120034,0.12538815613948737,0.01284195874607177,-0.23538929636092204,-0.12538042264277988,0.1629619732158959,0.047891068710191755,-0.036655850003146355,0.06900478578619718,0.03946300283379727,0.06987328488516167,0.08939058954360982,-0.012329652454632339,-0.03553241403173403,-0.03970282896653455,-0.12609520529567356,0.0604764845929085,-0.07853182880811885,-0.021462319030582863,-0.042550291723467804,0.02319619887734684,0.05902299247136694,0.07062507389905519,-0.00956692160700537,-0.03554404308298933,0.005020471561177594,-0.2191090998995694,-0.05298295893677435,0.15471157754993153,0.028694820849003832,0.0740674712584295,-0.0598117218047466,0.21191076610973666,-0.02331102641848,0.03446096610810956,-0.021206307387269863,-0.0597319092410395,1
34,finance,0.11474806935119057,-0.030433270543801502,0.024565997941547988,-0.018245667960748373,0.007594548750202431,0.14448220119571986,0.02612650949674369,-0.01870981825413964,-0.06653169597745093,0.01567830554439527,0.02483086512129945,0.01745572973570394,-0.015192087465674957,0.0161401899536033,-0.06785772287654623,-0.061518689155083066,0.026214253716808,-0.05780372948646785,-0.027258011363382528,0.0748066701489412,-0.0017388244523948045,0.03332063282848956,-0.013708136322279555,-0.0880289708732444,-0.0419195552276619,-0.11171053736714615,-0.05525611889906097,-0.017391008066135943,-0.06481038356090031,-0.013970295222494444,-0.05229113695871983,-0.020127022037385856,-0.15885126669740088,0.13823781726181045,0.15204094739102075,-0.044027471863927345,-0.10493767818087359,0.033223238307343625,-0.054445348906182044,0.08905262909580604,0.23717649775853805,0.10869581455799769,0.05299043796389131,0.09624251218532225,-0.02382349481768253,0.06494056145607659,0.2653244549262921,-0.025493190712185376,-0.13227313719092892,0.06662531420939194,1
35,finance,0.15077620121233332,-0.01525228140723588,-0.026987942422267822,0.027402417006115745,-0.06289620722770484,-0.08059869040710746,-0.03521600634977094,-0.04039526676419365,0.015554427331854368,0.009211320853124387,-0.04155213999757252,0.08563270819268408,-0.01505119652891148,-0.07946306512856656,-0.0994617994689783,-0.0813877934234656,-0.048464369379233624,0.027015532662292577,0.049970268729473966,-0.0020101359497213256,-0.04730770715282863,0.03452817988100623,0.08853556841261705,0.11105043402318071,0.04201280545764216,0.05672154169727153,-0.04188404523578102,0.049919777064323795,0.021270465401481902,-0.07764236902958044,0.042482325473402534,0.06648933228524578,-0.040365429108912526,-0.04091856231797348,-0.12371763263163461,0.0880976776404812,0.06392058118330662,-0.15455681971278915,-0.11098379232214083,-0.06768566615785944,-0.0024396496000815204,-0.00555102079728148,-0.045661112483730074,0.03090087331385781,0.03184942707365667,0.036827501996756516,0.02061349025843884,0.11787753747858558,-0.07013406519823084,0.04953561782598461,1
36,finance,0.07079103962279941,-0.04250329611833079,0.029562262372938828,-0.06460925914817775,0.028957816768963914,0.010279201830446295,0.05796957809512581,-0.012873355650517773,0.010113290398701928,-0.017714643187453596,0.03449138102867586,-0.046040968732827064,0.07613565574308548,0.07995907815078787,-0.10125014621166101,0.07470318242831088,0.011829145968615245,0.07009072960105456,-0.11277740763887753,-0.025092513580522766,-0.012684245026364243,0.10794415869908656,0.039608305640017744,0.11020664994505905,0.06379032433493387,0.21545857348863412,-0.11497383292879589,-0.25854399812130724,-0.16333129853281464,0.13206292221275018,-0.13935496155827004,0.13150332271770757,0.18116825393231478,-0.09336729204024705,0.12308388025323408,-0.04059312649165815,0.18607058730298912,-0.1748708013863545,-0.028694761158350804,0.2404899252894989,-0.028342488918837228,-0.061435706144601324,0.10321446261618539,-0.10317223367318944,-0.09901578011562011,-0.19103286795025753,0.022044058963050017,-0.09483718041989493,-0.0019855135075577276,-0.1277139821452043,1
37,finance,0.10112668438305625,-0.051934387600910875,0.06820979249414046,-0.2281592976848777,0.005253259056412029,0.0726803982488409,0.2790040550280578,-0.012919807554578982,0.007188835143927901,0.4545670466639676,-0.19207695450385312,0.09108935738522575,0.09672773288391562,-0.04640764562532516,-0.08759892550672908,0.0546036497561236,-0.16451395534062221,0.015345320443101197,0.06242361307054809,0.04124983921553602,-0.070274706288138,-0.05472937179916151,0.13559615426342217,-0.13408478290148212,0.058017990021481766,-0.014560806901252773,-0.019506264686019723,0.062420067666154794,0.05258668847290963,0.04119451640275151,-0.025610866218560017,0.0017109561419750583,-0.09069020405140016,0.009809923878917447,-0.20442828164012045,0.06659828556323368,-0.028661525237994995,-0.014625106654851807,0.006067973524476998,-0.10842018379939855,-0.02884871720254184,-0.010953523445168652,0.10503635616423831,0.12166890851356536,-0.10966943515950586,-0.06034003658187021,-0.05221418026893811,0.04458860360720619,0.08150219822579012,-0.09300351792354453,1
38,finance,0.05873119395621682,-0.023784162208969915,0.018183458104045706,-0.09585410775296165,-0.005748826225996095,0.020890194486743355,-0.00743803177254082,-0.016197864155288448,-0.05359304989081375,-0.08254796078016818,-0.004788114514182746,0.2983554936521323,-0.06396567201722124,0.03240957600417873,-0.08797122824896293,-0.3205605139312285,-0.10937103504631532,0.330996987488921,-0.03266343739511986,-0.33062543936073385,0.0036666885174056365,0.3650792226008981,-0.019037089123256367,0.1698964476089094,0.09310739743362319,-0.07497003267349453,0.017916933842819754,0.01710595575664229,-0.031932647934767584,-0.07219178397007797,0.09163206586334048,-0.06379874131395383,0.05492922627474096,0.022071932703650852,0.03259208493209828,0.03921965109410965,-0.017327035459098385,0.06750579932723841,0.11392341747745978,-0.05578881796282063,-0.019154943145122467,-0.08762574928358983,0.013865212161258505,0.01907269432644441,-0.011053515773023954,0.04403806306004028,0.010338619128853744,-0.04003244864707806,0.010843699386089402,0.011665733797598974,1
39,finance,0.11823639061468481,-0.07265902215942734,0.042591337560798054,-0.1657816155295467,-0.020537880430465325,0.01231005678360438,0.08654536654748975,0.0027001943277049087,-0.061411119646118215,0.24198424288992976,-0.1076329162318437,0.05251401686261098,-0.03878149296182787,0.032544610380755144,-0.07719553588246009,-0.1378625276580197,0.08378506069908861,0.05207552826243468,-0.0899521937976181,-0.0972730499146286,0.08784284037591755,-0.03389464440200567,0.0049755018270723475,-0.15462666088050614,-0.008740488406992595,-0.015881933163255212,0.10444057673432357,-0.06191607339728859,-0.14951424103184632,0.23415085372460667,-0.06403704265970404,-0.0572347331587859,0.14193248890895932,-0.21411025403968167,0.008511070149897167,-0.05507317466320659,-0.09901150604665301,0.03610354811011599,-0.16584008253717708,-0.005870942070854106,-0.14411185723080294,0.1850302148449778,-0.11384294637671451,0.052914562791351566,0.025291679095652837,-0.013473409411425188,-0.05247364805230217,-0.06762808203383122,-0.09121890420863836,0.10170592683365434,1
40,finance,0.09046897105166768,-0.07767992169941584,0.045165126931822175,-0.12312022115660061,0.02674123361225506,-0.040106876158146135,0.07308672870874955,0.026437830413956153,0.11502244403973312,-0.11535241060937847,0.16720521678935354,-0.10291074905021354,-0.15099991287996295,0.14465828024095723,0.21410889293928065,-0.08129490978773077,-0.30601325012626734,0.10372433416435686,0.0928124283564597,0.04790680144413725,0.5761883935776052,-0.13535610261185851,0.10843389985095184,-0.08654684929722048,0.06654852182033738,0.08238568520501206,-0.1552454438625569,-0.08120623155486764,0.004024810474279794,-0.007493904945763231,0.04564653517895954,-0.025151514461941842,0.0009051970341919773,0.18480890144347925,0.025337350273582485,-0.016255915118067822,-0.061390599919933043,0.004450064187139577,-0.07998501430415328,0.043628599419454656,-0.04514202419536293,-0.048267455378952835,-0.022145061275236584,0.07568336423433218,0.0575073478287088,-0.1341274496316863,-0.019034727469237154,0.007771731718117231,-0.032118427967542953,0.017120873824083775,1
41,finance,0.06925899466757693,-0.05355503223637497,0.0015054724475602568,-0.13039317806745185,-0.015607573153550002,-0.034060830324258703,0.10534279908267694,-0.03198769219627609,0.028467063189149384,-0.01892661094903466,0.04210342299262257,-0.044581551479872715,0.013348791355228783,-0.07282511165405618,-0.08233522111670051,0.02007776591489697,0.02272329602428247,-0.03774362057933698,-0.019909456165244283,0.12904957895442884,0.006923477187811977,0.002793552080279908,-0.11370645721818413,0.1373229587278873,-0.12566556896918468,0.03175972740223569,-0.048333959887158495,-0.0864386648505969,0.018230817926224246,-0.10499717342753948,-0.15835703192235145,0.10949270472163168,0.013697170208076202,-0.09301356815120757,0.13723937568386596,0.01415029141618008,0.05852948570514096,0.05679170243554998,0.06878330471823059,-0.16215484560162424,0.0026139786814534413,-0.2042084466538266,0.11825960127651065,0.05537658615187779,-0.0733707661947349,-0.09714985389898516,-0.07478676294268427,0.006673540210811685,-0.07404590851085906,0.14395544908492344,1
42,finance,0.1127394034932624,-0.07299465059947667,0.061838529290668354,-0.12788869200377362,0.031149189704558346,-0.026425382376358338,0.06450150493173469,0.00710593923668277,0.12630400338605477,-0.16158087715191244,0.14266572308201725,-0.0937027847563644,-0.16925676302353163,0.1980872051836657,0.20012596181962264,-0.06825702838970686,-0.31527602781908237,0.06710377299625325,0.10450316968834084,0.001615767499821825,0.5760631958484693,-0.12443298524048145,0.12577127976490374,-0.08082833380248745,0.055196605976118494,0.035799896067805315,-0.15880303692144238,-0.0646025450250125,0.004339696592877961,0.010912564541052562,0.013158403081892105,-0.022631503041647207,-0.010087996046588513,0.13185260735398674,-0.012930907496452695,-0.0017910824253984127,-0.05785261060313642,-0.004925042224646145,-0.07367731578487353,0.029428231163654447,-0.002720867151549585,-0.05120130045886149,-0.05799187420940333,0.08042647587076955,0.040794813826557176,-0.12207641583207741,-0.024013850888720684,-0.016122204673344277,-0.034051365095185575,0.024442860580552648,1
43,finance,0.05794802758426824,-0.04559577767174653,0.03840996591232229,-0.10833514845534309,0.01530625466745246,0.03758334057662883,0.03726738300978029,0.025956985256628432,-0.02091935965096062,0.1323925453650825,-0.04009997769718271,0.10743155745793594,-0.03363657849636065,0.06112029594823191,-0.05786625812074534,-0.0862593117858673,0.0247113186279417,0.07526467808877062,-0.0944753565322287,-0.1410683476827436,0.0742124257991599,-0.013098661685716115,-0.04585053119753606,-0.15507942098416633,-0.04491788529603677,-0.04635177154080324,0.09496355372454314,-0.07859340881895092,-0.10968528269524853,0.21356609705418633,-0.08007462677790037,-0.06827858706895837,0.1899856420669906,-0.20723183963449698,0.04780517963772165,-0.15449523896668402,-0.05581815119434824,0.0619333275067032,-0.27554656641389486,-0.03284082972851523,-0.19696467122982397,0.21086196557281775,-0.10937508295424406,-0.014536674812055488,-0.06260584989685669,-0.035447978622073474,-0.0053640950754902965,-0.11174374321739484,-0.1451183921532031,0.17564763508909292,1
44,finance,0.03223488610581364,-0.0043871369922720395,0.02729115253748704,-0.13991583718215772,0.01454629875487476,0.08298272199886027,0.09627285223417391,-0.02373616338268924,-0.047624781770337084,-0.14568650262430058,0.06974601676935839,0.31309259494961583,-0.06049333963141272,0.00823084057218929,-0.08313459172727192,-0.1445867798411713,0.049006632334604866,-0.1486393947968716,0.04271681978354732,0.1314175654691494,-0.0109754105776113,-0.016748206362941345,-0.0013681325079566988,0.11867075569850957,0.015749142486826812,0.028282556718290455,0.1602091515921182,0.039254236394504295,-0.0266037920933886,0.073544107394837,-0.05893068862712082,-0.0971807597536836,0.11582226104442905,0.07705807225769754,0.007011678345988248,-0.01252957152082811,0.04213867731904847,-0.0470382809943887,-0.026758186590227214,-0.023194104209166677,0.07212355037255387,0.11763392133925019,-0.07887069736280855,0.0025348200456785965,-0.043804664774729135,-0.020690852434662545,0.0681494631264528,0.07203038632332227,0.07878270372938001,0.04137051542789523,1
45,finance,0.08897693057161606,0.012198991645411586,0.0030951753478854196,-0.09879011686473928,-0.025877420709555458,0.1173209197459379,0.07643961745983828,-0.05945421116022011,-0.10513705979826174,-0.17480255925606644,0.00301304123580096,0.19970345702517642,0.04764107496294504,-0.18445535985113748,-0.07796079827114964,-0.012892134728228583,-0.018738708539166555,-0.17806547115981944,0.03406286670774226,0.03864459085692827,0.009105258071797183,0.019515141193003172,-0.055694838623926025,0.011503426897968221,-0.03941946281515917,-0.1962983168991786,-0.09003716105196906,0.06889091207120017,0.057096354313060656,0.09267189449070308,0.03988719846313581,-0.07774762103991337,-0.111221869994001,0.11169268995553161,-0.016783053247430606,0.03837736979414098,0.10923198781854601,-0.13477449646950904,-0.14352907445091956,0.11274265388692646,-0.01270196200283347,-0.019226989256095273,-0.1062670765300968,0.09467484332954096,0.06038668048461342,-0.0069766149287428456,-0.0869627513118759,0.008290034102754397,0.005931007004711488,-0.014403307105662604,1
46,finance,0.06885430451360149,-0.058398528473945444,0.0495405169939717,-0.09273198116504179,0.022054761433170342,-0.02324220160345483,-0.019709559015688844,-0.009724754798685214,0.0034774947057263934,-0.03389487580720606,-0.13643351081872043,0.03738926649244884,-0.010375419433819307,0.07633125322536702,0.18583200370242223,-0.021328973504078964,0.09791006031811324,-0.04645187941557622,-0.03260531528579196,0.019782253004726306,0.01670168500816837,0.04309435176923985,-0.09001737284480046,0.09617775187185662,0.004741466468750624,-0.03414989357809499,-0.08495633661797945,0.006069114134768331,0.0361854543667763,-0.08269018303174103,0.0619234579315454,0.06929854961503551,-0.0483773994908083,-0.08081817634523163,0.0022482169831875712,-0.14419088844698785,-0.028218160638124632,-0.018466795968037984,-0.10440150321188008,0.04757153117589875,-0.06026424759809384,0.03464660666535995,-0.015277484739629213,0.17545664647291762,0.056564938846921604,-0.04505143001811645,0.06793933496586518,-0.15885244378324895,0.2536738268764536,-0.0024814235744158196,1
47,finance,0.06205708287491986,-0.008812201820069511,0.05433804847528847,-0.18560752843498612,-0.01287097363198263,0.10046337486874242,0.14239341633850144,-0.011962213402873496,-0.019479035866911347,0.23998657273617957,-0.14958819358619355,0.04683394325430458,0.06691284414963801,-0.06971660912929112,-0.03690038002237041,-0.01227789509903455,-0.12015611688502877,-0.03549845797342254,0.030705061583349028,0.025670422697063718,-0.03701086060890957,-0.045718834470680245,0.003673542007001344,-0.13642006167420268,0.02401784561439325,-0.05155046809832219,-0.07083191729083921,0.04670047619094213,0.011909882888654941,0.08414578402363337,0.02241440894664701,-0.019310870507322664,-0.05584349902463952,-0.0052584263054512165,-0.012458349114787198,-0.013150384973559191,0.03197318054722844,0.06947123322312794,0.034062706215858315,-0.08000136479924619,-0.12613743349188666,-0.12773359919074645,-0.055012960381816564,-0.06807133088653763,-0.0359248068451159,0.04766168631148062,-0.03130894806772422,-0.12998759082544362,-0.00020719855852612744,-0.07531066949985779,1
48,finance,0.06629900569118978,-0.055493853457929836,0.015378354806132623,-0.09734596553405372,-0.07007926655250812,-0.056677106981739354,0.00898875731884727,0.07585858883489975,-0.023163776441380825,0.042330260650421454,-0.044746691217298434,-0.11729943778687638,-0.06359128436874685,-0.04724985284503965,0.0004356034213098889,-0.20585451677901978,0.06943932314993594,-0.05085695540265829,0.05910304202100474,0.12486125376443384,0.0822359556348365,0.006135861016346505,-0.064513172706389,-0.017624384733734934,-0.0007241767962409458,0.08586481709472855,0.07008767749713742,-0.02652774601681256,-0.09320546338186446,-0.012552386720654212,-0.016857361812545726,0.0605437228928358,-0.08216649300207929,-0.0583085081055703,0.05152765525344667,0.10494606616922598,-0.1000268267314136,0.02838648161268874,0.04737229475610654,0.009751194125292626,0.003536544713820839,0.011622356153811617,-0.1393131205404839,-0.15980569459370036,-0.005294256401990819,0.041744246646350826,0.10696569830314803,-0.016330086608183015,0.10225383140642175,-0.12585053271552782,1
49,finance,0.07869528539536999,-0.05811261090429753,0.0329205138894405,-0.13574938660923605,-0.011374718453146712,-0.018167779081925222,0.05818073887723086,0.02971533077312595,0.02791554461328601,-0.06898949565891714,0.10846046466288416,-0.03767486386156235,-0.06895176900648643,0.07914135884712449,-0.017401463238490924,-0.13230671203050853,-0.12197411045917238,-0.06147700033515274,0.12233321977114958,0.12938268051470966,0.18010944971874646,-0.0232043557074709,-0.10833329803717569,0.05260485932979458,-0.014924314654268503,0.037904519226589314,0.033571589543889516,0.029580053575784363,0.008928932455691454,0.027046425756087178,0.00924754738742674,0.03352776929725386,-0.05287714197973795,-0.05362384088169448,0.06282625944395102,0.021219864147626253,-0.12371835071734474,-0.01985683449133115,0.06400708703378126,0.01038776831945929,-0.07353222925082367,0.14095659028839114,-0.02657577561414096,-0.20912094335787912,-0.04107528328985242,-0.007656259755463299,0.05860562929032229,-0.05543271638375078,0.11787234676110923,0.0050352161700889225,1
50,finance,0.03601327864451407,-0.010623453120791071,-0.017829046255936638,-0.1270979166467154,-0.07556045674613346,-0.014324126139344353,-0.02102763502047834,0.016117825917451725,-0.10416582666933058,0.1039873609014145,0.112775483598482,-0.07326114403292927,-0.07938298635234156,-0.10208019622452444,-0.031188649835279313,-0.10397423678544201,0.14477673545995684,0.06222596417103166,-0.022247697832765558,0.04350167031257921,0.0755498132953109,-0.038836658710364076,-0.049254730159554026,-0.026173191690642018,-0.002240517937570396,0.05469212035166808,0.06054871650412232,0.0810938415333013,-0.053229626274201476,-0.02712714381672296,0.015667950292375714,0.007370514102512389,-0.02964107209402578,-0.061484145043396166,0.02885963314963617,0.11070691721385016,-0.0723713613668491,0.045857059885024115,-0.05069483912808743,0.07171714953376587,-0.005867863802963028,0.0028516872631834706,0.002454868158383351,0.0026950012307053782,0.0037752502776110183,0.10891434490360308,0.012145865738760954,0.06448741933172927,-0.0499962717354359,-0.21826035199774194,1
51,finance,0.12947887768180658,0.012866816714387653,0.021516843713827543,-0.16054396112972283,-0.06658850971351052,0.11577683710769733,-0.049258781243757314,-0.08011472242206763,-0.1241211808675324,0.07220437575980496,0.0426067908192177,-0.0697248510744483,0.061400834055414306,-0.01045587692619059,-0.14311136965167218,-0.08260017243648517,0.06725754235690971,-0.1272424130473532,-0.10874519482886778,-0.007707947222425109,0.1629096646942991,-0.06342016989925854,-0.032861587408823,-0.04383808565185346,-0.036880043466571505,-0.06634570053176463,-0.052565307424060397,0.04146666775632676,0.03476098134435944,-0.04402207889649776,-0.04487315022724496,-0.027280023991908393,0.05959101461484611,-0.04913287026250835,0.03951789415037706,-0.028117317735381713,0.02945670064874609,0.10034961258478356,-0.030520845011886382,-0.09794153671025717,0.007769196939214432,-0.0559286443781662,0.031393522402732355,-0.031940828487100295,-0.03255457467715491,0.05285087173730286,0.06626115336126374,-0.07642250515979553,-0.04284501654010164,-0.19691572332523652,1
52,finance,0.0984699701829179,-0.03209603506700733,-0.04501685708530423,-0.035887623726824955,-0.028216127375421833,-0.10611095981686613,0.06679954082627694,-0.018276866053856703,0.07575529854154486,-0.01649949185338608,0.06097106375663018,-0.0754067722998622,-0.03127325913166854,-0.09993135860718784,0.009561150965331663,-0.08517789415137389,0.039047090231482,0.12286271969131612,0.005297910001137149,0.18693946245130744,0.08959065636908137,-0.022735492277226238,0.04099330054614924,0.022844976088639096,-0.047618501254434155,0.07302141590975614,0.06364192037802012,-0.01005626101450024,0.04720168045543065,-0.019506103036727583,-0.03247080598917497,-0.035183464286259875,-0.03497272915982071,-0.2544611035100155,0.029223926618620354,0.13577360400606045,0.056250427692527256,0.02252223396574651,0.08190700274391083,-0.02006006543609149,0.07828887835712345,-0.14019367090638848,0.10658468989837062,0.05102932888681547,-0.015163683584968137,-0.04564746212955292,-0.05208437194384599,-0.03285111231917018,-0.0783778050715098,0.06405457250916964,1
53,finance,0.12400770720876363,0.0065561353581691266,-0.0025854700514440455,-0.16528018749306303,-0.06391009370417929,0.04013448744967783,0.02039955075523966,-0.093044470224868,-0.07069763627009522,-0.014472296801947837,-0.00859130824956644,-0.11171292286390269,-0.02422606135517025,-0.1663742362455902,-0.042248973357974895,-0.1587993638472358,0.03438826074619018,-0.07392590702295547,-0.07256859697769401,0.0720766216861292,-0.06166976390378472,-0.002406141585512614,0.01249008178181565,-0.04094833138510171,-0.07215053827939788,-0.09171324290345233,-0.14704357757092668,-0.040462920852522434,-0.0713071078778376,0.0020894989484540427,-0.0059378584832367794,0.06418949192469516,-0.03782945908650847,0.039405514500976416,0.13455657162263038,-0.0166363603197317,-0.06195164548989781,0.06583357885762166,0.0966229400387774,-0.030602340418137836,-0.07888870352754877,-0.0024454787237799657,-0.1391557687842263,0.003608690174949222,0.033512143307411535,0.039966746504216485,0.03956647204015754,0.004183686345007945,0.07805565899643162,-0.11471797027477543,1
54,finance,0.12003176937833042,-0.05546878350665006,0.03335505332894529,-0.0904367217304265,0.08297023292503286,-0.19147795396606798,0.24063421506289945,-0.003192331792744575,0.24532579506833813,-0.16999692855224433,0.07038752537576713,-0.2690042194686637,0.03615505680327483,-0.04683905810770012,0.13051610072365394,0.05188333977229457,0.31285601325167894,-0.07413980573273803,-0.02041105088293397,-0.12381437413611812,-0.06947914175166953,0.19096276553229014,0.09215402170295131,0.01305506928527981,0.0824600298518752,-0.11864879881923221,-0.05157861902125741,-0.07844822895121223,-0.16773692320752787,0.06426808156727969,-0.05236387648211833,-0.08250344972563924,0.00017803819751691693,0.022426548330871952,0.023410193353927286,-0.0026323316533677014,-0.03477714398162664,0.06268739968227094,-0.03390879366727608,-0.11580732489661169,-0.06719322339982163,4.755990381422551e-06,-0.02699986677657597,0.03450966365133613,-0.0616959125812767,0.053885646916479235,0.04528458450282117,0.04122396473682151,0.029226772360928334,0.047167582805984175,1
55,finance,0.061473973606726344,-0.015542643307017307,0.0049685144438652885,-0.0887442060038274,-0.018566659363504167,0.0389267714570343,-0.012149771853663094,-0.024675774751957463,-0.03637716603749197,-0.10309047810236513,-0.004266776732190023,0.2808204244399392,-0.09668062752587775,0.06909074882188636,-0.10979503750833415,-0.3393784008575119,-0.1127474093739737,0.3288259900953658,-0.023589836398238764,-0.328950087772217,-0.031285591083983315,0.3562177548402165,0.00596784287450717,0.19429602183434516,0.07862361169114084,-0.05898416097949634,0.02480507982550942,0.048358352740806576,-0.005954552860044743,-0.09387618816587696,0.08728014890612083,-0.017058524172544817,0.007204110309937441,0.024297555632170346,0.03652852522434088,0.06103910277551511,-0.013406464669017645,0.07484938011845617,0.07168298592894165,-0.06341569156495437,-0.013122590661393863,-0.09092595711186352,0.0010218899821864797,0.0045754725361495455,0.0011090802784275977,0.028053358851207636,-0.008121177742446643,-0.015160903714315105,-0.006698844943969151,-0.02081783099674237,1
56,finance,0.044106000142696666,-0.09259739270904054,0.09951268578413543,-0.0825674897219053,0.05947380703791458,-0.05403938787643769,0.14965355200065847,0.05602815544109739,0.173571957909671,0.04521013125635539,-0.038690558161843386,-0.05696018568129445,-0.0057814684114974035,0.03979356648284318,0.012822446320866224,0.11972037417857502,-0.02768983366044177,-0.009167061389763368,0.0386370125580626,-0.03630953081797209,0.06717833849069538,0.035998372705391926,-0.15252110013168516,0.1383288294451567,-0.08279970039815453,0.0025985658301851027,0.15162984939267932,0.021204392733065437,0.006066078425844399,-0.09838473557206456,0.06009471446008956,0.03639190065677604,0.017897354578073874,0.10010084625637587,0.07031499496895174,-0.09615048234568277,0.05845129286257864,0.0036280171251146607,-0.09569890399227644,0.2038937347464707,0.027833354341726,0.009989379584704692,-0.18097709990019387,-0.20971457738197752,0.0009615760004555354,0.10067486709684546,0.124733821471691,0.050961593244433064,0.2516117214527771,-0.04198499129718827,1
57,finance,0.05196907581279371,-0.11645501418069859,0.08193095034797666,-0.15927264747296455,0.11791115625410674,-0.07289715481568546,0.3422387217514573,0.10184554492732645,0.23356457729879526,0.2426584141766464,-0.10329447795564924,-0.06280913565872037,0.009141635366124765,0.025640897425615244,0.0014118290075042805,0.14301152334022213,-0.04876335225708426,0.03710990088780103,0.15162668902393645,-0.025249088972948627,-0.07223296185971578,0.03868085549493524,-0.11510314084907206,0.2630763462365279,-0.11950251646752987,0.055297166618191236,0.05496073141225698,0.022994388480859638,0.039773813350334426,-0.14463674846497968,0.1152910817395757,-0.015726314054083288,0.02796020563798675,0.2006690722155499,0.11776816830161975,0.04489356974719417,0.05919775114631228,-0.02642637796937841,0.01980466412677559,0.0788762137956063,0.03581544971778931,0.03966693344370137,-0.11904759569124732,-0.048976746258069664,0.08050440614147628,0.054445741264095966,0.035787878243815296,-0.06632836631935592,-0.11058992227882099,0.026058695971639862,1
58,finance,0.05465754610081988,-0.009164695752983615,0.037811981824612484,-0.10873599384464445,0.024624543173400328,0.0948129835663896,0.01906561865201975,-0.017735109078372415,0.011736525787921653,-0.06851746746790531,-0.02433731988798895,0.09147759206691641,0.0332319430777129,-0.090145573566995,-0.012844835797395303,0.044382814262436274,-0.05998971918742716,-0.038647640361627204,-0.006661941558907472,-0.06828972606717534,0.02386438212716071,0.05658897850043482,-0.06621992744755086,-0.09614857574458328,-0.13758839387391816,-0.19520049616564344,-0.06365545791216766,0.04098960101450016,0.03615787352766134,0.07371224317781977,-0.09505460931194033,0.07464423735635355,-0.23089202462349526,-0.04456770764454675,0.1469910006817487,-0.009784517292986648,-0.05539548797444538,-0.0007769039724483074,0.12772889334920579,0.19702693316625142,-0.28216339041303784,0.1075886290185992,-0.11474528270006774,0.02813251138727428,-0.030754303914585873,-0.04153870276348217,-0.01754129597528946,0.15798742400114144,-0.03436141860139242,0.0037286134510543917,1
59,finance,0.08908713420431084,-0.10746191304414394,0.06520828489860962,-0.11137415897118859,0.08050080621606646,-0.08829647994331101,0.20404608990158205,0.04729383845249476,0.16175162391985495,-0.18366737564971863,-0.014307413566437291,-0.12904684180172776,-0.015766810631666642,-0.03272050553017287,0.12131160918045848,0.17089721183960474,0.25186596147533846,-0.02419721671951377,-0.0377866162376509,-0.16138516827039912,-0.054049642524819634,0.06398028566908211,0.04215108226853494,-0.006538362890116346,0.029572629759242984,-0.006047965212688399,-0.08910927214514966,-0.12651404514221304,-0.05841522009437638,0.028047007125590866,-0.016429378015720544,-0.020834366208347537,0.030503711777983562,0.07614658289749654,-0.02945243873481653,-0.05210741114383561,-0.1647236432679421,0.22635453178968323,0.03785777986939342,-0.035507883725029554,0.04366293809911956,-0.052671773800282956,-0.003296844743070557,0.04580981473826226,0.020893668107548672,0.006173655229711105,0.058012057162869016,-0.10542572227627207,0.009447753633261353,0.01006761736531872,1
60,finance,0.16097190102918843,-0.10217500192251446,0.0719970295695987,-0.21599145096034578,0.032428792238464677,-0.08851322614951738,0.36230323848185,0.03546388736213655,0.24124555421140845,0.2695471103904861,-0.13206674420887735,-0.13366813904774955,-0.10735931098875585,-0.12308911683340659,-0.013680505682762642,-0.0499906101470931,0.0373282347140481,-0.0035826018495029683,0.08522862359302455,0.0018746748717611117,-0.02059372627165083,-0.009326635617721438,-0.03035411068233394,0.08668377620919031,-0.024020710552821532,-0.013678955526270355,-0.0013123333648819065,-0.008190528065690256,-0.02128116888964408,-0.09825099929705287,-0.038938376374115305,-0.0065870890882230755,0.014027316999094042,-0.03755901005195105,0.01093930594390528,0.043566936379222335,-0.06766471379432468,-0.012811429881431717,0.021156638595630894,-0.08256724834494722,0.04016204081866133,-0.03217996469905045,0.005281588246472845,0.016565508215666297,0.025418933545373085,-0.02584424040866012,-0.02701389044923301,-0.005275187430644293,-0.054240356899103614,0.038106148612777925,1
61,finance,0.012487480378526462,-0.0502338443576819,0.034900503088650475,-0.10534375116912309,0.04161927461607089,0.028673798900504442,0.12845588125989058,0.045556649859744044,0.0058782152520590845,-0.19677690846961587,0.10938233575875196,0.2765256754252814,-0.050977998362391315,0.04052678261083278,-0.007839198930588617,-0.09680773945496952,0.041135158181042575,-0.11964932403011806,0.039111369709718166,0.14835848451692704,0.015166436754044834,-0.1180840325472691,-0.07193805049855595,0.08992276253711211,-0.020759269597194485,0.1467357858278699,0.297376389683735,0.05539229905438432,-0.003608340398430363,0.10901772443051681,0.005439669576267171,-0.05676401516476729,0.1652374010959705,-0.016428812419206174,-0.05710817436517607,0.004091124624512908,-0.01937451225482102,0.03155558112993877,0.08674484667431967,-0.03021790144367715,-0.04284316317730656,0.14243703455858736,0.0944419335478665,-0.030160214192107182,-0.12057398252595017,-0.02037096563357201,-0.06782901751576277,-0.04084975393101773,0.11275249129839959,-0.1351988921905214,1
62,finance,0.07444272428022834,-0.06472589547309451,0.045693613138181904,-0.04030189954893471,0.04631928646514673,0.03684145082583736,0.08184798325689459,0.0030019648358811783,0.016980567964571282,-0.07368220266518709,0.021776492815221614,0.06250939841637917,0.1276976748059411,-0.027461520486213944,0.0055261120827768805,0.053169564194661394,-0.06235364824972838,-0.0122927131065596,-0.018125814321734185,0.008309898336775572,0.051039332389987785,0.059524987231933446,-0.023030020641130026,-0.07595904520077922,-0.14102931362870527,-0.09601300302546066,-0.09908157162214253,-0.08885183662571487,0.18092331699567193,0.07949231817606975,-0.03394504722799196,-0.07224679215609281,-0.09990246361845989,0.05356551910344712,0.02381692550474768,-0.09071056908210715,0.31647955003231887,0.19781143658542932,0.06490524215284962,0.06194995493105189,-0.28626834201410856,-0.10805561118899196,0.10735357480205154,0.06927259678798668,0.04230360479053081,0.25526182492217175,0.07039636497422869,-0.24991932036119685,0.10582212278072574,0.038688256959488174,1
63,finance,0.10343834194898556,-0.0320941704539311,-0.008138633931332082,-0.04881403968533711,-0.04502624508134329,-0.002894729582544969,0.0066043698835786075,-0.04850516063254807,-0.0847208938087095,-0.08907369651183852,0.014737826496219748,0.19008680927818572,0.0008828672113088242,-0.03732905427116949,-0.05331218198904701,-0.17317627778770103,-0.09808943026853524,0.2142791560841428,0.00037068511428739795,-0.12338189679994489,0.03169102976728611,0.15485076864954972,0.1030644851462007,0.0793538577888909,0.14497045250107574,0.032996394653358664,-0.07965902250206454,-0.020661817268358775,-0.021807313909614177,-0.11774781038075581,0.030229451116012423,0.010589897313006788,-0.04637384703583042,0.07093339957734184,-0.09334960746048077,0.06873054542089899,-0.0418115395346899,-0.003433960545477912,0.08576193959915246,0.015767974991859248,-0.002314382412314673,-0.06410951268411286,0.1056890736972523,-0.049008993195168986,0.09474826310600186,0.021599432255049317,0.0013851434293863402,-0.08005029580208486,0.050236872248419516,-0.03961080051038092,1
64,finance,0.13854714876040833,0.002990128432036074,-0.03835204477326293,-0.010682235682006677,-0.07221180988218504,0.10791960298047487,-0.012310846156246665,-0.08638721133844102,-0.11753920284384589,-0.05420972660034779,0.038566669055904855,0.05684366030211236,0.05451458043860016,-0.16084707142242727,-0.12824413044577637,-0.07998982411895696,-0.05126983865771725,-0.13132738724003704,-0.007717066728016001,0.10366833395862589,0.027828924896347567,0.0950564056179834,-0.08679752397556939,0.05685681706875583,-0.07384034897129728,-0.08025126160675973,-0.12826171278702098,-0.04064271071385384,0.0921929766798371,-0.010247895242927652,-0.03343963672262667,0.051588266527316774,-0.025841197662476223,0.07274056955438887,0.04297711636440628,0.01610780846560275,0.18414441756508668,-0.10728450560462385,-0.05877369341524719,-0.0006639006446773384,-0.026307980291006748,-0.04273099665551499,0.09980576279940924,0.24809289204454843,0.024237585566797365,0.016532182863392253,-0.037820194221455175,-0.020875924373015314,0.059509382645557184,0.011740644295530034,1
65,finance,0.1164104009354097,-0.07765737897826386,0.02816192070664785,-0.2077551646372286,-0.0699136433263659,-0.08530986765322725,0.019903188231613942,-0.1168058317344184,-0.17456374467350505,-0.21200910355023989,0.03800474319959976,-0.35049710006944,-0.16633464518862537,0.4533155516410132,-0.36842854747800813,0.08121518030637159,-0.11500181021613527,0.02389397216527695,0.00314481099550001,-0.00912531842528231,-0.21076619263116592,-0.07051134573533949,0.04341759578325707,-0.08542156994657674,-0.0072582851658608205,-0.06729572634883065,0.06913216496230891,0.11711494564207303,0.0587434235957393,-0.055417289557142285,0.06741985452728055,-0.039661372110845715,-0.006850689839136232,-0.023438439538545148,-0.05813963658168407,-0.0012151459775091682,0.03176954221293898,-8.191378061909145e-05,-0.05694847592528337,-0.050043880975574107,-0.03886428359020533,-0.02485396422120238,-0.017564305794445605,0.04869918771279977,0.034822980660614566,0.007817340808747115,-0.026212597889214855,-0.0067352467722890386,0.03181945571842472,0.006057848168153587,1
66,finance,0.09455448103905649,-0.015521904674859368,-0.015847895638634306,-0.13950520548596007,-0.04614508744476639,-0.04270305903077995,0.08198007419458683,-0.03934969642460848,-0.09690766338961805,-0.11260075932689816,0.049222261986209714,-0.14003268798298796,0.014907683302771675,-0.20081636895613975,0.00563735845701982,0.0830093373617396,0.08850963954151579,0.11264473922108886,-0.07481779009747329,-0.11300483867160904,-0.06715920859972499,-0.014164619201065846,0.010799486618286178,0.004161183031523261,0.011290258613985448,0.06105315488513861,-0.08623259360867926,-0.057586383439799355,-0.006423350385938613,-0.032305449903177956,-0.09787769537702375,-0.008847208205299011,-0.09536473581619848,0.14074800978397728,-0.15288955121833792,0.00852386501976932,-0.19426441685783544,0.10953735326925115,0.03507846765771043,-0.08338386074451058,0.010502231433652254,0.1275108161849742,0.004089072344916223,-0.044105026441826144,-0.09231169220896253,-0.20323816507443546,-0.020626796647693943,-0.014875535461903058,0.10606169463780607,-0.12479893345664364,1
67,finance,0.15475760570601313,-0.07272461926495791,-0.03486551974778893,0.11817402669583377,-0.0685667455009094,-0.16874566367516788,-0.18133684799941427,-0.009899483985656519,0.07504476847206867,0.026740814631677472,-0.06259308071770052,0.08077276916927237,0.06317283833432664,-0.07120930727090267,-0.1652426347517144,0.03901746021793647,-0.04487462561436404,-0.005328204322161092,0.0021252600964961343,0.09770469892352389,0.025299117375441896,-0.023744344252785245,0.03135152893890744,0.0947741181844897,-0.06815294267134187,0.07117561077623663,-0.06638322799384372,-0.07184677713264272,0.047592771200270376,-0.007434644643701472,-0.06559799249095558,-0.005417811364896248,-0.08283533210100477,-0.06390818444069928,-0.04277664285149713,0.10359583736195446,0.06178267902768833,0.012442734119299189,-0.023051780409496497,-0.11389819313542641,0.029931380523493385,-0.004504113209697748,-0.16734499299429334,-0.022265179908322205,0.034228019791540186,-0.10212106640046881,-0.028693567685276197,-0.08169513235327337,-0.11308351531986999,0.011556777008392314,1
68,finance,0.2737688516162241,-0.1735317669950343,-0.003987089460568142,0.10630323707651237,-0.07909264785545066,-0.3616603752726591,-0.27182231421921343,0.00673812816387973,0.17139002170200535,0.08423052083609044,-0.0753870324291413,0.06098122010505689,-0.2094818840999243,-0.02263577530565249,-0.12339085740454978,-0.0038676556301551366,0.06708583612733865,-0.05407725279523895,-0.08882867034505927,-0.026518155390392407,-0.05847522503048867,-0.11996479373915005,0.07303684417843792,-0.16311935841913835,-0.014266487126032365,-0.002466783657070391,0.09067290574138746,-0.01871505928364373,-0.08188931899507827,0.1254956161198102,-0.03131638320345326,-0.11175871022635919,0.023233025497491455,0.2561174145239313,0.16512006331699094,0.0863664965807151,-0.07013340680618557,-0.13959658701475336,0.2755288764659481,0.09984615329765487,0.005142041778428278,-0.11274569791547566,0.014948507255786973,0.08529673174729867,-0.041810589277121994,0.0310163676485863,-0.060127594888475314,-0.004412557654463382,0.1194300536557037,0.06534379192523893,1
69,finance,0.06213486139329252,-0.04595155265374012,0.0375916294974879,-0.13884301536663488,-0.01562250108391546,0.036731536238200864,-0.11187092658492208,0.13925916629014548,-0.12770146414771477,0.33603214572931994,0.32673439279208544,0.062435988733265724,0.1773913625639266,0.19168711556473023,-0.08430618661768408,0.0037431462822421083,0.4277019881964678,-0.004989640377267413,-0.2097759113791045,-0.21574440547989518,0.20838635854615772,-0.11591495108261823,0.005670042760694061,0.009344632460217604,0.0076400733287173995,0.0713200437312593,-0.022840937329552745,0.018514835317636324,0.1608872636553067,-0.09255019892771064,0.013459104384984596,-0.0029526205748195127,0.003343925903423104,0.06603673873096867,-0.048555149341525064,0.07859080371182693,0.044263183885436305,-0.013522744243391817,0.0017143475464364182,-0.04400204389344379,-0.030237533385034997,-0.0434181495209451,-0.1119552993663911,-0.047318676269939755,0.028277310586190773,0.03444358333417548,-0.1187796554773297,0.03565471812728691,0.046436430522019595,0.017442239198044964,1
70,finance,0.04554618040890126,-0.02691710020579749,0.02939667714979535,-0.13871651845832397,-0.010831245875748897,0.06637297963078388,0.009150748657084706,-0.027827484870178554,-0.051650295505201144,-0.03620295888884335,0.003416065009085633,0.14127986595316336,-0.05188619128189197,0.03246685197898864,-0.042387292947085965,-0.14216833414080418,-0.052584222206278404,-0.0493027626217901,-0.016086186357312588,0.0070942650709986685,0.012446982480980456,0.026155072778025493,-0.023930756201991615,0.02929567483801483,-0.046143147670176125,-0.07564277546887085,0.05185651396254242,-0.00343271036589328,-0.02877171778202346,0.11335347762248457,-0.08013288685882836,-0.10141373256135468,0.0873424634527386,0.031741733418804464,0.004616702392413412,-0.09848834919545486,0.09255579320814321,0.034434169396588145,0.03331421702688584,0.07378096563651325,0.07418953671317349,0.0961289811466933,-0.14234947111461918,-0.09257360967774743,-0.032563021668152586,0.005367379152578715,0.14488203013263884,0.26005762012925765,0.0372180986317761,0.08844451379716918,1
71,finance,0.12002662960290687,0.02146801718174197,-0.07239262247309873,-0.06781415267915773,-0.1024143962711842,-0.06877090004327954,-0.03636560135100369,-0.03737923732628264,-0.19301233885480712,-0.05001022073380929,0.13577117357916887,-0.10956035930246212,-0.002521659204829424,-0.24645848296635545,0.1780673061733193,-0.09747018140014449,-0.08151201131972592,0.2112837182634652,-0.10699042838854343,-0.08031104736130186,-0.16865012976620866,-0.11123500619753329,0.05257562801387902,-0.04753423714645019,-0.04928471843438095,0.0797389791276555,0.1002103048973332,0.05009481090564473,0.026146126587164514,-0.013011399446481107,-0.016842218030871964,0.037096049448159515,-0.010266848538533522,0.12582500218380285,-0.0534804884047444,0.06374401493744619,0.03415704751188989,-0.05645577698211916,-0.010765303099400906,-0.07515444070005002,0.026464634715442935,0.1283512589482792,-0.004510207226940732,-0.03985500264937157,0.010681554085259592,0.03509073317355867,-0.004442420545937332,-0.03598054091391585,-0.004128677671752023,0.0664908796996157,1
72,finance,0.04458051376310055,-0.039920760381456,0.006122311197822388,-0.11242660624654392,-0.03408125407572958,0.002630130298475232,-0.1791607485609231,0.16499619075231847,-0.058030655515662305,0.18783627574572495,0.40888303977610396,0.011597663034188759,0.20777604196545105,0.13167752599630705,0.2571132610390054,-0.011196966461764376,-0.11061802796899894,-0.15558198696877942,0.12781758878574193,0.011047104449654902,-0.2918273270166023,0.11056147410146863,-0.030886557533125615,0.025082914168505197,0.018083530447384054,-0.11401293566153103,0.011782199761141414,0.0009971484125484065,-0.10345831670565613,0.035285121849952125,0.12538059253071057,-0.04886128384087867,0.040882208878728704,-0.07030649643990647,0.0032528779743760225,-0.06761349477953332,-0.14144508966548222,0.03357617045863592,-0.018525168857159522,0.15375272881275218,0.03153128930566815,-0.12273497924772357,0.02258280346540745,0.07556499583843379,0.04606458730695873,-0.13100575217992141,-0.043358868101750436,-0.016097104749607828,-0.007664630026192073,-0.04040503889831649,1
73,finance,0.0601471412965546,-0.02680956828895426,0.014959889405858403,-0.13198231857436285,-0.03673787434518851,-0.0038007053882260873,-0.17193350227973944,0.12301445513520397,-0.053771859098134575,0.22905259158859967,0.4453549916670256,0.014962008025646636,0.23266041136810053,0.14992698673245236,0.2454982071364002,-0.021800415570898415,-0.09093426761834197,-0.16951125949875792,0.11763884100510909,-0.024593795665831086,-0.2643568605928341,0.09757499743188122,-0.033506397934424094,0.02856980973428178,0.014790506634165933,-0.09585938195143454,0.0013714666188423877,-0.0039026533048504924,-0.07387837334204612,0.018013414275402678,0.10898521417031928,-0.05957183029137591,0.02852608751254179,-0.057833384934645446,0.020504274435712618,-0.05102776793630715,-0.14672367772386888,0.04387491346282513,-0.026901339899628927,0.1412146849569515,0.0278137299382455,-0.12828325684861583,-0.004666887659386051,0.07964771694694488,0.053675195469433744,-0.10303782995577576,-0.06978065811030934,-0.023007411324571445,0.007876861435813278,-0.06937525197298924,1
74,finance,0.25914454762041017,-0.15296344893105485,-0.018929198055782415,0.12402193103573354,-0.08723499363474839,-0.34929428477780977,-0.26262557096713385,-0.019407380346885876,0.14874706646846844,0.03579615896338574,-0.21669907344373354,0.06416198788638448,-0.18453646940719332,-0.04474897780171207,0.14339907308520586,-0.08328455145306707,0.10575974569118807,-0.08743041524514004,-0.033857202590170735,0.010137640532060939,-0.03514011610442378,-0.04709364814402214,-0.047917842975615334,0.06751113493912095,0.030118432810924134,0.013833348442449668,-0.054940734781573936,0.05947982580252708,0.012764342852977886,-0.11212999715326763,0.10956289445425094,0.1027812436633327,0.039880957664420166,-0.12051746347933086,-0.095344381901776,-0.0641338950844833,0.010079268794079247,-0.023279213395763537,-0.20328129827382058,0.061470348949248355,-0.10471011660277149,0.014875647853658996,0.027023918414718788,0.1441564073951695,0.0563448517872615,-0.0058794041115669575,-0.03192920127801886,-0.038892915570353515,0.13523115992591522,-0.05984877585676449,1
75,finance,0.005117726552054176,-0.053682837395983125,0.05415099858370002,-0.0371461058065561,0.07013840685083184,0.005734426733944532,0.030706988243447936,0.02530416596564653,0.05084419629807598,-0.02071856157720061,0.004691679795126365,0.043719453411937746,0.0228199154743481,0.05825154654078018,0.028283340049062085,0.041386785994576764,-5.0880009470279115e-05,0.007017495029994984,-0.038882877776918415,-0.02140597903909592,0.00967031007840159,0.005993695384603447,-0.015164014205548174,-0.009464157322531974,-0.0026689729404249084,-0.008448577348044455,0.007555108926884334,-0.016807595765994755,0.010493714558606055,0.012220931896619753,0.003896524978606247,-0.012658692142602453,-0.007526316093582976,0.005003236069502293,0.01618959122829568,-0.04104793424395947,0.01223253059872753,0.019945825775151374,-0.007928416075585967,0.020476441109637044,-0.000266426482517994,0.010056673835603793,0.01097658786991815,0.007445351043453367,-0.017960791394153994,0.003174408117192379,0.024160090504134913,0.007649886690097249,0.01934141185242529,0.011960341369099979,1
76,finance,0.25391188080466065,-0.13101869666055463,0.02430200684466901,0.07430300877560922,-0.04604315658958963,-0.18007412548547236,-0.23138766856430376,-0.01302757716877529,0.0908852066713011,0.06454040478001404,-0.0608841673514003,0.1423261801960331,-0.029273713142686387,-0.010173663079858246,-0.12564476905526822,0.010170500418757658,-0.09924531413693961,-0.08475513377386454,-0.04990472095502406,-0.0561794251198997,-0.05511367743865202,-0.060083586567664125,-0.043893642502634084,-0.07341006372208886,0.02458014398770769,-0.05416679540767227,-0.0677653524197951,-0.0019213194455006452,0.09596557237825017,-0.01994170091226959,-0.09646469395571963,-0.005194112778605191,-0.021546194483588542,0.08139324960788641,-0.07603379568443691,-0.1531470513583139,0.044605254020560085,0.09817339776152116,-0.06502809630649908,-0.042761984834429397,0.06967692494866538,0.10182667986511042,0.012481039636696,-0.13920482213151442,-0.0019170462928370352,-0.03299775444925669,0.16880425710895375,-0.06417650269092752,-0.28045014488336256,-0.032336181114660474,1
77,finance,0.23234496208786823,-0.08813701053018656,-0.028151779659129076,0.13293877049287656,-0.06925925249367465,-0.13818046644844098,-0.20061665504037213,0.025102013416278574,0.01263894629135579,0.0975460608346962,0.14977907515177788,0.04829344778776314,0.17927195434254498,0.02445723465980681,0.014590418211568168,0.07440192455206425,-0.1526606631926877,-0.028166284384059683,0.0960956333185777,0.03053549621911861,-0.061406122771094654,0.06791787849619955,0.05088867130887742,0.05608001310642117,-0.02923202164179827,0.056520013731746796,0.017760057895164126,-0.04760957959984016,0.015754887192826243,0.06268700440823222,-0.0884542090437164,-0.022870213107759694,0.0076946334553005934,-0.12075591907410832,-0.050925827213891564,0.049201191876391506,0.0417785760580297,0.1547649377844025,0.048260101004792395,-0.09958073162981737,0.04581532403725365,-0.022300099903328704,-0.08765363015828741,-0.11789035925068075,0.06973878026705702,-0.04372771197117418,0.0639586674353059,-0.07408404170617619,0.03344398963374769,0.07073932649888426,1
78,finance,0.005117726552054176,-0.053682837395983125,0.05415099858370002,-0.0371461058065561,0.07013840685083184,0.005734426733944532,0.030706988243447936,0.02530416596564653,0.05084419629807598,-0.02071856157720061,0.004691679795126365,0.043719453411937746,0.0228199154743481,0.05825154654078018,0.028283340049062085,0.041386785994576764,-5.0880009470279115e-05,0.007017495029994984,-0.038882877776918415,-0.02140597903909592,0.00967031007840159,0.005993695384603447,-0.015164014205548174,-0.009464157322531974,-0.0026689729404249084,-0.008448577348044455,0.007555108926884334,-0.016807595765994755,0.010493714558606055,0.012220931896619753,0.003896524978606247,-0.012658692142602453,-0.007526316093582976,0.005003236069502293,0.01618959122829568,-0.04104793424395947,0.01223253059872753,0.019945825775151374,-0.007928416075585967,0.020476441109637044,-0.000266426482517994,0.010056673835603793,0.01097658786991815,0.007445351043453367,-0.017960791394153994,0.003174408117192379,0.024160090504134913,0.007649886690097249,0.01934141185242529,0.011960341369099979,1
79,finance,0.04172676526706966,0.033113523266002205,0.025503150435083298,-0.16113254186438636,-0.01612194159243702,0.08045045756107846,-0.03289880452622328,-0.04120442971367198,-0.1283499727326586,0.043758979419120964,0.10133783570903829,-0.04864718835686639,-0.0730241858833846,0.011328526624091917,-0.12586846508752073,-0.08690171120267788,0.08893193388792346,-0.1156172972614633,-0.027905841985798253,0.05824465771063642,0.05408137347719932,0.02085491773931898,-0.07697387702316227,-0.09634588155488522,-0.024036376526734796,-0.006367906087896144,-0.016820055736615987,0.041514025801816845,-0.10235739472177596,-0.045665176226144286,0.03315943264654047,0.054650431531436706,-0.05901939473937795,0.050455104964642394,0.1644631930640031,0.1041067150180319,-0.06453805844345283,0.010552337256945125,-0.08332182608750392,-0.02369802328785848,0.02366445228668887,0.03290452863330468,0.0504348534111636,0.11018570424353014,-0.028694369322409638,0.18055019866384764,0.23697239877425957,0.06846170320776149,-0.16789665467721568,-0.23331761482413046,1
80,finance,0.25235245923323596,-0.16482344768392765,-0.005661205369131284,0.10697928067585719,-0.06226491890628447,-0.26698640392727574,-0.25807196992911,-0.011791356198128834,0.17845446639895393,0.002204346621787393,-0.09483821474884008,0.1287626609188987,-0.06533559917181725,-0.020029716383992483,-0.11670450488088623,0.04232200117903044,-0.03533589538594462,-0.0731024247391771,-0.006948437875882141,-0.016354318574370245,-0.032725601137337496,-0.031085035165404066,-0.01352023042824089,-0.06258957792757425,0.01754384527774383,-0.021436279088203,-0.10523817835888866,-0.04948545659077744,0.06319341703267622,-0.019782770591794396,-0.05815006361911994,0.025759152364498324,-0.02796327283602763,0.10502640635502711,-0.11288847838266346,-0.10493129551080357,0.04667236596096097,0.07952814092288613,-0.015821127769208406,-0.004639913817165598,0.09722804132411557,0.06255421053160604,0.04113336151116709,-0.1701108715598687,-0.007379659338490942,0.006968786301126011,0.05307922779455239,0.0036442973606820275,-0.18953364350839363,-0.06502918416525676,1
81,finance,0.09741239750959724,-0.017583021084934272,0.018520239476209063,-0.2090243747071324,-0.07770436034021816,0.04820135623222121,-0.08480608911256138,-0.14028732697676072,-0.33227632381689426,0.025584801021221428,-0.3679195815152793,0.019777685681287002,0.04158714305909591,0.2284960863966436,0.3433297294566851,-0.06719652817135559,0.1828428854495295,-0.06936024808750268,0.0794276197255749,0.09860318783501981,0.014050046415033832,0.030805201714481593,-0.029546743589390426,0.10855757970646111,-0.04922016016691525,0.008351913979498459,-0.019363375107749426,-0.04350482417614561,0.01613233483212725,0.04873279407119155,-0.05814031135004732,-0.04449283040697303,-0.043068379775058646,0.09232068768323429,0.0759138601078102,-0.0036679089693151504,0.030074209342046368,0.007041944426609439,0.05671502939199118,-0.0999555910463406,0.021266027464236566,-0.04104748150488201,-0.0007119653442116707,-0.025537899733483607,-0.09533827240335127,0.0008539113789691786,0.007147496782015869,0.020713555919810205,-0.09569183702183101,0.01923040812721338,1
82,finance,0.39397686707167934,-0.10600890217668328,0.024761662130276682,0.47959258850013825,0.02055898988095606,0.318883866136389,0.03440694092285137,0.01615654806056699,-0.0700096395736971,0.0097544320470443,0.011177094644174213,0.007955790000369134,0.010152392395575,0.014393749614771018,-0.024615104089409146,0.01363811484940947,-0.017039534731925047,-0.032663852799425054,0.033610019222976704,0.021258998954117425,-0.0379049832681612,0.02285204584154736,0.025816461761073224,0.0020291790166414247,-0.01745816341193876,-0.038910993182458734,-0.02370758567445275,0.025243063178664864,0.046415855365879215,-0.007256575996543548,-0.0056837973997605285,0.0015545319342998825,-0.0341904608528019,0.047482290732829224,-0.004732629129587311,-0.010266300758642261,0.025551141958266747,-0.00047223074513493555,0.010303020882585565,-0.03079527861013606,-0.03157361339339873,0.008165303200233317,-0.03087199140269232,-0.03789151548702567,0.016763106587600943,-0.04434603255516287,-0.023893301552213496,-0.00981939985223831,0.0024615677055828335,-0.013816517050192519,1
83,finance,0.09730225076633985,-0.00774112467793719,0.02161589366597969,-0.2173682451436093,-0.0871018636233747,0.048972458365742905,-0.04774361331295062,-0.14893142469869788,-0.2900201310511535,-0.022450445879157146,-0.2486437759786951,-0.003064846028913756,-0.00653731164282468,0.2628378054007175,0.12616569760125146,-0.05650617519503926,0.05487557886022691,-0.02952975808876384,0.07535162790215198,0.07222393748962588,-0.07632554237026366,0.00137902288961915,0.03469550138120629,-0.002330603686491237,-0.005550156880827411,-0.04892561845011756,0.004502111989106701,0.0047583838667864505,0.004378482032759537,0.049728248985272644,-0.018380208354316602,-0.0400257107988148,-0.04614865656671522,0.053766968451780535,0.03922640791559402,-0.01268733598753451,0.05622052977282761,0.018783168053946413,0.017224490505628375,0.009161375659998111,0.04348171442328887,-0.015598292612426236,-0.026853136011401144,-0.1069733088762005,-0.12728935369285377,-0.03358241296272695,-0.047667847841262635,0.05760564756292675,0.012517836838412483,0.027281135229474666,1
84,finance,0.08024989598721498,-0.05070086111632831,0.01673206723690976,-0.12260111238648831,0.00036884539732167705,-0.07756307219624578,0.15029986943913864,0.03476336907009669,0.009237171549798947,-0.2661049413923259,0.059144634691727926,0.014449959690346827,0.005964991876398309,-0.1455573309288528,-0.013112856762438447,0.13278096885507068,0.20355603103815967,-0.04905328548757976,0.057810737859998275,-0.01849958920301759,-0.09591912607987295,-0.014844814409865395,0.09662597254724042,0.053152452677222524,0.013996868440337736,0.01850016542714497,-0.1560357335066349,-0.012312911818263534,0.02298424043803816,0.01445053170509097,-0.05787996451432399,0.01918543241062351,-0.06809398780091638,-0.004422383190305219,-0.16881771715246396,0.07782442399840209,-0.15164889166476267,-0.003761288168589293,-0.014821247369887165,-0.01973292950178715,-0.05272589646573903,-0.03626315296204658,-0.06050639039054164,-0.030847375870433673,0.18186104884361962,-0.0409742933052057,0.022211022073432483,-0.03150549916902347,-0.058800219120443115,0.14331867255572808,1
85,finance,0.07927801140990691,-0.01893424179930055,0.012265009555637703,-0.10249921568779662,-0.025536517832931687,-0.01991806760104655,0.09360553284031882,-0.06566395784845752,-0.10455900649615797,-0.1210905816152419,0.05056158251494175,-0.12075474565608979,0.018679855868943718,-0.2451072030703957,0.07478427601011207,0.07095444524253743,-0.004317991778084129,0.09598737580868326,-0.11327339973521128,-0.14181289015218793,-0.0920749274429747,0.010041787437239552,-0.02256753132777141,-0.007406005649152143,-0.012554860320939984,-0.0522920832897321,-0.015404658348049225,-0.051474018656838934,-0.04023882411958998,0.04158490563859105,-0.017259555788832773,-0.08891210167027604,-0.04700396010509699,0.17184823007666175,-0.08342674574988988,0.028006479033455496,-0.017453798372065447,0.12722530969539125,-0.024992023580001972,-0.09432823582888995,-0.020919732224386745,0.14503845806972637,-0.03202293863837665,-0.008205541401466602,-0.14919398901869604,-0.2524275554706576,-0.04864223578078444,-0.025163498721396466,0.05210675456472478,-0.07171089164792076,1
86,finance,0.11946339600347783,-0.004226657094598328,-0.00906401612734341,-0.10601766874367738,-0.052789514637926,0.02034927196370356,0.026540411086862288,-0.03354653747939885,-0.030953354546386994,0.03849588413121034,0.06101920589365071,-0.06847347176176306,-0.05454124822830105,-0.08072224017064625,-0.038936561710396674,-0.11032344083928072,0.06848824445254302,0.025200395268580835,-0.023198678746878584,-0.011654418815904464,0.05085333444159046,-0.000639779784582236,0.0011528045262978479,0.04001290949852889,0.03907324547398449,-0.040111340370034144,-0.06653883308030335,0.029545819938790813,0.02029546623892696,-0.08741033494319767,-0.08762024022333673,0.047499094981131924,-0.06836646653827433,-0.05857744052888342,-0.0824570147288282,0.03799785105736601,-0.04033148285713372,-0.03358396317820921,0.0023515962655540137,0.1333373021837696,0.10830801594969414,0.04722185356704708,0.1567268192619115,-0.1581712205994379,-0.040222368053253764,-0.08344481707375224,-0.12609278341920988,0.05293540643480039,0.04783860615555665,0.02661105407933226,1
87,finance,0.2653294782635678,-0.1449675995888086,-0.03618963126829702,0.12221760958666968,-0.09569056986460743,-0.34364899820766487,-0.2691012295398474,-0.0423776246490214,0.12922468660436454,0.03729253560920904,-0.21226019899479487,0.039502721640274095,-0.15031529671940153,-0.05747830791445274,0.136060392191947,-0.07480851196283665,0.10175682738852437,-0.07107094997876612,-0.04162106480348652,0.03274402606683543,-0.03418490010307272,-0.04861558104169175,-0.04650605972808171,0.05440942137949663,0.008177772126875872,0.018202803975444395,-0.040711670562647254,0.05658518027828883,0.018439900843317356,-0.08980827076578196,0.10825463171447217,0.0907281559662611,0.039897872116055465,-0.1393522743818827,-0.08045504664334256,-0.07150663992195602,0.013426242832468589,-0.02754473971470658,-0.19342182706732677,0.06823662728548355,-0.09670095351373184,0.008865194481518514,0.02781834622944743,0.1094887851691601,0.07024392695324887,-0.018158078885936946,-0.02093701696807232,-0.04653739262011054,0.15710585562583892,-0.05576173198215951,1
88,finance,0.06665379198033575,-0.11283266022585789,0.09053162102479026,-0.19050766327794502,0.1137607162480845,-0.06285562450825104,0.3559065360971425,0.09276514236304614,0.24757839543588547,0.29076281515323854,-0.11354383017605002,-0.05603729773795472,-0.01619412964042693,0.03019960735075,-0.014009435976677828,0.14788048469959944,-0.09828979028177316,0.02328883928810398,0.17289477653504293,-0.0024711565217978913,-0.08886767183572464,0.017614628061359588,-0.09326014722349693,0.28062682878767103,-0.11005949865213699,0.04154125284066069,0.04057926185412321,0.04128044710452813,0.057312790027515007,-0.14222590942628094,0.09405930671862706,-0.01193438478987278,0.033486597737105446,0.1611889003515505,0.08746539422265394,0.04394304801335123,0.051149116784746894,-0.0377164788761684,0.023179917922688614,0.06353142939517067,0.010200848162825276,0.05855029917291539,-0.07860974511657846,-0.046696813396578093,0.06902699382710974,0.055979729516577245,0.021143946541398714,-0.022828130246867428,-0.12169893602352455,0.044817048456073656,1
89,finance,0.14393957148217354,-0.09597227685762266,0.012987002040965171,-0.05205650117376568,-0.040281238510491965,-0.1440531501628921,-0.08634843785012167,-0.02772266492217698,-0.013791572198049409,-0.031696106221105184,0.0946739871571011,-0.047738336816539106,0.02292219929034855,0.19850826540192731,-0.07826254944727101,0.02448544606246607,-0.13128946665064414,0.05133491016355396,0.09306881285367849,0.07343203710969146,-0.12579793324555485,0.06579612492078596,-0.034647180954671716,0.05779790554295808,0.0032336721744884328,0.0005203807405048335,-0.05519719100657545,-0.013832916913986254,0.0653236827341504,0.010299756335960385,-0.03948532754804746,0.0357718072388051,-0.11502064188011928,-0.010947866673399467,-0.06434675277141311,0.005707559197988993,0.04022888034103195,0.022893959623528665,0.004425085180783448,0.10994547438818572,0.042682993242223376,0.17509228298373358,0.05794681035597244,-0.15080469520675657,-0.0019057009702634301,-0.15053204730215317,-0.15620460529653293,0.05803040155966526,0.03404810646047488,0.025705079628972966,1
90,finance,0.11762420240253199,-0.04178697064030033,0.014302856335197778,-0.0892022174386393,-0.03389397389415329,-0.06508278711879945,0.07105463193109146,-0.025699392547767177,-0.08494525418489736,-0.053264269379693314,0.11677142673465415,-0.12964044466207025,-0.09147295578420984,-0.2650104114933159,0.2520155698345172,-0.12749019837222808,-0.12190003813151229,0.14254592342102276,-0.1607775579342108,0.005467511953651538,-0.0653611112085409,-0.11252329768994208,-0.05599248206266446,-0.13412601656973622,0.0033691427449194147,0.08489755364012361,0.07606812281898628,-0.044808449202439024,0.07312160693556419,-0.0024290525501318955,0.028067385447743325,-0.033960247461408966,0.058560037840912176,0.07203626625063914,0.0009756741119710174,-0.015190154159461943,0.10676220536030873,-0.01640542425728085,0.016138835605639088,-0.06069675192671216,0.08969375821028337,0.05061447111727594,-0.0786377567515463,-0.03086381381582728,-0.053450568944550046,-0.00927118271570435,-0.002098443566832192,0.0002490167902990619,-0.0066428248293850176,-0.04825232452550516,1
91,finance,0.10044638709993474,-0.07217534028062887,0.028209342963986386,-0.1575938397326928,-0.032944919263244644,-0.05305441956068017,0.038836551766049866,-0.05860831201226225,-0.08464577786368738,-0.14431630439580434,0.0216392813588466,-0.259744606232644,-0.1736764252766933,0.3746562798755323,-0.22222283438154936,0.023231317380486657,-0.11645652017342677,0.06386495265265238,0.013664512140337053,-0.014172264182606023,-0.17828144285781433,-0.0532917657955994,0.012429779152043526,-0.06585131016473768,0.04334123497244882,-0.05652008423855814,0.04401593397466142,0.0634253478971066,0.04568562719781484,0.0015648010516503801,0.06324941159952438,-0.028979877237848208,0.024771539404393562,-0.09217067912681617,-0.04453322962511595,0.006105005603135302,0.0805284088972402,-0.04644777702173153,-0.04488024343469084,0.04108844236370754,-0.07166193305532627,-0.04382260767639078,-0.05030787702206476,-0.01507055494891148,-0.009946911238493839,0.04449906714704686,-0.06695041617921375,-0.020112889773453355,-0.007186641284520695,0.014461743042170846,1
92,finance,0.2590169705674071,-0.16615106117336087,-0.0051570244507749136,0.10300625447713477,-0.07760809978062926,-0.35608405001617227,-0.2612917566116983,0.007890989260042544,0.17062134477818905,0.08407319341737346,-0.07188992224385235,0.05644855503717191,-0.2033639855111076,-0.028615774378889902,-0.12670383212854,-0.007020573844850833,0.07342790295077864,-0.046319522364660186,-0.0904271222178337,-0.019002106771874135,-0.05497566171594931,-0.11418140030684812,0.07426903266247067,-0.16356053451691976,-0.014438615496603763,-0.008318185261796108,0.09436370218077389,-0.008576384167172962,-0.08353634154291192,0.12779995183340417,-0.03138714571235661,-0.11273618738726626,0.02526864794744581,0.25880697359947274,0.17581343959070567,0.09082730761698439,-0.08907863746529046,-0.1416711734202747,0.28439706585680175,0.10221510815514157,0.007820868665134312,-0.11418877266081706,0.020285142906308888,0.08646268043367396,-0.042104867056746785,0.018307171391659802,-0.0484116805199795,-0.0010105180692273144,0.11970730166912279,0.07109645268197301,1
93,finance,0.015948525444032195,-0.07711030067271163,0.09533855102080634,-0.1370507552246586,0.10502435226626329,0.035935813026995174,0.1923117697030036,0.06703568128941513,0.09415174349439098,-0.31935474430660227,0.09874780297876803,0.45095226213793366,-0.007240457797257394,0.03762004429586901,0.01260427684801576,0.04146158935196865,0.15850861039940883,-0.21630456420353927,0.05594695397372284,0.12225697842074981,-0.075231235439197,-0.15500457990811062,0.13281432165471013,0.022261793407699355,0.04267179936507826,0.13488708667005853,0.1756674762946341,0.07854617436534675,0.02797391339784688,0.07845264407616792,-0.006212484250143324,-0.0329479585442911,0.09103245481588645,0.046850287669786,-0.12751466768033562,0.027326930717342757,0.0237751018263096,0.03156508493693629,-0.0629891907833997,0.024123677045725763,0.02376640986746196,-0.007250352269833541,-0.03689313850635358,-0.013653287191168836,0.06852741263650446,-0.015996104731928487,-0.03195562352694683,-0.07448007086696937,-0.01198427028361238,-0.00985881644147622,1
94,finance,0.13393385219678944,-0.003205022866489789,-5.641516114026276e-05,-0.10798060335675089,-0.056542269328477814,-0.05808675938042719,0.021488244764098656,-0.030205424879965196,-0.1162293688462088,0.009394168513162151,0.12813638403195587,-0.16798808166942256,-0.09689164676123546,-0.25124677016012076,0.3131992087786034,-0.19410056071787532,-0.07246186862502185,0.10493792660717165,-0.10603274909413876,0.017685817510434233,-0.2015974561059579,-0.191012494537817,-0.08357456024965813,-0.12668660267545215,-0.036120750039588236,0.01034868718060319,-0.011079121134519586,0.030361266929803978,0.03483203006884337,-0.03488446339033282,0.15179463271586027,0.06908900596226397,0.12268488225196382,0.046267413266671484,-0.014781553064805652,-0.0547815692671138,0.1687467507133844,-0.05224033910412246,-0.02177586968984101,-0.037271388320141235,0.02080100717480245,-0.07315576837301209,-0.07736375168489683,-0.0338343796173593,0.05835161921942211,0.0539526428585139,0.029807150803312095,-0.012886445998468467,-0.008877862104508406,0.009943259205679202,1
95,finance,0.11530723348791959,-0.09036772924736813,0.08465680099969425,-0.20858566420424765,0.021355064923158352,-0.0010765085936018475,0.17779652907947985,-0.0004630494594301591,0.051284455044749745,-0.16079507274549953,0.21088493215514023,0.0888695757074491,-0.09785199706730018,-0.0009189055288494674,-0.004082264033289863,-0.14830763738873703,0.0022887639114890774,-0.1687866214532378,0.07797124210585364,0.19883007866784091,0.04725675839140823,-0.13207834509828514,-0.1183999121578849,0.06580836625322374,-0.039387137440490744,0.03351223096778781,0.1832216844075944,0.1176904946475051,0.049229466284004646,-0.061674544111607735,0.006921997176224682,0.013903297277750455,0.1527519210299159,-0.12342035512154068,0.07223488168907807,0.029090993697173946,-0.02018230495494836,0.012678833621119425,0.16256017194363492,-0.11677311486734322,-0.04253933066397972,-0.039724274036342266,0.2440911947740539,0.04085544102305626,-0.10643034365857926,-0.014295170272042775,-0.013996993734313637,-0.04573000501650545,-0.11082625990787665,-0.07318317058359068,1
96,finance,0.2235147702582567,-0.10743852668187671,-0.010484277229830256,0.12065364002468124,-0.08802276052465673,-0.16888756418059656,-0.16693982367179122,-0.015870739038314416,0.04805423745092769,0.05445259130050643,0.0009599315729459751,0.017695138410552487,0.08578732471329942,-0.06277565484278962,-0.1260880939559286,0.03300492220664091,-0.07519214462910853,-0.043845938122272,0.046578446315920716,0.06576740126286819,0.07515772393860227,-0.0067256996616915895,-0.04181196597335498,0.07978594053006857,-0.03838670870797255,0.044309514485171404,-0.005023344972723467,-0.034443715012416574,0.01702376989428072,-0.011956297481948557,-0.12412278678343973,0.04131929744867122,-0.006784994401164822,-0.03118579609739659,-0.0020002370971452174,0.015722081519981456,0.10902303392041071,0.1273746295306226,0.023606999484570592,-0.0999914569543024,0.09525174833045438,-0.055061265226182814,-0.14523708512941572,-0.18935094366357572,0.017346355982302792,-0.03695064866980575,0.08922648127823196,0.016237715374691333,0.07922620587801936,-0.025471847789283446,1
97,finance,0.10090693969859109,-0.027289194824083995,0.03479827816293197,-0.04974715268245649,0.0041940351813701034,0.05690701087866089,0.04786068949472215,-0.009062586443750608,0.015506590285409424,0.10615272278442639,-0.05554011091725677,-0.016801206689954953,0.012586741856820611,-0.04914352325113032,-0.017621726836737545,-0.04834956780566736,-0.02437685202327425,-0.08732169563735724,-0.03907389481059112,0.02187529602301798,0.05097325823355537,0.012088704055582974,0.01802204405655939,-0.044178451775635216,-0.025177687282219623,-0.1380733922054977,-0.07135986231076755,-0.002407181407901041,0.045794096002745026,0.08705325599520417,-0.031752668036392796,0.01800444165078466,0.05093392146916879,-0.0303066886878566,0.011846330753352105,-0.183152015615537,0.05441719169476227,0.09885994367959841,0.10286458513036845,0.0008677042380839139,0.10212139204639349,-0.15371210298495416,-0.023812898190889557,-0.15920958615143102,-0.04400474690624075,-0.0513390495418444,-0.05054000734111774,-0.006222729565136377,0.15616242553857995,-0.12289856583127338,1
98,finance,0.11634726355202704,-0.0722607892292282,0.02727196736680991,-0.20042938848118924,-0.06094386958110256,-0.09314937283421237,0.034714874696691114,-0.10682545588778891,-0.15120767994688677,-0.23356570088913606,0.07226256014457842,-0.33942090406819847,-0.13513928488485508,0.36114563566589886,-0.3514246939998046,0.10779978136629759,-0.07589054880350665,-0.003238979599538778,-0.019872338623131577,-0.026917565725646228,-0.1740206480986451,-0.06650299456578565,0.03316746842281416,-0.08142642045875581,-0.011515064152184765,-0.050530710842220945,0.05549540080896943,0.09846070449005238,0.033169886110687365,-0.06124464516608604,0.044640579986237404,-0.02686473015605246,0.005657929837952452,0.01243129865000769,-0.045148000002836884,0.009860662169921371,-0.006250691945460099,0.006959388777624092,-0.044808822337949285,-0.07866989963467014,-0.03316269352644669,-0.03297505950944149,-0.016874835329932666,0.07836347976615726,0.040422887851448146,0.02347063538372928,0.0456803782248058,-0.010529209743335264,0.02204403045659236,-0.026391082464661104,1
99,finance,0.08704118092826688,-0.056571756051674645,0.08391484940565691,-0.21559326344605137,0.04532760461040561,0.06077793932911325,0.3115000505739538,0.010184025435026202,0.09307600457296554,0.46048841453108436,-0.2166118202436543,0.06883461552310528,0.07139485842173174,-0.05297149886288828,-0.06340163910509874,0.0839661660844316,-0.19838280106812384,0.03969514804333225,0.082520021290444,0.0074155710518861015,-0.07055101333446458,-0.05239229517665839,0.11972922913308864,-0.08346269213338686,0.036558865898159675,0.017670996924770904,0.011777034629363125,0.07111250594510209,0.03226972107272026,0.04817984093765753,0.008472553208614692,-0.016860252069313242,-0.03696461366278156,0.02945487886922234,-0.2066884679064162,0.042643760540815395,0.009098353607787052,-0.02971928919464158,-0.044725451831230265,-0.08967570675367936,0.0022971011443664474,0.027741960733028564,0.09948250957157558,0.1532785637076665,-0.06844409402983496,-0.03486779150982009,-0.03261526309085807,0.00684943103882195,0.06942563642113697,-0.04460467538380063,1
100,finance,0.07839677262720925,-0.022642507509165223,0.011803993710420069,-0.10027787802964463,-0.013479313290126044,-0.041762020427242155,0.04834345283599341,-0.010219730148791295,-0.16901751511791954,0.012348503534089469,0.13193343002108823,-0.041781940604273225,-0.02921252867558212,-0.13291716706666037,0.2915996772092756,-0.13068651026566397,-0.13019182297220794,0.13824882596123364,-0.08176095006858151,-0.032276839382327185,-0.20532209478268806,-0.12311969330837531,-0.08439328361689508,-0.13846759040750053,-0.11052744871935771,-0.022684580170566272,0.010656308712248585,-0.014833940280374458,0.06874028231055317,0.05917987401804768,0.14374901987727082,0.027610325030752596,0.09029448009663432,0.08138549502391916,-0.02210084060877412,-0.05189863703603605,0.27342811785630083,-0.05563746912083807,-0.00011843277166426003,0.02553520559462383,0.010299658522742285,-0.025688613722855684,-0.03251497380757594,-0.05498879181252161,0.02788493990643091,-0.012910664431875352,0.022445320994081093,0.07624339620809993,-0.055050351406221346,0.1547553757389535,1
101,sport,-0.0680239206985315,0.17168473695092895,-0.054946018444581954,-0.009153264248319332,-0.01807428207201521,0.06433623052646593,-0.10083473704228313,0.017930211445930957,0.07828344421314817,-0.007073632663024111,-0.035586715062893695,-0.05239558775298361,-0.00010525825276619948,-0.014788060976812232,0.013965327856768978,0.0078554238670023,-0.013800207461079588,0.034920003221970426,-0.024169009968731545,0.10644306835939775,-0.004639596380566137,0.02635362630971781,0.016496703770253623,-0.01752221958330792,-0.04001424068427817,0.0493097249012452,-0.010335612610937413,0.04879621799367981,0.0630068549249114,0.06649473714707319,0.09285130420368784,0.06613944967265895,0.0023732501214229944,-0.03926668972720463,-0.07685628417332278,0.16289473035996777,-0.06702466637870347,0.08312045262260111,-0.04102887820327179,0.003204133021236074,0.03025405324147255,-0.09721637183394843,-0.0898314510467763,0.02206160127698411,-0.17337238468008107,0.002814050126969169,0.10686204118486328,-0.11455673990226321,-0.016360463435348877,0.19049157380415577,2
102,sport,-0.018444030621102413,0.21089543045573547,-0.029029999973320578,-0.023997936588938118,0.05717150717816094,0.07878931868592713,-0.027338926707121795,0.009510061881280785,0.16892230920825582,-0.08861538187060394,-0.04185960123510496,0.05087612604347178,0.04323552215007832,0.10347033332084236,0.1408163970827117,0.002820298180544479,-0.0982436940385771,-0.024405650607720483,-0.1914658817865998,-0.1844928695752377,-0.08866888419149929,-0.018822528523316114,0.23576337216643098,-0.010861519996011051,-0.22003863623453815,0.08441909052940108,0.24226459929110314,0.18322696647190334,0.0019924628888058848,0.0021852230545684487,-0.220822634044443,0.32353996680910585,-0.18004536773210303,0.04313783729238891,0.16769646952168574,0.056703983847232284,-0.008339697204028423,0.08258931551230349,-0.08959568021413906,0.006440722051770076,0.012671613377417065,0.012984576907210735,0.034542977678673904,0.03742904632366359,0.04838948236683165,-0.004033907182123419,-0.024853033837179715,-0.03176738942864963,-0.008462689120734706,-0.07934706288014351,2
103,sport,-0.15323960600353329,0.006118731879606662,-0.1279246746919272,-0.026860912891280238,-0.06314881906032427,0.0709573804022031,-0.02966610747414717,0.053633367147975786,-0.03125550844362677,-0.0002056568062484416,-0.06048990266134045,0.0012611088386289865,-0.019881949770112834,-0.02999690210748787,-0.042878977714558085,-0.08832463489888397,-0.05601263066790776,-0.07275385475822144,-0.11943775319152262,0.11989431237328801,-0.015140790986838928,0.0031679332050890204,0.25959628408841157,0.11222823781909153,-0.17998918188465163,-0.11411713159934267,-0.08869489967680311,-0.058393777281598114,-0.029300505202032867,-0.18341674754558818,0.0007203905905301387,-0.17382901096288206,0.1455210985023665,-0.009669978852347235,0.055449909420632486,0.024044967382576863,-0.01999431262965032,0.03138913940316891,0.004717260478998875,0.02110403351114074,0.0011135126392096276,-0.01809325769172156,-0.0014383767086799766,0.02248849180093268,0.032399805089637225,-0.036841554144914614,-0.11016864085051217,0.0532984678850281,-0.06931538360545889,0.019090724697838717,2
104,sport,-0.0072549195008098305,0.4429128767895099,-0.1193432775521178,0.11760374784420695,0.04963765987519176,0.002374806215144713,0.048523544724585865,-0.07719276657174003,0.10199231803886627,-0.011456226324132054,-0.06615595601303108,-0.048619948857152644,0.0787644873165472,0.07411525179126467,-0.012297497705163833,-0.08609149239481349,-0.001136246088152195,-0.0507801177906729,0.000757195948095426,-0.0016009591703265208,-0.022505854224710305,0.02216637367738403,0.0857666313704394,-0.038887143113675166,0.0068481798418896156,0.022970862249896223,0.07194876710178079,0.09968235884914659,0.021386162657945674,-0.03658294324258137,-0.03542665071807662,0.08196352098195611,-0.05585473048781774,0.04829062051673321,0.03469224158898947,-0.07384461367828067,0.015256759936288177,-0.031244435595757035,-0.017126022177867784,0.019962951985476294,0.027075576103502128,0.005774377679904164,-0.011736274561981671,-0.04715162619404148,0.01765513293106794,-0.03470123772647649,-0.1521289449129374,-0.05555577309140325,-0.03784956438684155,-0.05634848880401477,2
105,sport,-0.07847216919172546,0.45275091259645994,-0.05260727249982481,0.08025122230651033,0.1265445587551123,-0.017438495623127086,0.08049758892801964,-0.0515551186182388,-0.023722239590350226,0.08668571915364999,-0.0338336175952153,0.01511058010194577,-0.13136631317563083,0.051685214285056104,0.011399972016914792,0.02083837370808122,-0.06542254496119916,-0.24048618594597135,-0.1149027452446943,0.035183074310741184,0.011882449013714713,0.16450681371946457,-0.06565993439508712,-0.08613045860728462,-0.04113630913785602,0.004431297084255127,-0.019440754472415205,-0.0020698717056840767,0.05932367754053211,-0.029809748753773686,0.031598210597288706,0.08339567113330214,0.05256859549553634,0.06553093859445068,0.004413427211139045,0.026667380823932677,-0.028244301220207293,0.02370738335592771,0.0299103040691896,-0.04485545944500457,0.01638867485636441,-0.0112098051838479,-0.020090141154041934,-0.03965743053352846,0.033138191191987895,-0.0962726804522714,-0.05100837893933693,-0.03562580610823711,-0.007116570864385351,0.07362149658845972,2
106,sport,-0.07267127539753969,-0.06349554295732376,-0.14239827380619274,-0.06071918549118848,-0.044056672560349674,0.14327643087669265,-0.04639356224320531,-0.04437506515887019,0.01002397893213993,0.06614469560116659,0.07808779913588706,-0.06663493390127741,-0.12017512490049,-0.007002911096010645,-0.004623660018155921,-0.02553354236444222,0.0831649432757339,-0.07294479111730498,0.0811180487760255,-0.05285674276453475,0.04922302606597167,0.07395507146028411,-0.028822922226982975,0.03322091024443466,0.07343146164707876,-0.041453111149777525,0.013561064235714874,0.03661327704566579,-0.03660372489542995,0.005189118070294683,0.015995897032424874,0.09698210997265358,-0.0499482186850393,0.04798140580617125,0.04830947726290647,-0.06715846654899889,0.1020349519851514,-0.12234286285460612,-0.008222263928869397,0.10052232595431505,0.15097884511988438,0.10405883919901081,0.02194013245313429,0.10445152698820928,-0.05560708487914925,-0.10078068458838102,-0.06365585319451897,-0.17487314639066795,-0.010367514007378092,0.18217074368188044,2
107,sport,-0.0628425410060699,0.288878837824355,-0.04232918383177952,0.15013811975822713,0.0461672621541621,-0.1542387103554709,0.115816209522493,0.016783904546859817,-0.1195194848040024,-0.010101740645141162,0.008213740563162071,0.10983803743698752,-0.06325090767353025,0.029734923765844214,0.025839516219203853,0.08803562451436138,0.010083551525620653,-0.015191969485438281,0.012535268520555332,-0.03179567045181851,-0.036464587186482475,-0.036691722695591934,-0.03595664445766503,-0.07442337987717172,-0.019180249982656567,-0.03251844243021474,-0.0432972211229619,-0.03958758486537868,-0.05494639359633686,-0.020968855400515317,0.1387893744894294,0.08219654715717871,0.03422794700325046,0.03652327677000782,0.00828190301497488,-0.03311678744430857,0.038492897375481144,0.0007320179301330542,0.00989943369500153,0.0061283291538002565,-0.12397944320364018,0.0011977568070408548,0.038867747285929406,-0.029941978436635066,0.08329559947493484,0.07782388022684682,0.06026033668833462,0.09811114845105985,-0.03960914146078656,-0.04006037043611758,2
108,sport,-0.04169125397764312,0.40494611874679404,-0.14972281815294322,0.14176089753873694,-0.0035708057860060977,-0.13391750647882936,0.04274799433785744,-0.024370030972815235,-0.07827387935165381,-0.020714642421274458,-0.01924814138122192,0.04291697254555751,0.06551202784249638,-0.002935049196558227,-0.06241990010220991,-0.08484169258909728,-0.0020401027958556494,0.07150336635290652,0.11695490201367674,-0.041415887760976496,-0.009442207390541758,-0.12672271888434308,0.005094220695969133,0.07250835471653258,0.006884577203730493,0.04362194966340273,0.017612189680866194,0.05779777760677117,0.044954922962054895,-0.028852938682878967,-0.06705404229044784,-0.1152603369010897,-0.04018185991482606,0.02404315279340243,0.005761087824356171,-0.07558577610463395,-0.11156729374507224,-0.04167640548715335,0.029187046406558934,0.08752951221901395,-0.02776752303082901,-0.047064854936186076,-0.08399202693433146,0.03723607817863279,-0.017651634756332878,0.002531620805956868,-0.07040983309975249,-0.07161396340866918,-0.04742408966890498,-0.015784077390970878,2
109,sport,-0.032199611888773565,0.055129772138878395,-0.07564398302287982,-0.036756391562086786,-0.016072423092950427,0.04535689569936742,-0.1743483835060601,0.05212321480354132,0.09791962070248361,-0.02419235708485112,0.01378516819056499,0.03682156679622804,-0.025075181301373355,-0.02430507752786786,-0.014361143413069414,0.1659241704394507,0.09734140579857864,0.1832337683438766,0.2261648245717447,0.04558445990581584,0.015012961539339955,0.08568694758778883,-0.06370995438560058,-0.219797154066365,-0.12923994498842734,0.06506148865287088,0.037072380880885346,-0.11854560145074994,0.09731152052195567,-0.0932800511480377,-0.02858805150532554,-0.05264621388450469,0.14996481854433957,0.07050095617755096,0.04127939561641677,0.12465033567428029,-0.01078793453984708,0.02713175694525585,-0.0822385416779019,-0.03092836981687779,-0.0038191239232368236,0.15124559868174367,0.06734684535031722,-0.05434998695009782,0.1120613616179376,0.032110394347863586,-0.04708395303394441,-0.08437188401706915,0.1038131082368969,-0.12336257581999902,2
110,sport,0.0837250177081532,0.2562674817488291,-0.06626628913642033,0.11223186469319374,0.10470074643798456,-0.20722734339222887,0.21582693714133677,-0.021157303453294238,0.28278441200984633,-0.030596981064066116,0.0029225034056032154,-0.17521201400350653,0.04685565825384107,0.07280312993381767,0.09577648415203742,-0.15418285817703492,0.22369990005514112,-0.058528058367663054,0.017178709680873882,-0.030368932179590323,0.06202211269781434,0.1789586300953868,0.07137377782018134,-0.10746300796247765,0.09942243743944212,-0.09927348660755353,0.09274248363411852,0.03527768178505887,0.026334794570579793,0.048603292437552355,-0.010784100528034178,-0.09432123071645244,-0.0512413801947415,-0.0953122988764616,0.054805200370491955,-0.019649720948703014,0.14868309607939625,-0.08267478894143124,-0.0074993879443572935,-0.06543118945547009,0.03594311397164002,-0.00792921785969869,0.04314889094706114,-0.07069548254463334,0.012766372209557623,-0.013509522268687485,-0.029091305173400257,0.092302348407501,0.015498734811717011,0.015453516232422467,2
111,sport,-0.08671492507211281,0.16294759659310795,-0.09949186318364626,0.12312207257875156,0.016962559588059752,-0.20962514762260073,0.06965628307159114,0.06939465228249495,0.017611670900811345,-0.02135643273817349,0.013408569571124155,-0.015156103363750176,0.11619884812947229,0.05701597635204073,-0.020180347865631436,-0.012265660604380751,0.11622600590236161,0.11167910971683835,-0.016418083168184352,0.1406122896566969,0.04736270528754131,0.10230671221659163,0.074506226171342,-0.08692905417516406,-0.11809724785383038,-0.07853110113000444,0.02399342909146936,-0.05195641660044711,0.05316622054117786,0.04379686091084532,0.10740388356064247,-0.12323642543940014,-0.08796577711992068,-0.006127315585674995,-0.0033693702231029706,0.054782378093489396,0.1679733167926686,0.04138818612531961,-0.025108313921604234,0.03460029779923215,-0.15158278883338974,-0.018991824297452692,0.08955070700400171,-0.007851496960030823,0.03567524685275193,0.06670748386131148,0.1531786876772285,-0.08229178151439864,0.009771113107744112,-1.0907560407936432e-05,2
112,sport,-0.014982352606254508,0.32528735455744445,-0.1044592782581209,0.106116401648432,0.007047706584830025,-0.16077315363876246,0.07417775609359734,0.021286565459362597,-0.0874338127617238,-0.021915514853550738,0.015618104875810862,0.05035325653953833,0.027327421872097687,-0.015687906019074358,-0.07478689337410296,-0.05522593141396316,0.0014529656725596352,0.07483713405667335,0.19181947977571936,-0.08805439438871622,0.0051184306125617775,-0.1565484765694936,-0.09212483560693528,0.01727009371500874,-0.03865089067621101,0.008533453299089708,-0.025097040245252816,0.018113728511577235,0.07990514586052322,-0.044384321704319205,-0.1191727719114876,-0.07397810698824848,-0.07407879753844536,-0.05244485889933564,0.05816332365549078,-0.1021329249090643,-0.08635822152879608,-0.09287461766560745,0.013355716657710308,0.030178793973756828,-0.02853995990278534,-0.04941434700359061,-0.05207712266361892,0.014701668060817935,0.042921429859886444,-0.024849325072418993,-0.04121012280059931,-0.025880843697835408,0.02802899839152873,-0.028918848020070775,2
113,sport,0.02379571328101999,0.3873144240100776,-0.11452133104371943,0.16306229980946438,0.03111646460868814,-0.15584921187089512,0.13123821116334702,-0.056565177282241266,-0.021284943240107775,-0.0134101709763604,0.009585710135306144,0.04581634887452213,0.10230326028539956,0.023663028243505742,-0.07614557351065887,-0.10922819849625749,0.028083739713531543,0.02844555575976969,0.14200830809721843,-0.043415019597316605,-0.008279068259265067,-0.07696043354385651,-0.06716355911285228,-0.04742803764084094,-0.03862820054762423,-0.06617777592055796,-0.03664596495055769,0.001058600874003725,0.0682308209210811,0.019826123138995424,-0.05365021821931287,-0.08916074061584704,-0.027812490317265997,-0.00712901435373339,0.01859083199125235,-0.12197866700806102,0.05516677168919024,-0.0921430083150138,0.004530829255711209,0.021776362978537998,0.025719802431876885,-0.0215019161180648,0.008064873981815343,0.014908056591307514,0.03706464937491458,-0.0648514817316184,-0.030888369643357304,-0.011821647101992959,0.03867920940029514,-0.09670138556321071,2
114,sport,0.04802390582933893,0.39241537067344984,-0.15887116435858098,0.15563702336951105,0.02400896492528879,-0.19022391543599007,0.06198448200204378,-0.065273131660627,0.09905650726264607,-0.03431942059634715,0.028896375517025664,-0.12262481582765407,0.21045699882678856,0.04823895968435416,0.0061281815654077665,-0.0829004232612616,0.035222532324272623,0.006909541116016488,0.07636855052105006,-0.016705593472618966,0.026083306281046516,0.05251411336144547,0.09189797096638021,-0.01919956615257857,0.07901870468763313,0.020059016863894046,0.04281955934924641,0.045128984317383304,-0.027623868244269212,0.017740535445963233,-0.014447812914957116,-0.01330046018670756,2.206831495266976e-05,0.029336601343880286,-0.01811658573510304,-0.006933895768069942,0.11344772981250079,-0.11325208675243607,-0.030388303004379745,-0.07105738219988195,-0.05010709103009791,0.06297309758730767,-0.036814283190289725,0.03935877331875506,-0.02570546776083515,0.020661315607571864,0.033084837986930085,0.06709368255695564,-0.011224307920672869,-0.04332745646889377,2
115,sport,-0.30060800568193485,-0.20232729843724415,-0.32332951699388346,0.07419674001167498,0.009244644409085297,0.02466656564412142,0.0029536919334913632,-0.13391258475293735,-0.03925762537716687,0.043286162941678176,0.00018624368893953652,-0.002740133065329543,-0.023919428802968854,0.002165931429987834,0.06425071984266936,-0.002102415048385395,-0.040314298539298084,-0.07893512903353919,0.0780547127282173,-0.10920066339584304,0.003730373475417945,-0.08772061586702858,-0.022954964953035537,0.0030287037614649365,0.0934495216354898,-0.07855962780962283,0.004796017139511418,0.012891493898981924,-0.05686735387238806,-0.11656605900189945,-0.21450916023134356,-0.009127279273353123,0.11811404455293154,0.016550494806191623,-0.07290051626662676,0.16154515008463194,0.06912217806169059,0.1318906076044385,-0.016666622056558805,0.06006423314354818,-0.06433507893282338,0.027742514363009438,0.0024409112687162216,-0.05438477216817432,0.002463846791678758,0.035879695982681085,0.08300809982515818,0.09703722934012192,0.11502543410169494,-0.015909550133868373,2
116,sport,-0.07180849112380115,0.09056655964851754,0.04939922474112205,0.0006941698815701718,0.012443736686072538,0.027192544804121536,0.013761241936862113,-0.005907101012707378,-0.08822662186790255,0.055428190987517376,0.03569924407818149,0.005859842636486685,-0.23571811891540823,-0.07987615798413993,0.1043238582754603,0.14490973637773108,-0.11165234976730676,-0.08795221830695371,-0.21024015478053198,0.08436674318022667,-0.07755203142448616,0.2077893092337149,-0.06701273874512886,-0.011758859918033592,0.3384838666138861,0.1713302635253691,0.16905161624414772,-0.14453795242993367,0.3325609798676417,-0.0364892715634726,-0.17206543764477847,-0.21358459223637657,-0.14182007742743225,-0.0950887695029168,0.06447307239762311,0.02799651802318501,-0.09240815424578003,-0.03350539249787195,-0.049891921237967034,0.044068325711491246,-0.06844598361643667,-0.03855879524310191,-0.03548044590998582,0.03577392666270927,0.020071390003648278,0.03238512173093614,0.04270709599779133,0.012921641140611518,-0.011107460660986872,-0.01514435342576107,2
117,sport,-0.16004324612761586,-0.049251724002199154,-0.0721411274820196,0.04014200069784507,-0.0396581184096073,-0.006685710045874423,-0.07187528869329424,0.2355677870452966,-0.023856075249969244,-0.011764362268495294,-0.052047713901136494,-0.05709414340711868,0.04714792964707202,-0.022032068254498473,0.06077245997919665,0.009120267575816417,-0.058690639124575124,0.06536087728332317,-0.23589414688284102,0.1558408253012428,0.009629194077928541,-0.03323230936241631,0.3129694078022474,0.11265263776610396,-0.24823783335719024,-0.1263212311726575,0.0018098119092354945,-0.03148782059876633,0.048615701328594406,-0.1345148639607627,-0.01148895283896168,-0.19546488830188619,0.11654384980599537,-0.0541597646065646,-0.00779615733997915,-0.07716243999009924,-0.09444641764915347,-0.1289689240072299,0.039664314206035244,0.01101708206334134,0.02866945213875512,0.07176105017229202,0.03009814443817005,-0.006929506640286932,0.11579033693756224,-0.016422861013197933,0.09717880625302841,0.006438721075162313,-0.057504371764259335,-0.11397083699705604,2
118,sport,-0.3141133881979718,-0.0013178258091960178,0.4660556640449071,0.13249042525242113,-0.3240480212690197,0.013947023231800984,0.018797892845766953,-0.07691270938148805,0.03783716241085049,0.008891797280671448,0.0007938384071878384,-0.054760802148726244,0.0336320327360279,-0.0214256284279755,0.005981181342396431,-0.07836580034352635,0.011099631796531804,-0.05563863941276599,0.024068133950298543,-0.06716253494281772,0.02817838284127193,0.01722349636378144,-0.020397964347473135,0.00467513705260101,-0.05356993587678987,-0.031244064662770122,0.09906421526102961,-0.07952906227917175,0.03736579533384817,0.06805522104689636,-0.06673905743010436,0.01100221658752416,-0.008733168073050085,0.054823301958048326,-0.08086401876583262,-0.0010038657540014787,-0.04987208236333546,-0.08986452682902174,-0.07184937753663945,0.021972500314653306,-0.0183141287748624,-0.14003456543081913,0.05838163751500988,-0.0034820335382255165,-0.024338543514068493,0.038463541649380206,0.040537951166149847,0.05602753777238124,-0.0418169652358733,0.00954004642580669,2
119,sport,0.00026088702362101867,0.12764001095084807,0.007012791507288207,-0.07114618515875334,0.058437702536962635,0.12598227196997,-0.06200900456440287,0.03718379873627876,0.21811822857450264,-0.1334579005729511,-0.03968485814024727,0.09322699517658754,0.047882282545441704,0.12278788289724699,0.16562517384952116,0.012228920581041877,-0.10299714810608808,-0.01460561273060056,-0.22004451183601095,-0.2089487135343986,-0.11439309202251997,-0.07514965659512741,0.21390958568461718,0.012448664751759127,-0.22431062296857893,0.11317322032661607,0.24411363650013487,0.16807232870587305,0.005417972916127062,0.009277190171580752,-0.18905471936193102,0.29513314981060856,-0.1450540014593731,0.04747078071697783,0.14079688625672634,0.06532650937553726,-0.018280605072986535,0.14139296832353407,-0.06583400847102926,0.023363521078371197,0.011558965389017893,-0.00011874156899342628,0.057581925643960155,0.05989293066701417,0.08709257687107126,-0.08369184316950445,-0.013937966900021677,-0.049414821031958225,-0.03312331254986104,-0.04382961129781085,2
120,sport,-0.0378443138470049,0.12858866864334648,-0.016831133950611532,-0.10172845641050955,-0.015094314945316859,0.2159579560691716,-0.11294057397716319,-0.0008294283426993413,0.1589651512288265,-0.036936829600462275,-0.08208833109941016,-0.01598570729827297,0.005032425415775884,0.031036776982331107,-0.023969934861655773,-0.003125235157809833,-0.08636329291071668,-0.04934993419252681,-0.08272592631785586,-0.030444895702074183,-0.04813088974550314,-0.1301551308392168,-0.16886546405934283,0.043700685809575514,0.03736493338838406,-0.042559779370740396,-0.04357062160454903,-0.03599941508766574,-0.09440566696246272,-0.003338912217204429,0.03168846459562959,0.023370822797174107,-0.08381185466699602,-0.03232654967896055,0.1475600529779258,0.09921392425077727,-0.03734918103134983,-0.026306297825029083,-0.03305909929513745,-0.12151502203317895,-0.09346015049369412,-0.037829547697570444,-0.07778122618960645,-0.10082810182582966,0.1751337338232355,-0.045446698510366326,-0.05537676970789398,0.012223085198253873,0.06174602399821121,0.06883839945817254,2
121,sport,0.01093879089173736,0.4235401830194648,-0.13051368278389397,0.03471976658783188,0.02320164379652184,0.02937167438396479,0.04021319352767472,-0.10107635826989668,0.04523459257428391,0.00486400611668278,-0.06269848057378842,-0.06756117535459488,0.14615914257519744,-0.04374811261479355,-0.019038485888597804,-0.0962685398854193,0.01312128146666028,-0.09854731008964533,-0.022277425148800604,-0.004611855094784542,0.013788955868343958,0.020087112233679583,0.06635252321393413,-0.03126962827991785,0.08905469986127786,-0.08199847164633188,-0.005832900012228647,0.06636059061925209,0.03486554077287475,-0.05133062072303139,-0.012024100407836634,-0.08562013871016567,0.02389105118953122,0.1112504198877408,-0.05586609704113226,-0.10599165928058664,0.0011174162649157662,0.0223194911489954,0.007316182210398027,0.053702993364818326,-0.019689390799254684,0.01888600963671793,-0.005642328221061115,-0.022168022732276436,-0.047155419085846785,0.00057542112382453,-0.13977619838155916,-0.10149595763304747,-0.07243850229738495,-0.023567463943276475,2
122,sport,-0.05622975204986514,0.08257091179186392,0.04629054344332878,-0.026242890727227818,0.06173004059384234,0.03638272798165142,0.033175653988150096,0.00010793680534495681,0.019303293912742894,0.047024616744262615,0.015061551355705123,-0.003986830867053393,-0.17851179902966316,-0.014946114489666035,0.10581524670145022,0.09301263309491066,-0.12325752878008989,-0.13907431866009992,-0.29071030801726355,0.10392435954903344,-0.0911298134548642,0.23384310245253828,-0.05485371063580702,-0.039818736739643944,0.3540957170658171,0.18217137610983175,0.14066749493892952,-0.18845427402993814,0.34537060851690593,-0.0690987771079134,-0.1734868721783998,-0.24362050126152188,-0.07419904867848656,-0.05211380450660276,0.08872943355460554,-0.023116373496985275,-0.08171989127092305,-0.04198808500095124,-0.06665344055896551,0.0490190071470096,-0.0458902315167033,-0.06425789492584738,-0.06863207331767791,0.04168806573339149,0.052950424855800586,0.02487812097215029,-0.010737514520863462,0.04446905557625651,-0.014006430227467687,-0.028023665497727397,2
123,sport,-0.035603504889177066,0.3219377802506218,-0.07190622680014089,0.1904660366534909,0.023665310937636203,-0.20865424708495062,0.08430666921932306,0.07843907487867133,-0.18790394233536611,0.024443881683461066,0.03096174482132929,0.08995030206005138,-0.01407297472826698,-0.00206121574476787,-0.026554375100047337,0.05646834202878027,-0.021073651868128956,0.11732956221695359,0.15171492531784753,-0.14126059201916738,-0.016401265249730415,-0.2792627465434587,-0.07739943753445669,0.1454426261797042,-0.03944253033303599,0.06324334063863066,-0.03265183409623703,0.002939724608378958,-0.051057033186869966,-0.04228497284815693,-0.1465276952926547,-0.1003336895120906,-0.02240475519371308,-0.05449961089548346,0.09248317684620759,-0.11622421517042883,-0.15660663304273018,-0.016594690076243784,-0.015829050301224324,0.011077771955283809,0.01924900903181032,-0.09177575000947587,-0.036678471896524525,0.09392770059973973,-0.05832000219312791,0.030217663765856502,0.07682082255006169,-0.018719980038658896,-0.033130827611611666,0.0384979748586682,2
124,sport,0.005520197573260915,0.10557747803927826,-0.04542743316681682,-0.1830854241647312,-0.04869074063401351,0.24780734192873416,-0.22076473339459798,0.05102314057283923,0.09078530929466387,0.010077302570168348,0.04018894668404952,-0.003912205909133843,-0.10202894277744455,-0.0967348384494957,-0.028258647183480694,0.1292130982527119,0.10555767669594114,0.10120203429386494,0.2712403224453581,-0.017874400607406048,-0.03478632720592733,0.11037608343133819,-0.042549139925164924,-0.18367669877876516,-0.13978291214500876,0.009269079716345982,0.027747440876562147,-0.04070127485565888,0.020200740093420766,-0.0797191256292217,-0.04697367694438005,-0.024387359706608748,0.02383526771345189,-0.054955333567754075,0.10073670357487602,-0.03837134915249988,-0.011249075426151903,-0.10803875774642724,-0.028627692279933583,-0.12228120086735146,-0.007408705988850175,-0.00792719813837756,0.022607749743388562,0.02588204859799482,0.006483431783789686,-0.07333022887310744,0.05402505035281244,0.045782991731022134,0.011347666474128704,0.06783496507289451,2
125,sport,-0.1565297850254121,0.2998858884805325,-0.08357040873108881,0.10602094507249715,-0.022327091196027254,-0.13724396334272235,0.05800951761758378,-0.007327123453908192,-0.15429087981544545,0.09280049956800623,0.04649809475657611,0.03544871201812949,-0.18087780836493686,-0.04506453475887279,-0.006637126833184639,0.11446792894888305,-0.0023147333490346205,0.05189987893567047,0.012687667716336167,0.06850936315503277,-0.030755443869347438,-0.08125241254122838,-0.06121863713908514,0.12662452084180167,0.021065860639323485,-0.022180072404399648,-0.021955599460647263,0.020062244120550472,-0.04526392510378692,0.036790114048948365,0.038894918581549864,-0.04662647125960758,-0.04615599042173514,0.006531865797638304,0.02599142632108465,0.07649948858578647,-0.06724878024665085,0.13966802465687303,-0.04131088532201325,0.02419874182738715,-0.04362914520112214,-0.025264558633584275,-0.007677188714597856,-0.07070331345802708,-0.005461615915922525,-0.029235259104004697,-0.015353455810140368,0.03666668326567226,0.02443054166504548,-0.025916920018536942,2
126,sport,-0.09619085233655289,0.32439107251489113,-0.04263650889663065,0.11961412226763711,0.12163812119663144,-0.128345555199554,0.05569815091224632,0.006908887918890347,-0.0879754109030777,0.07308101328524184,0.02558728427814624,0.03671520270743947,-0.1709271102276158,0.061562421301114216,0.011860135544578185,0.03447011570051662,-0.03328365476340158,-0.11350851818914419,-0.028392220822884912,0.0014384568391960437,0.03100785566579711,0.1302459680848414,-0.08153036729868107,-0.0921493319925589,-0.04075961247699952,-0.06771566170808642,-0.0067179308724615965,-0.1451966816745341,0.04536225067184533,0.02113845516496083,0.049269174470782134,0.20442575444744654,0.10396096545036176,0.04512566067142282,-0.08929244133463704,0.14269323703085143,0.006015177564640856,-0.022247647044356254,0.07994760019292124,-0.04218034203202365,0.023425627640561754,0.07749584403466456,0.06614262017934192,-0.02364341412184825,0.06524791231523024,-0.028510088317092036,0.02770099753906906,-0.038102974942859504,0.026916700986584687,-0.03889915450590004,2
127,sport,-0.09052461635009,0.2269397828846586,-0.09060127306358172,0.11211249463039456,0.04955892627605555,-0.12125779235557786,0.04325522372571673,0.01666166987037243,-0.015987966354174817,0.05265400170543027,0.038415641471196145,0.005531508085675428,-0.08284246860241548,0.035928161636156405,0.02709138800408753,0.027678183078041867,0.00906329208802579,0.0032642290169909477,-0.08979218728343012,0.10743644042936341,0.017119063315884708,0.1378587632484359,0.019603696289545988,-0.06338548421425565,-0.10319657634434648,-0.06706840770480105,-0.021480177426492934,-0.03057782887318542,-0.019599014020598212,0.03410725303506603,0.06071692115928531,0.053267962117677675,-0.002025586951343428,0.019604416189476875,-0.1376424814037148,0.15348340145713768,-0.0055088327631087255,-0.027419990602927276,-0.02522812605109278,0.038897547382547255,-0.012149145118223572,0.03607671780402542,0.05650057515593772,-0.09306658741486586,-0.056452287385242106,-0.09006235977124398,-0.0640234936856791,0.022807148107354035,-0.12837121623484887,-0.000566758640940565,2
128,sport,-0.19780889394840653,-0.125397919657016,-0.07450266501786543,0.025658739053707365,0.013214267202391362,-0.041284069370129926,-0.007989110682879256,0.5953109843350108,-0.10999811474235374,-0.11393594998567161,-0.16273770598740034,-0.11475221134970673,0.09600696888805581,-0.03694932233256116,-0.0844730778455107,-0.13286797584720822,-0.0498126289672926,-0.1033850026021283,0.018425763553091903,-0.023606662211930883,0.007911894307979178,-0.004933732523061125,-0.01961820677878422,-0.04947408150172518,0.04048212879064288,0.06123879061042595,0.0548891687222589,-0.07327458210638496,-0.041597207412979086,-0.019137724509820434,0.00806532038094635,0.033752205525807086,-0.09379868884604092,0.03646538596878525,-0.0504150527885515,-0.03964985512517407,0.02810406242933742,-0.01463745786239831,0.015417075402544767,-0.03311444276838561,-0.001991357598696003,0.03234811461269658,-0.008786928916111476,-0.01442336097621335,-0.01934934972367931,0.00476749589935968,-0.0011571673173150466,-0.03287771360434001,-0.0006097405904042313,0.021511315079647323,2
129,sport,-0.03504525604987036,0.18140151820240213,0.030535963183892387,-0.07581300450960492,-0.06149110749506716,0.1367927905818937,-0.13381365336302029,0.04239381212649699,-0.06304024145136027,0.2040612710517745,0.08848138497527654,-0.027664740444847225,-0.23132624755912104,-0.029179325489814972,-0.07336826121136754,0.14784037675464215,0.07714471361688745,-0.08257147508028648,-0.07005981773871262,-0.07254337824868717,0.12115879425290738,-0.09065501424774215,0.058975642989940055,0.2508450441460103,0.09036388830030506,0.01787656696766742,-0.00827921809151708,-0.007985597237535296,-0.17041971129574418,0.11512756748486914,0.010153291898637597,0.031386011933149445,0.03842785420879263,0.044898389490201314,0.03399438093628687,-0.04544516413436077,0.18046635881085704,0.13091569579007417,0.029669296040875672,-0.13141218703173563,-0.08377045288494822,-0.028336446924246788,0.07645999970837715,0.015735439351164913,0.11329025345383098,0.007240541749214702,-0.061990569686185,0.01918093684608846,0.021623304947471368,0.03083463090144156,2
130,sport,-0.060009657202409354,0.17371106231253172,-0.0318394498568066,-0.024355870329603024,-0.055876691907978865,0.08031633357635455,-0.1266180292896713,0.04752233723353385,-0.03427709304255087,0.06666336084435233,0.044380922992621995,-0.05926333463771211,-0.23904788677822125,-0.10940336092901967,0.006558898574054909,0.1827234899542036,0.013467906880913481,0.048747991984644586,-0.036999453482645356,0.005194248913667103,0.07623143143059931,-0.047336459344941566,0.10626759311263642,0.25396269169328617,0.15982665162637139,-0.021865988483100545,0.07519519694397371,0.08633414225654877,-0.09623605833217222,0.21455960735833976,0.04119851653280406,-0.025692735340031633,-0.1454269860092201,0.008639498842958098,-0.058871666653745554,-0.07382338379583239,0.16931342250202805,0.07126773697534494,0.024393740599803607,-0.02720170507572207,-0.04942159508228291,0.04222738182866101,0.16064474839126067,0.0007960187720824116,0.1425848809363888,0.0239807261783978,0.0338094180381197,0.049846827376044386,-0.04167792279413618,-0.0311342773718887,2
131,sport,-0.03497099172477304,0.20176350377709149,-0.06752315145921278,-0.13601850921917885,-0.0664107655154659,0.23101090696285762,-0.1974671361529702,0.005972058462826047,0.08398529936567507,0.02646944141428371,-0.004822635602231202,-0.07236221948387131,-0.06711514259405493,-0.0625969537065835,-0.07144946462336711,0.02492642088156872,0.0481984670395616,0.03631918911171083,0.12748734825562724,0.06918584944423106,-0.031147729982721035,0.035354014206262836,-0.04066621326381669,-0.03455414303631137,0.004557572394880736,0.051638904081169154,0.012754126833256402,-0.0046311015597526,-0.05802090716903677,-0.02843886877453437,0.08523979418167855,0.03960670314736524,0.022772426521249677,0.06099843645819059,0.08312791463738368,-0.03102911822571363,-0.07749032991606569,0.070569997424344,-0.01422163879888494,-0.0392372770620859,-0.06753180037350628,-0.04682126945681208,0.009190484260195086,-0.01945817728777489,0.1176135031838497,-0.026457083209195757,-0.08098381942960836,-0.009820826647355046,0.07519603141896067,0.07294117088106729,2
132,sport,-0.2879813984380715,-0.017282981842427044,0.42762456702410057,0.13134317829959066,-0.320339984884539,0.004514559790295789,-0.012770706299057842,-0.06185510361740318,0.05200700771090721,0.013195390046003544,0.0006073293656949099,-0.07439402178890432,0.03762018801567674,-0.004920164549509955,9.473166914932166e-05,-0.0788657481995764,-0.0026713735316727426,-0.04732115303257666,0.03480935537891961,-0.05709868072048358,0.060878868161759934,0.006822846395799433,-0.012749691707636901,0.04220422453703529,-0.11083419999710355,-0.03676215971190029,0.09417221874380242,-0.07432063973437911,0.042082406115106274,0.07521101005675666,-0.06104333292609967,0.0591785644248529,0.01966222348038358,0.0501580433836402,-0.10740232527185146,0.0254758517829352,-0.06405983899586142,-0.07367826300079366,-0.09237612261217187,0.021765815253946136,-0.022555806399249444,-0.16818800778378537,0.03359943375496527,-0.0024376412876219618,-0.016292140653774625,0.06453323643712612,0.05205467365273342,0.06174628879832267,0.013299918905484749,-0.013522945329360124,2
133,sport,-0.12161927172682639,-0.05120604129208095,-0.016741630301092755,-0.025851875634844968,0.009493710345094256,0.027377240845951223,0.008633463968114317,0.17616304328012938,0.007366046038750478,-0.003932985950162612,-0.054638102525583945,-0.023319904077802527,0.023879036697973047,0.01880540084162995,0.028846414388629966,0.014819838309932745,-0.0324883609644953,0.0045074126699065934,-0.1775527883810789,0.08730256117317785,0.004041835848204182,-0.0010017661727327743,0.19728011069346876,0.06554857427203563,-0.16719475133878672,-0.13011475639896755,-0.02744450622348506,-0.0265297236755202,0.06032697544677171,-0.09281316013464849,0.006692426329113524,-0.13442104733160332,0.1184117339586329,0.0014472024417518433,0.07166617078907363,-0.20399544743323245,-0.06840472753741042,-0.12038266946065165,-0.0190208708965107,-0.009137290572414657,-0.004069920794272801,0.03176765180153392,0.07286475534436444,-0.05701291338965971,0.2602213116178729,-0.08261622277965848,0.09229741414715736,0.10220672782486184,0.020889120064237394,-0.1460106537926671,2
134,sport,-0.32198996071811964,-0.2369688652507779,-0.31543826064256286,0.07948376124830606,0.012386498360316021,0.032739866424213976,0.029445490704325766,-0.10725733583417647,0.0004808655609333554,0.027310629478389026,-0.007551266438234959,-0.036055043055935015,-0.007185206591604686,0.020661133878275905,0.026783512695125005,-0.04049831843324426,0.003189623643235632,-0.06670358264781709,0.09789403303053897,-0.0810755283732453,-0.02102414357263046,-0.055625721243854426,-0.007774471193354886,-0.01952652385012324,0.07557173278183969,-0.08225077086770032,-0.0375403151644163,0.0519038063770701,-0.0006281837639901678,-0.07333912337119185,-0.14207194843861884,-0.033951336008034357,0.047481958166656665,-0.020662869782178826,-0.014403480978163229,0.17956130100145165,0.04958994440574554,0.13068360160670783,-0.030629100383556082,0.11650705908859495,-0.029454722396083266,-0.036883162712898335,-0.005357503521659167,-0.01124813329251117,0.04038079924059422,-0.08682412797552934,0.06298629980581522,0.02912024876296544,0.03409177073238344,0.027176795375868902,2
135,sport,-0.12395994454789187,-0.11568177984439651,-0.14987206542105308,0.005556855277719375,-0.02066504106775682,0.027399663190037123,0.045614612178717956,-0.1462708780142361,0.044230321942051856,-0.04683963423421216,0.02963979056369732,0.08551024455301769,0.002530758516903328,0.01751086427552323,-0.08301004256551725,-0.036367203039191366,0.008142116402963097,0.04186192957092937,-0.020083637753760243,0.049642961695003776,-0.019231881927094477,0.048667165196113985,-0.08289361486261468,-0.008328009635970296,-0.027800206229255928,0.10346118726746385,-0.003874461766744103,-0.1287892251360861,-0.027009365122775984,0.06231386684273169,0.12437566368063412,0.08298743960665111,-0.08762878308178924,0.07998931896582505,-0.11528051236640703,-0.21185878171906256,-0.1656416942147685,-0.05651023509615293,0.03634933411255301,-0.1089936945076904,0.004542844121683869,0.02093808582030399,0.10356565370608845,-0.06111609186194984,0.14341144240242645,0.05850737389169155,-0.1497961976136904,-0.027816007112763264,0.0356321126947281,-0.026571429758192582,2
136,sport,-0.18988244680980007,-0.14533173071831568,-0.10451749442443513,0.030890890464672045,0.028219905706062434,-0.03407367440414172,-0.015910033554144075,0.1886679506709559,-0.018603163588733995,-0.04211484893247082,-0.0568611347940072,-0.03233230552951385,0.049622018062894964,-0.043603807525788595,-0.003193359309921035,0.015514688155390107,0.0023932993285125377,0.08258693911611363,0.029558667128379176,-0.0026172050547919475,-0.05884180484663702,0.004889705640522541,0.05908929247102174,0.055170424875978,0.0662550445821018,0.022271133673559117,-0.26772019902115046,0.25903046253876577,0.3382487323496192,0.3533164943961605,0.05514555900778027,0.06015211216181131,0.1650767188462727,0.04739977326511983,0.17213731526903633,0.08075522780210811,-0.15930535135901577,-0.008669051091287402,-0.10393780295275243,-0.05208546984682667,0.03006539017603614,-0.04256638292615873,0.06735082892971188,-0.06332433857557515,-0.06710639244119326,0.051152090055863214,0.03041735267834539,0.061841146193475784,0.03986135811781563,-0.004382425838115743,2
137,sport,-0.25972641450659234,-0.028446894481318333,0.3159877287217284,0.07082440184950792,-0.19941870772394626,0.022202887456924086,0.00097989067982304,-0.017242926738680643,0.027138951570157832,-0.010615122955074035,-0.0006033404267127959,-0.0017442028010402268,0.015541145508011884,0.043940831642998425,0.02100764982757645,-0.0019619243362755767,-0.008783506679013004,-0.0008814021148739887,-0.002261138204384588,-0.031191162266269033,-0.005462325329165956,-0.005377703270860611,0.01851163156619895,0.034341511857136034,0.005486478362460691,-0.034281250929159374,-0.01835321833718102,0.019429279007935632,-0.0380897284434403,-0.049154977739617405,0.0013143003933437725,-0.025626282415798743,0.015116955171832851,0.015145182295201096,-0.011552421876371576,-0.022015740210468402,0.029854184347865433,0.014439258738773985,-0.038737085686904704,-0.009211172769673502,-0.0331741914884388,0.046771411295794256,0.04442250031698578,-0.048009645650606,0.054096280598684196,-0.06543430885222498,0.027648797444302275,0.0760649009543486,0.014237778317281421,-0.014914819575177391,2
138,sport,-0.01830664945505388,0.11334718042065522,-0.036471264128531425,-0.14304381545765965,-0.04239044310088703,0.225110317473507,-0.19810757355556718,0.08732136857025995,0.0941539854631416,-0.026227063003341006,-0.0054654821824423145,0.03782601852735269,-0.10255774632153031,-0.10779637009784543,-0.02281481848625468,0.13002465864836535,0.058491967982920466,0.16197084112681734,0.28475374338438153,-0.07052530272100437,-0.035400911216073014,0.1084851018281846,-0.04074452956967063,-0.20104451542382462,-0.11138588326518324,0.021343801782384975,0.0606197305312779,-0.04767254402257914,0.017940911872850854,-0.08314798816787601,-0.10323419116086291,-0.06847020824819922,0.10676258751963931,-0.06260770846546905,0.08485920579275899,-0.029273710605315244,0.011999962077072778,-0.07991096257386536,-0.052284902300215284,-0.1008435076460082,-0.051525779699420085,0.02876388767230222,-0.022454334803636393,0.024306009435184416,0.021352772278105385,-0.020994978149698813,-0.008391295122751162,0.09018467995891066,-0.0141409041999566,-0.02654442580610153,2
139,sport,0.05046993304661272,-0.010068963276542636,-0.0029496806667320226,-0.11279422991382651,-0.03101773124198178,0.11086557394679282,0.0766812063101971,-0.028611330380117643,-0.031138788059087475,-0.22006559956207233,0.0948568462462458,0.2964603257448812,-0.002538779206476203,-0.11116674482352813,-0.11547056304908361,-0.0397498144606334,0.07068682789177794,-0.15402968412057882,0.12318050483981026,0.12568189165762744,-0.04282436479676314,-0.028978489034392693,0.1138179580041673,0.06443071072976395,0.023471475376250456,-0.048870466962787254,-0.09207847145880046,0.03828438174684268,0.01298904987347999,0.03216786325294287,-0.008915704194122447,-0.03639407996388932,-0.03876978000938122,0.039055564198025534,-0.15088653356142281,0.06867961498909733,0.06012024232265431,-0.1926857098234843,-0.1431604937074392,-0.029269857159842757,0.044816259045019624,-0.014604725711563581,-0.11978124068410821,0.012919787940066955,0.14651087508711216,-0.061398687342697385,0.007718179796018915,-0.008085646368746117,0.015885077407050894,0.04784685347433675,2
140,sport,-0.20107720664307852,-0.1543409870680138,-0.05383841929884405,0.02117758641513656,0.06749512738839673,-0.018775406444600008,0.003569252522389206,0.2499286122728914,-0.019054385888167116,-0.08148958665473059,-0.09781123369060099,-0.02734344732844024,0.05515553795887629,-0.0070332893959587275,-0.01334952376969806,-0.002147366208991451,-0.004632229361554662,0.02388237467264518,0.0322689842226904,-0.06504972679420622,-0.05189322412631356,0.025708093244301723,0.03382628239080463,0.03837888677381839,0.09624873405765169,0.04987969432308393,-0.30769427744884115,0.252407146013927,0.3287907731098148,0.3285547071518751,0.03601574520666219,0.11403902457102044,0.1917866614854136,0.04214401286927506,0.19085050958121683,-0.0029611074713694423,-0.144782950265497,-0.033839488196287695,-0.05633502277868764,-0.08276511555911345,0.044299141912342375,-0.02474401735420656,0.06677125873000808,-0.051171134703339616,-0.0067616502079457345,0.05569182549543262,0.002053383372204013,0.10112989507069502,0.025757790188448208,-0.05499154108558061,2
141,sport,-0.1628330966068824,-0.08791747716369737,-0.03798261276063842,0.00581705940406159,0.007637368688702152,-0.010899861085614127,-0.023507181949535046,0.5681286290569768,-0.08351426139475618,-0.09130445749796177,-0.15397882369992313,-0.09268607133231639,0.08109076829239065,-0.045073955021127834,-0.061936193825112826,-0.09491910728751127,-0.04025684700391495,-0.07998147349243498,0.009962639976279662,-0.0010379095837428156,0.015188290910532655,0.04913177748581432,-0.043374890835538915,-0.06130690693133109,0.06864746555681091,0.040241362424300826,0.06576984838138168,-0.05918720802394881,-0.0095913061453729,0.023995862657549313,0.039394645972073046,0.015240570375410706,-0.11965931990187129,0.06366280990844586,-0.050550999703561236,-0.06609769279741419,0.029894283212969414,-0.015324737834157139,0.00010684586670413962,-0.054341984177025196,-0.05552926214313663,-0.0037875614265542186,0.03893686215407967,-0.028830624468131238,-0.039439016726007255,0.010760025452363,-0.01561155422931605,-0.06551782002344846,-0.01740738587153862,0.004723938455212446,2
142,sport,-0.08269497279654522,-0.03371832900302657,-0.13766885216117752,-0.00773417726453446,-0.023727179124513702,0.028950309506901552,0.01060086950830169,-0.06145665528053389,-0.03973721846657787,0.04320614748964831,0.024026757939327455,0.019090716581039884,-0.008258608182837784,-0.06445877137864661,-0.0503728512067486,0.03161654278136891,-0.0399426024741839,0.02503688305190261,-0.06868619259418901,0.06660172336675563,0.0061616069155476,-0.014789067912795488,0.01328314517574596,0.041761306894461725,0.010095778922905972,0.0225976357819069,0.0441062387964097,-0.013569913342304143,-0.0439994913325596,0.03098847454124914,0.02880153212145844,0.029414908859137855,-0.036253697565209776,0.0662281394578857,0.11372816099153256,-0.012388924354611863,-0.12500672001684407,-0.054591340941651086,-0.18054834836162856,0.005787886585921413,0.031742422794780165,0.03257937734199798,0.1257352804507992,-0.09392470087481321,-0.16198564473923527,0.12205613266621698,0.024959124640992557,-0.141024055074706,0.20263067613122926,0.2551209238358266,2
143,sport,-0.3940850202346957,-0.33239139374484034,-0.35270134948852216,0.08413303880536989,0.004281541517308173,0.08438389940437245,0.07163705848595635,-0.15554874786622028,0.052862714323397564,0.04371270069662745,0.010316676955459523,-0.017614579191016992,-0.02573241065539511,0.06265111189592697,0.05451953093124673,-0.034526186800637355,-0.016475367694367034,-0.13874251948460103,0.06823523176759247,-0.15597750230471752,-0.0023999630707114607,-0.062295410598406285,-0.03733786416314857,-0.04657283436064146,0.04935450723501238,-0.024418459552998147,0.017541133952663795,0.015879999824306386,-0.028746112676258043,-0.1015905983433357,-0.13337831996072147,0.001939466219468914,0.021913469731575732,-0.030676300589960213,-0.045610206481586514,0.013257945102054886,0.0735706068350639,0.009645193966978886,0.06806555870156733,-0.01866546985095374,-0.05139273097900936,-0.0788075424023688,0.014409872317745322,0.023507833470390076,0.05432423865444157,-0.09784191471906863,0.1055925174084911,0.06138070502567862,0.02570250622987595,-0.007608795644070579,2
144,sport,-0.22146504242153822,-0.1929702451991869,-0.25701805389373616,0.07207517471335777,-0.015241761878921106,-0.0051774886621520945,0.04307915829612195,-0.11818357941016178,0.03349742067925206,0.011305889973961132,0.03506741490866738,0.01760811569263972,0.033690120304773044,0.045881523324437436,-0.053352985328344926,0.012377147397860905,0.010157657592329903,0.03060884385089695,-0.03645738840125841,0.06750524525737986,-0.011063258177397194,0.014062688230567113,-0.042687200615768334,-0.02900536557473633,-0.06883208902191418,0.03319759749525233,0.021194670448532082,-0.09169346698737872,-0.045029792753689075,0.04404001520175548,0.10502298426307628,0.01541297026656219,-0.10087733086933236,0.06845747740087264,0.012063873465548037,-0.07552665959202516,-0.0642507877670466,0.013318913705294536,-0.12889027066049547,-0.010606002703906197,-0.07858496937394677,0.00386509864619485,0.17694950640453713,-0.06572640987046946,-0.051270933702850595,0.12161614482265781,0.004657139177557578,-0.04404566863289842,0.003335063080097202,0.06449603253027685,2
145,sport,-0.19613534700244767,-0.11353462757116771,-0.06795340090084023,0.01304611798584697,-0.00275101031908884,-0.0054264727280988,-0.0004470849493986907,0.5284285977608373,-0.09929178140841062,-0.09163054361766157,-0.1493775567025789,-0.07893948218605541,0.06542104977370168,-0.025196825762696273,-0.07276986708130019,-0.13037495380509678,-0.05208306915076174,-0.1077360013174627,0.027789389164890467,-0.013332116511859267,0.012022500185778244,0.02506636137031916,-0.06462415757459918,-0.06316139470093972,0.05061740550981749,0.034670389557114926,0.11737834670994932,-0.10783068068037727,-0.16695249135314927,-0.10066746198172492,0.006880373429811844,0.017315372227978888,-0.1215383294886747,-0.003907961370788351,-0.08734390755416858,-0.02943333786459901,0.07251077421029443,0.02881082026565791,0.03555414492976041,-0.006313974052060663,-0.01271898678097213,-0.017188176352241277,-0.007511388565236428,0.010659671366892042,-0.008031365647180658,-0.03146501204555335,-0.03156689855918302,0.002402223509219167,0.041550712323876374,-0.010492680315830717,2
146,sport,-0.32482219659099637,0.003342506241140388,0.4364229255885807,0.1320496028504921,-0.30753208799677595,0.01613838243345183,0.021657780623835263,-0.07070705194931923,0.04764413412302044,0.009286888086153742,0.0015107383641696215,-0.055205387771559145,0.04317999205047334,-0.012873456109195347,0.013959418819610376,-0.015836845016278033,-0.013702937272998782,-0.028252298522696166,0.004546526797734098,-0.030979728488473794,0.01236095103434671,0.015360982277260219,-0.0008664558202451565,0.03893961151102199,-0.054938814686896105,-0.040505249137296175,0.05705423819152918,-0.038576366558651064,0.025349421367866866,-0.028655257752439524,-0.08540822350416039,-0.010186161552976738,0.028253811548578974,0.06921133208388129,-0.0865360211259315,-0.03000972533503237,-0.05572936158657232,-0.0357386989080049,-0.05227399640961075,0.03742446791630507,-0.03654199920082027,-0.07950451626836048,0.043149392764109236,-0.05799962844073602,-0.028215316143718406,0.05540833745702205,0.0014313791408997374,0.010973930011808013,-0.005767392040066603,0.03445441965715272,2
147,sport,-0.021806200292764106,0.15686233934344168,-0.03114106236318798,-0.08478611071097074,-0.06298504013776296,0.15621847102397088,-0.15177862051469343,0.03714652486674678,0.008692675081178679,0.05715340337113995,0.027940846124584192,-0.12000234764337148,-0.2421886125836571,-0.14286032057566,0.035511776222274236,0.1534440090948424,0.0644533846517936,0.04742606797308666,0.03420576393573429,0.01988484356038376,0.0911696921905448,-0.06453314418597414,0.05521458561704546,0.2331062796019935,0.1516326935628449,-0.05338540064006019,0.08507247508199814,0.153462771337196,-0.12394715669571783,0.2338020712688194,0.07622455610813,-0.036500256308604366,-0.14920181436282628,0.022932460623188797,-0.020833595525235598,-0.07887699249900369,0.14789719044998903,0.07407587739609825,0.003700159126378839,0.0076440899375112585,-0.06823190741418302,0.010217521368245731,0.11539400060888849,-0.0221824150271835,0.14263105981608085,-0.019448820971154437,0.002357462856178778,0.03503240552844977,-0.06730856765960784,-0.06816833921501665,2
148,sport,0.03047849583421408,0.2231564141143054,-0.09623432002088685,0.01514037967553736,-0.019893406505158636,0.02810302129789815,-0.11054234006698067,-0.08866474386944705,0.113078265193194,-0.03255246298349801,-0.04853692622364648,-0.053278209345866905,0.18729505639905805,0.010112739303809855,-0.08463441406097617,-0.09281424316469282,-0.007649445070158353,0.07087797124488358,-0.011634442989639079,0.10077206945015615,-0.03280232063168604,-0.036799540102168536,-0.042542454643369546,0.010605551848817622,0.10283817998322309,0.24926346788590187,-0.00933735138570562,0.017176863038267053,0.02770120881813579,-0.04958650754225997,0.1388689174672764,0.07807042697897745,0.14211182981790021,0.04570337493361251,-0.18418785599232373,-0.029117197759012513,-0.06211390491018227,0.17564999920286356,0.10615140135265802,0.1327715152508458,-0.12651066152272727,0.08301447553362411,-0.008146799041763506,0.08128791753152666,0.04449633615626286,0.02577542143037223,0.1490597842792917,0.21371079320864508,-0.03145123652105607,0.11185057894855605,2
149,sport,-0.10378531644138436,0.2238985849593335,-0.12202085657143107,0.13943136541769016,0.028691001139939457,-0.17689600195977218,0.08625155235492356,0.01188256924178397,-0.07884456549478029,0.012614303545713005,0.020603857533575194,0.05524763658188275,-0.02330546419557494,0.012040631766250365,0.03505149606401183,0.08941530413863721,0.034110553211749474,0.1192087921990569,0.08128401346797004,0.03285864622836878,0.019523377856062816,-0.043430735848905035,-0.07728316449673027,-0.07685686919461233,-0.06650596919121049,-0.06522548866546961,0.018307849981120512,-0.00791674036714052,0.07138096090171003,0.01932637030456185,0.08271928050179277,-0.11384849244125596,0.0071788898852989625,0.021381830839834318,0.028898082410861392,0.08308521944306785,-0.022793925445943594,0.0627082474615717,-0.08433101785035062,0.10295141762597874,0.03373870656921035,0.09144279015520276,0.0940561585968432,-0.15849373170091538,-0.007979264967548524,-0.011613664364094608,-0.07786157790846206,-0.10741463570476063,0.08225533375686939,-0.14506108130701517,2
150,sport,-0.04491567522283303,0.40075791628468305,-0.131827222362953,0.19626692402119747,0.004346445287299383,-0.20320713798318463,0.08246389545153733,0.038214611668969965,-0.18217988109808164,0.04373232681313067,0.025756431211018636,0.06272617660664553,-0.019730644873391198,-0.027615040436699927,-0.04186758709742948,0.034168498462903506,-0.04974457424137677,0.07319887932861502,0.10742129702636483,-0.1078982014871938,-0.009212232077187597,-0.22191395428138552,-0.037937440991302765,0.14333350780082868,-0.021287524991828122,0.038731616925580054,-0.009312257467681094,-0.004279968630232369,-0.058527461109350754,-0.039276951657306915,-0.13760170918047934,-0.06879707306053662,-0.018691496374549723,-0.04517976382975109,0.04939576139116772,-0.10582690282101823,-0.13055265694104326,-0.00032068233420856737,-0.042958244024068025,0.01955410701981905,0.016784451704093158,-0.08739811742864538,-0.01958589684506076,0.0849330700501792,-0.06939408066955566,0.04068243221264837,0.05973637217024086,-0.0251934977268158,-0.016214989185406217,0.04829908947164037,2
151,sport,-0.163896826198138,0.08961137205472446,0.16583684573732757,0.06258446766025426,-0.056439586845528814,-0.05870914844612472,0.10894572454671406,0.003248147889195306,-0.04936983939599255,-0.04919460595292185,0.012956047978728296,0.2329393291218878,0.0038169375904735297,0.03794010859205544,-0.01574018005689878,0.1155754157696345,0.06150994171627881,0.026218596926696047,0.025091142539505965,0.09722304783556664,-0.08347407701313617,-0.12425676579491501,0.21129904497759638,-0.16545076739158626,0.26040619313180713,0.024478592678019752,-0.15263063034793845,-0.002476843992860462,-0.08507315290571685,-0.21896004329931149,0.168669416524343,0.09139738091569459,-0.07644140273704095,-0.0791836536270538,0.20789265407322427,-0.03489326510112814,0.08418134557180808,0.07374877860138636,0.08336112539971087,-0.007169775083379049,0.01948237589578675,0.07828455460145979,-0.03857951001848073,0.007573271245199645,-0.06210937328261217,-0.034963326686142174,0.0767438187635346,-0.053349146241184635,0.01746367854227872,-0.017706123118349917,2
152,sport,-0.2390635889408856,-0.09709920808894121,-0.057938704839301955,0.04986301552835256,0.015157913290062608,-0.032131296385466614,-0.01985847035577321,0.5207693012858366,-0.12899193174524676,-0.06344846502204203,-0.1605956077570116,-0.08065052326444846,0.01073383088348685,-0.03722231283506139,-0.03625381073287223,-0.10957922415482872,-0.06331921801201018,-0.10942213256712832,-0.015676380370645983,-0.02893353236015757,0.006296848436293923,-0.013612682513140012,-0.030914497523714758,-0.03357626884922068,0.016521154993498204,0.041816101416881225,0.06857421810347661,-0.06425124145760559,-0.1471130838965913,-0.09665258012255677,0.02532888509964856,-0.027156272462576705,-0.04585427202263613,-0.004724435430014175,-0.06367275215082122,-0.049482734061806796,0.06653205221344739,0.031739542756246554,0.03913967126823185,0.002265882788568743,-0.019706848449773565,-0.038010653356907786,-0.011402622735063452,0.03364961067332419,-0.030851289145654603,0.012368029333777742,-0.09614262281243371,0.051566684612648225,0.006037788784506862,0.052396037378886214,2
153,sport,-0.34065137988370375,-0.015204513001348632,0.4422010352412022,0.15835057418352178,-0.33211908546798213,-0.018384421891445107,0.030356654671002303,-0.07105971062421808,0.018468640864800743,-0.004067551917731956,0.008600147419641447,-0.02976240391476994,0.02742924188115659,-0.024750462881568475,0.010360097909688172,-0.006888363232956843,0.016941431115805195,0.011961003463021178,0.023266961527500817,-0.016418992100539122,0.0008650887549247047,-0.0119490745789891,0.007554156762881564,0.007455663563440617,-0.017850695716684777,-0.03696955388092828,0.049687858566253885,-0.027284256505844203,0.05458598021538267,0.008290146993826642,-0.03588372203410445,-0.005235194352328983,0.019088266386561484,0.04897798383175485,-0.05466896414905424,-0.006484758905397728,-0.04368973302860623,-0.03399591506479976,-0.015976078567075617,-0.003240859780479139,-0.027330231446618076,-0.03516210331874217,0.03026566380937159,-0.027236460673808634,-0.031913071131719775,0.015326933276077386,-0.040574488421576876,0.010880752039443378,-0.06219416398272919,0.06679473098369312,2
154,sport,-0.08581010372427558,0.3099613667560284,-0.03252957122146308,0.16757172992721037,0.04765867371355818,-0.20896327330360076,0.10036014396298536,0.07273071274957413,-0.13980753056639683,0.051484852722630564,0.05035081114004061,0.11676844401740098,-0.09868687834873882,0.0796073244495381,0.024237411855686192,0.07447837089678948,0.00021837785810308947,-0.0010418224184175105,0.02115049227837786,-0.10309193120659725,-0.03439121169239268,-0.04060968946658634,-0.06651911813512024,-0.03269466181951004,-0.03910420343728732,-0.034878410190001714,-0.05470416258740182,-0.07820562581349096,-0.04566664521381999,0.040924848383041335,0.0478472947033087,0.07767661355630402,0.030891241487783945,0.009303436488659564,-0.030367354154406542,0.010084600824021683,0.03702490956039499,-0.014383759593414482,0.016430908453765,-0.018392787717327597,-0.028813120305249688,0.03870919989648612,0.0010511271503511148,0.04507008498837554,-0.01701728698031368,-0.06989055533306708,0.11273878820154042,0.05080183494055053,-0.07277454625821712,-0.028482773556185944,2
155,sport,-0.023872358462235108,0.10451568151322108,0.01300285941183863,-0.07355248274226475,-0.06106217292303489,0.09395584787748285,-0.1278894508761561,0.03182308066141194,0.06711309906954809,0.012574689371864048,0.06562033555754006,-0.07834371395934421,-0.18697621459851285,-0.01264732023816614,0.08101626048690468,0.08286469094170486,-0.024588028503838528,0.055588036806778846,0.04844840094137107,-0.009940942482271852,-0.01891860521640525,0.00907974186542373,0.08146891041360163,0.12277146709137883,0.06518952387771809,-0.07543156831391638,0.04255482419733959,0.10679868942658456,0.04589732494201878,0.0991408299341335,0.02881571550264985,-0.005370535395878059,-0.08595664814967106,-0.17250197032764306,-0.16872516170140972,-0.06987883299400548,0.008095207969157128,-0.06617046065493203,0.07229802211036761,0.11698665759861154,0.043035477217740425,-0.012815390781643095,-0.13423768420110743,-0.04270268838299981,-0.1215328315304584,0.07570731268419094,0.11836416159599766,-0.10076588678499622,-0.00966722821282777,0.03814454884080322,2
156,sport,-0.04896605416478853,0.15071400411216862,0.030310055341315797,-0.017723399037920803,0.07817631825115526,0.05389731012977734,0.009827865577124643,0.039759731868465965,0.1702117314936726,-0.08059668375233574,-0.034650443397417206,0.08689821248688237,0.056142583513916294,0.12599875567700736,0.04821535102418451,0.0059356416206419165,0.04964032416914062,0.026882538538019377,-0.003940170458276093,-0.11858969029791036,-0.006369322984274617,-0.011032774229627732,-0.1174497484497679,-0.048309872449745044,-0.03294818333397235,-0.04154680955558738,0.06391491000394062,-0.03164340543052869,0.0023226865412730724,0.0962420357330301,0.1257597962676372,-0.07725874306021789,0.05678536730740047,-0.014355668496049754,-0.031684572050914094,0.029927791964919914,0.07783081250074728,-0.003025799589993891,0.08011467029854434,-0.03960929174740561,0.010356550386876807,0.05151332224351695,0.19764106755100458,0.09817246120393955,-0.11596693222821229,-0.17834247417731094,0.13436268910044807,0.19945823848814723,0.13481876445698515,0.056693724400147076,2
157,sport,-0.1892117932289447,-0.10832556798880966,0.2840949159863521,0.018258266389602356,0.6839833514255688,-0.030992102266999746,-0.22132605651326254,-0.1423940985723932,-0.08381454832146476,-0.001092952155493086,-0.021139865464171983,-0.09063735741051836,0.06656413035766746,-0.10307151738944206,-0.055088172850429426,-0.08005931983068894,0.03600296149211144,0.06661672583482012,0.12103216879793895,0.013894609803091405,-0.01640615564606148,-0.11630471376646762,0.1046553834922279,0.06491623480099853,0.086617726602826,-0.15953656900026839,0.13695768428137092,-0.1652048194628341,0.08703445904304491,0.009549135470074249,0.03125757376599431,0.08323057109009548,-0.0019099472475501695,0.014477050467952323,-0.0013997935283354423,0.00970731141903998,-0.03617439752034455,-0.004603248891903282,-0.012506430703270352,0.00381554976808542,-0.006102445928651034,-0.0008644200352670819,0.0004255130294374602,0.011580315693237801,0.0029200414841723645,-0.014286414169999227,-3.304301851241507e-05,-0.005528537108563027,-0.025621186138272734,-0.00018647366188772956,2
158,sport,-0.2144256649298936,-0.13811309922206572,-0.20958300497922253,0.06126606455356528,-0.01956326475792267,-0.0025687377454310127,-0.002566407070910529,0.04301207682000461,-0.04099288912005557,0.011662557509199978,0.017924638439144956,-0.0005261818176538037,0.009441978201349255,-0.013557751418028426,0.04383328813628903,0.04037893999789376,-0.02551910497525931,0.05859907768689621,-0.0376527311164101,0.012636664723446012,-0.014749025360309245,-0.013997720292609442,0.0578413679352718,0.014180953781019566,0.036137436683097116,-0.031921981536640366,0.011180765297997405,0.05324396496757053,0.048252577361818906,-0.08959831781457599,-0.05986431109780836,-0.008567493061365799,0.10425252748625333,-0.006239049664286684,0.056369823162778936,0.12542764892492292,0.03203860014566573,0.01884500394277982,-0.059620123423885604,0.11208782536065945,0.05933504801990622,0.22770659610825777,0.041062677775293155,-0.028894597541663843,-0.07195689370871818,0.17282112280033848,-0.05441462983254946,-0.12708006441805422,0.023585083346744414,0.11908746685342733,2
159,sport,-0.207971305765705,0.0038275848534866526,0.22711739603949138,0.07443940004672013,-0.02545332480100448,-0.02540408379179673,0.050202745908006094,-0.026705404260335613,-0.01880448298601506,0.021005932000153032,0.013461852003688532,0.0898444668743336,-0.02756824232151772,0.015724126838614707,-0.002801111206596653,0.11090619304159001,0.004665379091070842,0.03748613656469603,-0.04194509480328836,0.07161427993339443,-0.053511014015841074,-0.04648491289702558,0.08504378144582507,-0.0474469689874816,0.20057812176089526,0.036338801709687396,-0.16194723666839622,0.052635533295036736,-0.025787118063599786,-0.16164221193850017,0.06578881608477433,-0.035395130963450885,0.049827628457890995,-0.0997959763882177,0.21762213730620886,-0.08876698337304835,0.13614521361531198,0.1048528582008747,0.17325196441591412,-0.05205632378414225,0.06303416313058895,0.2471086951133359,-0.04148450270121758,0.08445535628624344,-0.040581666866251864,-0.017127355726494695,-0.07297857490992692,-0.11914548814342003,0.053998381446830244,-0.009161858828838965,2
160,sport,-0.107974632230655,0.31893931121674063,-0.02647781458835945,0.1011499509358202,0.022544940139846998,-0.11309149754738525,0.07577351728216165,0.05550960446003413,-0.1594175611420674,0.07395550538040181,0.0306007138130074,0.08655369684516813,-0.16490409823546248,0.017859359804555962,0.027333499171606667,0.07397320876723265,-0.04554179474954742,-0.07402293268637544,0.029557076741060912,-0.0644366171877374,-0.009233318159144363,-0.07991832510960749,-0.061239196095057076,0.03850155145368124,-0.03885090785383933,-0.03131121953930287,-0.05267915270634767,-0.05667642991891731,-0.06514083516825805,0.02350857584958079,0.05245921013237678,0.10463946823646131,0.042837484160459544,-0.01994888603047198,0.05962159784366419,0.0009361060318061804,-0.031058863645291635,0.06969543902106778,-0.038453256102878974,-0.08600415227518499,0.05288406882881531,-0.09026474526472004,0.020538198825936084,0.04026341390692971,-0.03625259023788664,0.01412495655283624,0.05739697941128756,0.043779651135059126,0.0809166199496919,0.08481104397725314,2
161,sport,-0.014725537980310718,-2.4383104416337484e-05,-0.02943557810091422,-0.069998711073024,-0.007502956472014086,0.024764299352597312,-0.11416859390255671,0.15445953760791145,0.010640609019073453,0.050142879222233996,0.10467309609268202,0.00815129432816216,0.076254616697174,0.062652641093278,-0.033957183050039835,0.04207283699523129,0.16236077956553435,0.13465403036281437,-0.033283068765497546,0.02194159072630769,0.05478485034470819,0.03412734414259214,-0.017206921597557975,0.038443238351797006,-0.020460069182883983,0.012873866353550043,0.029895831081706827,0.021401298226821443,0.12562430517909853,-0.049972961577182014,0.08606848693873999,-0.0024877192565708416,-0.0772000413471878,0.08104850182425101,-0.07519168739973404,0.02315755030119244,0.09175179669097262,-0.19388907531860067,0.03280269641669052,0.0482838189349477,0.09632057181730556,0.1257449590174283,0.08771860361642947,0.12312648556075606,-0.05572289421714664,-0.12534901262971196,0.19932268568574976,-0.08613377828474342,0.0007841462654139284,0.07532711482930962,2
162,sport,-0.3483439548335421,-0.03480415857478689,0.5113665848490666,0.1694596338944504,-0.3264418095896502,-0.016323285418759804,0.029193747291442165,-0.10088573944086904,0.03410181014412525,-0.011995777227836377,0.015848860219939802,-0.03409879226899067,0.05224247408564586,-0.024831251448556066,0.005298678997893958,-0.025512009039850438,0.020197022700215075,0.020282656235304966,0.03729241306189211,-0.03204028815617222,-0.010283173651508826,0.014778067372099517,-0.013996747878576386,-0.018762186817925373,-0.034146439935262944,0.018811603868358336,0.03062825126464172,0.008869548283083102,0.029155886685903507,0.04798343678971405,-0.00803452613141286,-0.021204788406805494,-0.022851986976761905,0.05567416831757806,-0.04940091191376661,0.009059234223146527,-0.03349497593991598,-0.02982579128125014,-0.01656792676177157,0.005972381236612947,-0.015250649850646428,-0.002281090122141312,0.03049103732679552,-0.00904460223792119,0.005674842637460135,0.0030551539161396478,-0.0392312396630097,-0.031555731236562086,-0.034067107800230395,0.03204840501278825,2
163,sport,-0.02421316344968096,0.14736865289238382,-0.03676727553870107,-0.1279733457967905,-0.033280833839178355,0.20936063612574496,-0.1954206033411005,0.08250335160211289,0.09501480919909822,-0.055248964827273435,-0.059017255829747046,0.012996805804350994,-0.10389046083417605,-0.012371928699335085,0.07197784813327918,0.14821202385834847,0.064509927269471,0.0768283869246655,0.2605889964247314,-0.034568340884045166,-0.015773541044956103,0.07480395435124293,0.05762515628239615,-0.13487939413119995,-0.0729781511013969,0.04913671706900668,0.021338674053047502,-0.06546592239156115,0.0132012479240826,-0.07136182683269335,-0.05701912406305521,-0.077349929387497,0.10425416061153278,0.00557758338591821,-0.03043101227322264,-0.006342169400882098,0.04150010913071052,-0.0025877144089030946,0.0277805112907635,-0.03683744687255082,0.07023691857935493,-0.07266486115439459,0.031521092883594774,-0.009659421266545024,-0.003942404113733923,0.0541836109397278,-0.0216063117856938,0.025343198133547178,-0.04823479049450824,-0.05757865515678471,2
164,sport,-0.16788397692678025,-0.11490217087855753,0.300304839483717,0.0031697892894905883,0.6943154180405043,-0.018501590061219524,-0.21578518171155686,-0.15308909353445446,-0.07798910411294817,0.008150389010339376,-0.01843975734084687,-0.08189939398020245,0.06152116375211146,-0.0944866138224728,-0.052601399473115006,-0.08491062168250679,0.021388741182859133,0.047834846370419966,0.11601997014132175,0.005034881571256239,-0.007646808952772008,-0.12007449430440642,0.09553351303674534,0.07675748003130081,0.08298864054438893,-0.1663327017481257,0.14683112072139917,-0.17879206174953347,0.08208257017296361,0.002540950192522779,0.013489130699278687,0.08024676290155132,-0.002585579594837501,0.014933994162775074,0.011144980906716034,0.00983837133264169,-0.0284110527600983,0.0012822899235653024,-0.020501932170348795,0.0012152470903179873,-0.00984948000990046,-0.013695295156581933,0.016960379407675617,0.006483971922695708,-0.006301233092290114,-0.007724356970013035,0.00026954911463840424,-0.005762945410826631,-0.01193211752649341,0.005391628932604834,2
165,sport,0.010408816937618427,0.08471337217658166,0.02263212290785225,-0.06396050085698306,0.030806559031716273,0.12893539751210004,-0.06494006185445257,0.015203006650861639,0.15115845349876644,-0.09301734633077843,-0.06946737191596533,0.08030244728565138,0.01697181879444935,0.05540489819349588,0.06910793214626602,0.12338500365300119,-0.059514589451483656,0.035260269493021,-0.08728430100306239,-0.0847780905667395,-0.005620289915047333,-0.12882524666638467,0.029870495997989247,0.036951392708561834,-0.025641120221919878,-0.030841142525242646,-0.07291474802243117,-0.08885590806927736,-0.019843134155271235,-0.007777519994894923,0.025278032602605006,-0.05491931474897027,-0.015055176460069328,-0.09356327269161316,-0.13078503826482327,0.011721623201357155,0.10862003173842245,0.002386796321029234,0.04378099581896203,0.046861903993571166,0.14020549987494543,-0.0329100016375638,0.13864467363695251,0.012004323590157778,-0.2334150650602925,0.15145879830056166,0.00668036874315037,0.038446077801919186,0.017505126206506266,-0.1313414605203713,2
166,sport,-0.30156851927755035,-0.22463723940112706,-0.3747149195044704,0.11648942122219277,-0.04763621137890782,-0.03889400941620432,0.009656780725489362,-0.13448130880554626,0.027902162604276717,0.029189575590271563,-0.009515325837764835,-0.01086700981670646,-0.00938519880865245,-0.020525700400836046,0.007000479407103977,-0.02899005805657543,0.023434507689306,0.023882225117989504,0.02635527378554513,0.041767824648777874,0.018800992930382676,-0.0448498391723596,0.022879242044482346,0.0009662723822903824,-0.023771123023413852,-0.01694511902123899,0.03478660279563079,0.004414350071710216,0.004876530169103988,0.011759999286907052,-0.04184251644554428,-0.08983837798685994,-0.050222530624126044,-0.07258866951772719,-0.0812283853190734,0.20263549607333908,0.07945952886533893,0.12772730796847592,-0.038302144846416794,0.07132405777970742,-0.03533266156786122,-0.102057331914143,-0.035507197841023075,0.0138059732282629,0.004312824361414254,-0.09158076500217611,0.086188482493146,0.02599443732862017,0.011253308891477892,-0.0618858130581182,2
167,sport,-0.2642966471149878,-0.21208735126058867,-0.3399005569108582,0.07328710750013263,-0.05411426590102574,-0.007879743212457546,0.03301050945585298,-0.2063942547825597,0.030175018391465004,0.005969375501265588,0.052749109066024785,0.06811973266277246,0.02485009081463727,0.023817752510537592,-0.06651369179003615,0.013191091220117974,0.018674085527495294,0.05933755408188671,-0.06700311426035505,0.12516673112995627,-0.0069317559216652445,0.03715510336889554,-0.04846654784932286,0.0006194386237202007,-0.11205918986966769,0.06656369583356266,0.04062009522293896,-0.13556402259083167,-0.0778745639869669,0.03565687155764886,0.17612488052614603,0.004939114704303675,-0.1264359258660062,0.05460061685648287,-0.03025058020868863,-0.12915433551086034,-0.1372200865656277,-0.04055684111217719,-0.1049251444672698,-0.06977886259975695,-0.03271182518777704,-0.005905023904169954,0.12539167586791405,-0.11280381651394426,0.014450309729701072,0.07186874164782904,-0.11931375447803239,-0.03155813742364315,-0.02805680998160923,0.014818228228557573,2
168,sport,-0.1663084730302484,-0.08733304368197065,0.22983043995357494,0.007874576057133927,0.42331027999999077,-0.0007098205521293122,-0.1022821448973805,-0.060870109145414714,-0.038376067073662784,-1.0891850146024916e-05,2.4859041609343955e-05,-0.027973678683249733,-0.0017857614760473867,-0.03607951703509964,0.021836889391164325,-0.03403929823445162,-0.022940101124515933,-0.044558616414959805,-0.03682609455188992,-0.04305606381160129,-0.01114335199080266,0.10720172757889561,-0.049798671910569185,-0.07643537999229703,-0.16183299702697682,0.3105941865857249,-0.18180933847102038,0.3236216188377258,-0.16609730272269602,-0.018715398368620538,-0.07616349121436171,-0.27661499690668956,-0.10223807261322203,-0.013452838226822287,-0.0492717323728171,-0.06712653935947252,0.04950404688920932,-0.04568168533011374,-0.012112735767161932,0.030564906257219374,-0.039381377840654014,-0.059272343952909846,0.0665701653582845,-0.041805507413125845,-0.04921790299573217,-0.04617681786033151,0.04101543252240844,-0.024660024155869983,0.01650841389747006,0.05060420947983697,2
169,sport,0.03161526238498458,0.38228584784783964,-0.10597222501083933,-0.01751836752272264,-0.00690599377402028,0.14472097766885575,-0.04740376791354449,-0.11470966942760027,0.1528570411889616,0.003745147635616261,-0.0752246096441658,-0.11411817871465689,0.14103400026935153,0.0060775246303276225,-0.046885608883408675,-0.20120530782407497,-0.015218820665449261,-0.1242500496706154,-0.06421498943930141,0.0707077173728796,0.029402433394148424,0.03985789710480721,0.00795269959527345,-0.0009984759328672144,0.06901058823073855,-0.027085577238730275,-0.014396938575238868,0.04161366500503844,0.04305043922374197,-0.04033649744667434,-0.03378279539351186,-0.02964385664370486,0.12964645835307137,0.10597185162103825,-0.023409961580374762,-0.108823840853514,-0.04029948532415904,0.06901890110077871,0.056723094015231706,0.0042829061167251785,0.012524842033281776,-0.0033149511731181388,-0.02947483422273578,0.03716772085992315,-0.0031541858602857574,0.02335437102563227,-0.036402266597131284,-0.12216493496925182,-0.006495395267299682,-0.006283917235283556,2
170,sport,-0.09473268374916406,-0.0691546118744737,0.018616507899850185,0.055294441942460415,0.040995287116332824,-0.08314028247618634,-0.005528060225930286,0.09741780010755287,0.012453941286465401,-0.019146595316949212,0.02280358380282551,0.08011228228480044,0.10224738934129139,0.0526293297879421,0.04058288905848096,0.14969734155279288,0.024475230153606888,0.34928833916159807,-0.17784677826663955,0.3331037135749028,0.029654664389792695,0.04101628264186978,-0.1620981963426993,-0.04342202510717077,0.10342270653768594,-0.20020732508086655,0.021284924284856094,0.20856115679273043,-0.1520842113384024,-0.05625600463825581,-0.19938547085102717,0.05155342002906816,0.08280867484761237,0.03897954687238079,-0.012562653693578615,-0.0009516752527900076,-0.038954431775614015,0.006675225846107531,0.012323583025279649,-0.04909787389295541,-0.01574902070315818,-0.03499657486841261,-0.03924122754751092,0.01114020357115303,0.05318244034198607,-0.0029683629063340933,-0.09820965322522537,-0.02620111761706073,-0.05755196493332551,0.01816835832420121,2
171,sport,-0.20887143339743866,0.02492376798803088,0.2641816945988311,0.05761350611504963,0.37309289028617504,-0.02632510079508875,-0.08507397277738069,-0.08995805261676455,-0.08077821139513078,0.038489690630919955,0.00854666330927962,0.0057794704410476265,-0.1004324455081504,0.0037858716212626447,-0.014722152570928636,0.02047279955318718,0.00025365240582574426,-0.06016537039219245,-0.06799450865894867,0.034006257372306066,0.019819262213816788,0.10100816851037633,-0.12838441831878827,-0.05294119982863608,-0.10170068813348154,0.11022669870098764,-0.11372646439971323,0.09181813972820933,-0.11579804043914484,-0.0075563624901005,0.04373031204959033,0.030658532728876947,0.040634001746773514,-0.016324036665440793,-0.06930998248977029,0.07101681931716944,-0.0023540197836006984,0.011658448884691898,0.01090540540179601,-0.03187940765304162,0.032039284873898156,0.0032251425562861685,-0.0540206317664279,0.007419294439583077,0.09364375136806567,0.08476826353665144,-0.06936920536604091,0.03932863174928179,0.007910451773701947,-0.08364307274701374,2
172,sport,0.012909338624848242,0.21230835065398776,-0.06266592558735945,-0.12345965334590764,-0.04399455011305242,0.2898038102402671,-0.2399056095617859,0.002450747920104352,0.19264609770726493,-0.046569176523642904,-0.05561389650453474,-0.03991149803575855,-0.001166611440956212,-0.07748523764101543,-0.01078639046176967,0.0930431723757835,0.05953854297306518,0.058909659347819554,0.20503873742715703,0.018599534610856047,0.0036237239283188447,0.02534693635971278,-0.04696414042533701,-0.12395306272009102,-0.029698687305490412,0.050457130145644555,0.016614093601395177,-0.02750284240914452,0.05381494285859087,0.009726194965237363,0.017476194991273796,-0.07582133293566745,0.1177550137693846,0.05836268520676646,-0.0028611008506286093,0.016584928608497487,0.02874309720425219,0.03668387436353814,-0.014424509300869668,-0.049878115625094394,-0.032978899572743484,-0.01105414321922051,0.0007353779102781021,0.06909845881816407,0.03242352495840673,-0.03339177180822655,-0.018218339809532313,-0.03206301578246916,0.0016867087401446293,-0.04034575815413054,2
173,sport,-0.33624107641991996,-0.027835549169930775,0.47873185063873025,0.16748601679444036,-0.270613896662956,-0.012130287833454378,-0.0010813177585211739,-0.0941496597165722,0.03412024618936187,-0.0036972949550691265,0.009882403424741365,-0.032739665058878736,0.055488466774066054,-0.025692830559951974,-0.030096407341371596,-0.052438635846563886,0.03650203047555589,0.03137915633554081,0.06356558253627011,0.01583592688196384,-0.008044751139364224,-0.012105139938149623,0.004681682342700017,-0.019655692736288904,0.0049512946982868304,0.038716293667398476,-0.021256578974957998,0.0318255664578583,-0.04754077811959456,-0.00839137931338231,0.06473743390558052,0.01645185220232355,-0.012674054985458455,-0.043360170367061336,0.0589440524957354,0.03249866645782589,0.047615721065352154,0.038191319684185196,0.040490969188885347,-0.014217066545582451,0.047559989955031384,0.10475499727198795,-0.05118258252612594,0.04199330595133456,0.04070169337122636,-0.04111415262929773,-0.006364255181761746,-0.046953539891676006,0.006762626367733987,-0.039734627124330395,2
174,sport,0.008881217871440595,0.2673794452088748,-0.10276357386752916,-0.05631999387861466,-0.006245934751757985,0.15438977513161764,-0.18630680768065982,-0.06808705656216064,0.23245061591465532,-0.018942722803318872,-0.07674615896182196,-0.10481227232593865,0.215251041878177,0.021669125208342566,-0.06743016283065721,-0.09231534465548877,-0.00886510615664318,-0.004641732169251927,-0.043873900321796146,0.12622781716210313,-0.03945361305199182,-0.05242665337909792,-0.022928384898644582,0.0054914295932855925,0.08848854671380092,0.20682544544340833,0.017929705794413265,0.018453739114632613,0.028129196757591103,-0.062009702308923914,0.12962776807072085,0.0410367340658498,0.1395973175866731,0.08816810619326744,-0.15236303158510273,-0.05946333984726594,-0.13235466408242746,0.2299119016798317,0.13487985707625288,0.14849640025384,-0.09245544262473875,0.026422650372541566,-0.05877204731752536,0.08427580820503257,0.0022329957748713296,0.012927518857573348,0.09597290541308658,0.10971383800065111,-0.05069303025371826,0.157387325632775,2
175,sport,-0.06135727423099722,-0.03760172550782244,-0.170386499424539,-0.038223167396115365,-0.064740784047624,0.11513664458235984,-0.0001550564945416952,-0.10029045892032705,0.042017138197627084,-0.004400887802996862,-0.020663551148676306,-0.07404925445589491,-0.058488805208415255,-0.11459827441028594,0.0032609070500169376,-0.08546804013494491,0.06262834027838438,-0.12737716769558913,0.07454012970098713,-0.09161315865746537,-0.01564591003385132,0.01323893118148917,-0.060555851180144685,-0.002944692926630548,0.052798466501080825,-0.11816556863269266,-0.05996598260739892,0.030004245039585695,-0.1087453386488428,0.010078231410346377,-0.042315456457794706,0.05996588010539292,0.05179524775745252,0.03650309963042687,0.03511611415604936,0.028765099370541128,0.038597265444936434,-0.06258055072691215,-0.01724399043870746,0.171272856660348,0.0864781889295118,-0.004461365039828542,-0.1185090006918927,0.06953089982464693,-0.05540706832797831,0.020874020758722706,-0.13757479790586705,-0.09950852225423464,-0.12850975164993106,-0.040832906211182796,2
176,sport,-0.33278250287385924,-0.27853040466610696,-0.39727670596302517,0.09732743536458978,-0.029490652472439878,0.04964170892866033,0.03709141634684637,-0.2582051121879762,0.01980473980573148,0.056651439847488494,0.0597353338784925,0.0019230970054331248,0.008527655718540916,-0.0008713713669204324,0.04654009599124085,0.024480564924478365,-0.00791711147202437,-0.0009667730935765951,0.0037554999239204512,-0.055846896863837654,-0.009912584830209379,-0.028393664194703776,-0.039103793216638386,-0.02144286930935743,0.04778209933971874,0.04822343500342816,0.03788320120036121,0.011119356227861784,-0.04296802560692162,0.006599877055960498,-0.001301302506753034,0.03545606633656916,-0.05252600811965993,0.050310437314264204,-0.059082245469010364,-0.10306907586847407,-0.043906422268677775,-0.07064239862406552,0.04211018080743467,-0.0819096047674965,-0.00982828219850093,-0.016062890077396478,0.01165625687597972,-0.0447720632738253,-0.0043212144785989325,0.040016933298229196,0.039567636720610304,-0.007755492768598667,-0.020810614821018546,-0.038763912042936215,2
177,sport,-0.19028196107012454,-0.11949143390826762,0.3012125576907042,0.022738334442683826,0.6913293347657897,-0.03331007861136069,-0.21316010874849933,-0.13861760463768683,-0.08332418331623148,0.008646703089918753,-0.02946060047100752,-0.08807728620597066,0.0755162921483868,-0.09215432114074736,-0.06889915590316946,-0.07208767972288845,0.026498027295028717,0.05819309002818669,0.1276925971441052,0.009707838857421002,-0.00557195311102064,-0.13165898851911262,0.11420830661033818,0.09174274821662189,0.08172118885228358,-0.18649935349013386,0.13537625479170526,-0.18272754167241775,0.09608037916706519,0.005793527832205625,0.017876580566894427,0.09054273528301887,0.01422096978883449,0.010511278840940096,0.028054980663372954,0.0015776244130879839,-0.027491956509987977,0.004346058475244306,-0.014612896367619806,-0.01573186090477112,-0.0031995896715185735,0.0014757218747734383,0.008436708747722614,0.0034349455823160617,-0.0045991353794539135,-0.008315453642448853,-0.027973793349031578,-0.020407065129311473,-0.006549723619619416,0.0031050228543984316,2
178,sport,-0.15414978669911839,-0.1519154980042407,-0.20372361665825275,0.08272603500013553,-0.04021410014490805,-0.09814861006283192,-0.011803228099944907,-0.04470260233468288,0.03988786223852276,0.0038764309896129304,0.01852504871799064,0.010493373476085335,0.041108608266305996,-0.01088006090848915,-0.04471018735355044,0.026180169457314238,0.01291685677871386,0.17071674899197783,-0.018008438188548838,0.17105710087349807,0.04812045608926231,0.07716859484123936,0.04695918584460597,0.07339436359286423,-0.20753895838567157,0.033650403297585375,0.06726700510204679,-0.06924878592367774,0.06824839967555477,0.16084813380053914,0.18649487617321878,-0.07068253322238607,-0.130839818231153,-0.13667108661095353,0.08290332878228067,0.1656846151095405,0.04416736811061345,0.13959323601176196,0.010925277698610828,0.043359442281399214,0.04121396367034302,-0.09382628456384852,-0.17497975910248287,0.1602963596300683,-0.09412837517711052,-0.08420628809209633,-0.04444530867271618,-0.02626590283498839,0.001985700919473263,-0.059621373047297296,2
179,sport,-0.08201622132737112,0.2595146306998894,-0.008188437142878093,0.06878484660871305,0.11630782110184196,-0.07796084242880982,0.07513600776762992,0.03028050367578172,-0.1338608712697445,0.08525295023826726,0.05085351110916685,0.08226797174538268,-0.2349160293543372,0.0938702163541225,0.00724874766024175,0.07712756368520914,-0.05263374983342932,-0.21135827328512635,-0.1334042418368294,-0.003347656218606027,0.03325499082732603,0.21626576473663456,-0.14505495710057426,-0.07111459633275621,-0.0967584938042574,-0.0037652943361174093,-0.06130621270550282,-0.12443687660565121,0.038824265774880656,0.03311052937811178,0.03952230421124956,0.21541396918616768,0.05931743262091851,0.0589483169344679,-0.08175808627414476,0.18472419268823795,-0.012026258957786752,-0.004442638885377468,0.032008710445246585,-0.06796757200889617,0.06627016137141746,0.018251615025545967,-0.0014309870493411298,0.029969013750984767,0.013081044443501423,-0.0755296603337265,0.026391512825009907,0.03211113134060273,-0.05586083309558179,0.07959414096061387,2
180,sport,0.02773272163728833,0.20148812628472032,-0.01517177981140917,-0.04540698367794929,0.025951635799035155,0.23607981952435295,-0.11850754688427013,-0.038024080765201716,0.2805595483528428,-0.12374982534039211,-0.15185021129791726,-0.007494429312992563,0.1935082975331631,0.08159112409042968,0.038232781222028424,-0.011855335367799447,-0.10241418448312381,-0.022541387196125806,-0.23117678710189293,-0.10756108797880137,-0.06572662708921792,-0.29118345281727825,-0.23543116779122356,0.10930082114764597,0.062421734124649284,-0.044463928083248234,-0.1249178726567264,-0.09563488702388054,-0.02586876578513173,0.012301854228901305,0.09268709873382286,-0.15539492103827102,-0.06286632875339747,-0.08569217374165616,0.00654457172687938,0.2259992520395198,-0.015925273617595673,-0.15070914709726457,-0.006940487295040129,-0.0712544330084799,0.03572922097132416,0.03684811534407492,0.032663842750248966,-0.03126810430709349,-0.0008952536048692119,0.0005737415601958982,-0.003740005952812144,-0.039727487015601484,-0.015231666594622129,-0.033064812186642506,2
181,sport,0.022715001108810678,0.11727699917810853,0.027412966238914656,-0.08570481848012752,0.018706016967749747,0.23229650708627192,-0.09363946434542347,-0.00909094561074629,0.2578751624870749,-0.11294252474111413,-0.12760793528019929,0.02501627139250606,0.15376844602169626,0.09652641058278064,0.028137611000689414,-0.002841497609065227,-0.10376484132280935,-0.011076763533228243,-0.23221917143528198,-0.12485116533082659,-0.07806680660134235,-0.305082469002581,-0.3105733413066494,0.08432116596550898,0.06327611978370158,-0.07133097650625873,-0.1378183917630902,-0.15395341468475227,-0.061097847969147176,0.022642963405267433,0.08711182488386185,-0.1593966259106444,-0.08783113969241753,-0.10972630851357035,0.08103430510464925,0.25067596271825465,-0.028468926247009595,-0.16552523474583686,-0.01722506576850487,-0.10226641473000402,0.00010392489135649029,0.039654657866789504,0.035352216893917036,-0.06468711816089742,0.032573974043752875,-0.03198709626963787,0.012997961507251772,-0.01112131202828775,-0.0038881573343456034,-0.002763384773566169,2
182,sport,-0.013502007602717062,0.1744630844884448,-0.04180908629772088,-0.15715363846455402,-0.08469064689119035,0.2110382713285293,-0.17226531435930348,0.03243504407075873,0.023761745118181576,0.09031583745567644,-0.003315458175096246,-0.08088955077798975,-0.10119174393729001,-0.09536733009704677,-0.03523437894540668,0.06067632822186074,0.04320817712126192,-0.0007545535187443819,0.07896912356330639,0.08857162898661028,0.002169249148075906,0.04247136598860506,0.022893651518486394,0.07288827221705847,0.1004857105633357,-0.04703660286374326,0.04389388962657404,0.10628285305288832,-0.01220851878244687,0.09984080777281468,0.06143562055163705,0.022082416613302347,-0.12748611903156074,-0.00032601420148637035,-0.03256224470526661,-0.05676679364451245,-0.01626997439132429,-0.02363757998928626,0.05212090202324288,0.10455811741341367,0.0040168269808874895,-0.04627745562738678,-0.057359544045682,-0.11596090462248974,-0.15012414370108246,-0.08252317803807369,0.06002559933187032,0.008109696070669421,-0.009970859849815909,-0.02251909876045117,2
183,sport,-0.33102326616159455,-0.055680025340180475,0.47687922314998726,0.1495005066613457,-0.25635192997744805,-0.030522468673875435,0.0228004054669036,-0.07981595954733091,0.043723425338248995,-0.019998422198429032,-0.0005332760656245892,-0.004973450746500736,0.040082774495063235,0.005112569350113328,-0.0031209903412477984,0.013350527899784904,0.02726921456946389,0.035302029627048995,0.038367546534062394,-0.002283076800717642,-0.02739270211917041,-0.02057828648913129,0.011586872962991537,-0.045170795517892603,0.11191016930073386,0.03894310731097953,-0.044242965845271424,0.044420330049702784,0.04232532736548173,-0.015386337303186507,0.04884852815086797,-0.005254231308063766,-0.03039801683880016,-0.0773694284699542,0.1218605192295167,0.0007473173077293724,0.0676279858004087,0.0770087618573854,0.11032002163982094,-0.011783747018991085,0.05295951373742796,0.15134438248505835,-0.0692175386224086,0.06485874150520012,-0.0035962318083260477,-0.0752528703521521,-0.02895492581849601,-0.07547379741150169,-0.01626750268259852,-0.004355278666970054,2
184,sport,-0.20362939039815312,-0.10665150428623626,-0.20161507470751283,0.017772861291452707,-0.025991987004997556,0.05114703644756543,-0.016424975123111002,-0.1280266645821764,-0.006243783196154199,0.030591405430596793,0.0009144909564682777,-0.00013942684266351845,0.0055520415314102445,-0.020554330170306383,-0.03703449555289015,-0.015184210501762394,-0.013793045857796627,-0.06824635275364008,-0.11562839734605976,0.1398791500625709,-0.014398497264698775,0.0686389040351649,0.20101782117506345,0.07730789403835257,-0.12213710334178106,-0.043596330500750874,-0.05769693078587781,-0.06800761029414198,-0.10997343025485522,-0.09248355129210696,0.05908849801060084,-0.10181262944441234,0.054074502221836816,0.04899075027673521,0.09196995797005175,0.008423217342356851,-0.019580508340919796,0.009364480702599707,-0.070509172976612,-0.042213531808326835,-0.0017678418815795694,0.007006413632418914,0.011508557673838007,-0.013898531283802744,-0.05175560568027888,0.008920754316220685,-0.08298074702500322,0.0873762494522218,0.052086430101236876,0.11473552621850235,2
185,sport,-0.3158702023348553,-0.22903129374572687,-0.2765589477447503,0.043308045379441336,-0.01328689435555275,0.07053717918877367,0.005331743737252909,-0.0072845713072458695,0.02036396084870058,-0.0017309195900473845,-0.01124872143220239,-0.048163559575617305,-0.04520025917057117,0.00768727399914944,-0.02199668142192771,-0.005481867423158506,0.049653470799886947,-0.06086513009590792,0.07328089614655199,-0.07610960460811834,-0.004510846609089936,0.02279781889277153,-0.01856678011694315,-0.018238831545948596,0.09307836959111408,0.048440129852884414,-0.056952553931886245,0.09597408115898554,0.10602305174314101,0.02486910224214653,0.03104331300121342,0.0889831968970915,0.018692171383836165,-0.02896068732305614,0.08125825699622842,-0.08996181461885311,0.04387601865317663,-0.07596956700332196,0.09623030451087351,-0.06525770900631178,0.046208597275636455,0.056177491235505625,-0.029827308581489995,0.057605621725216265,0.07363498828831115,-0.05080338693516022,-0.07311816541084197,-0.053345742515014116,-0.08526004557119118,0.04782865205524309,2
186,sport,-0.2567277258712794,-0.17783752141694228,-0.1903259545649647,0.10485019488187435,-0.027283264829043093,-0.06676161418604967,-0.014681682748310379,0.06584233125133149,0.013008364204850575,-0.011863536655579291,-0.03672176037132571,-0.03370815585556217,0.04164347236713792,-0.007473616233925105,-0.011137391418541856,-0.019215211949070946,0.012592755787595913,0.07295516068153561,0.02493164504186602,0.015274025126044024,0.01313021841943817,0.021098306190752984,0.04757921928901039,0.013665976686742765,-0.09210551177828126,0.016236788111072892,0.014058816539747826,0.02172535089635994,0.07556263571737291,0.11128520562964388,0.06142787126060811,-0.054982439169130426,0.018147459981313268,-0.11942861478370806,0.02364934219197283,0.13594716060406548,0.038413880376209485,0.0993003442551598,-0.0409812041307296,0.009928761745815166,0.007889894765587966,-0.024340227975213704,-0.07410377549704238,0.10020018397977065,-0.050246416837234735,-0.07069876728789985,0.07110439989006709,0.0302241929324206,-0.08521555762077238,-0.04849751397078277,2
187,sport,-0.3628913600127913,-0.32670998910279425,-0.4039120767525149,0.10047722809261336,-0.00306775459915641,0.06640431307389558,0.07098269080210007,-0.25452533900510965,0.0716071016698749,0.05532346412261602,0.029196665339226546,0.03466896375497392,-0.003512276865303035,0.058186889118686594,0.050318898793533885,0.034464527038532394,-0.00436077967942517,-0.04531901483285075,0.02915046455405859,-0.10922514233984476,0.011882425844103966,-0.030922261417878134,-0.09038969875475371,-0.05405091719988359,0.08046408733083775,0.03652260435955652,0.05495082340942916,-0.005304188803467161,-0.0321791536530459,0.0020763822019087066,-0.013499450247687889,0.047723817534682286,-0.05121711497016423,0.02202224237722344,-0.049545532793342104,-0.14559814428285514,-0.013675230817214933,-0.10915063778437013,0.08770130195870214,-0.10373434817460497,-0.025993427153467353,-0.057362603153981395,-0.00707536071470068,-0.03809898276770822,0.01218912853351893,0.012520331738071844,0.0729516363116345,-0.01209937785527211,0.0117911923766847,-0.05120612143889359,2
188,sport,-0.19801740289749029,-0.08814906053167038,0.2724650745822822,0.04458663957417426,0.4142136905028399,-0.03463300735995094,-0.10511905001496545,-0.08719016502674522,-0.037916597501299866,0.004190374284254268,0.006815810141084586,-0.03680699806449177,-0.0029950884768761197,-0.034289315318894564,0.019075280986859056,-0.01869186204351417,-0.01534700690821879,-0.03815543887036426,-0.03081244209069489,-0.04521689784574018,-0.010823519465027699,0.09191783627141122,-0.05758178443100482,-0.07588078492951192,-0.1730221356000195,0.3354050396512833,-0.19626085729613876,0.3479053860047363,-0.19135650243098512,-0.02535622787525206,-0.07303057920006348,-0.2677665257526448,-0.0927820441765244,-0.02685171856295866,-0.060146205898421186,-0.04357817671219715,0.037082656754452936,-0.03561477775287296,-0.020970337329540664,0.02937256846622395,-0.03194758227703456,-0.0419659800625561,0.04277213626259145,-0.030622487068698516,-0.02374882829399087,-0.03277563635146757,0.018873701011637566,-0.024911958163030098,0.011929775184300412,0.0522291159936272,2
189,sport,-0.15606311250679514,-0.12148918486506538,-0.19680419674152758,0.028372594474357575,-0.010446862050905718,-0.006871851883856864,0.03481047908859146,-0.0965363972594158,0.017168875838601376,-0.010058113126524921,0.017722448893459804,0.06421316973464768,0.030430660678226053,0.0008699569518137152,-0.06989489533334842,0.05925086974707334,-0.012901252315856369,0.09337685596829955,-0.09844897479860967,0.09922956850292113,0.02755049006181139,0.04631722163225077,0.007961962554191815,0.07415043956029252,-0.17721438052238708,0.10534513788746531,0.07594371533730927,-0.13707690197380887,0.0007715169645966233,0.13222674400352932,0.22286828705523185,0.0022541371391678684,-0.11920607749134532,-0.06422393474985728,0.04860533615524625,-0.09989964021903673,-0.058417752693609784,0.06024754622930222,0.059896598986079054,-0.019867552933882406,0.06981755228882158,-0.006131864676991191,-0.20497522297936077,0.10914503281098831,-0.06245918784872703,-0.047821600449759985,-0.11756034805333633,0.07223151855684243,-0.01591136576864867,-0.07486971323031916,2
190,sport,0.046300043719533376,0.2411089490600628,-0.08660150262008225,-0.020790610583050484,-0.05769519617926379,0.1011041208448267,-0.09346752935425204,-0.12161531482383969,0.04640109608516762,0.025539738495917386,-0.04357896642776094,-0.07374247477694926,0.13550632521649134,-0.07014176873418809,-0.11089863707996296,-0.12740689090824436,-0.03526324749921254,-0.04425080918571957,-0.06258706206705958,0.15055558916066003,0.036331200022551136,0.04564507641399462,-0.009968708454354762,0.03844364122207176,0.07523350022397206,0.06087464757510479,-0.048637340333191004,0.013579970070130098,-0.012860782334269941,-0.01320022896099102,-0.003544177043783794,0.07898327050859918,0.14080910283233927,0.11739911580809738,-0.038183756061040464,-0.029877897122762738,-0.039543658457808724,0.0363962232354369,-0.0025830917415071673,0.020174128984576413,-0.02676825970315075,-0.021568112224358473,-0.061670242560708396,0.055706693636800066,-0.09011088853335247,0.0637543825670086,0.030302887727149324,-0.08112292061197784,-0.03863734796887878,-0.09784100730625438,2
191,sport,-0.04417905947390059,-0.05257760016195415,0.020746571411090462,-0.004859137956287394,0.034730686304464256,-0.035140039674476646,0.005858819470596903,0.07073098165593646,0.022137503428782408,-0.014461463089645965,0.0023996829205600854,0.0808433007487105,0.07972657839108392,0.060419429935595355,0.021446002089791086,0.10318730771217591,0.028769891568952002,0.24521965814748023,-0.12033487119430429,0.2267322615387396,0.0403775202503042,0.04621109726123006,-0.18416879627154772,-0.04393731229358546,0.09950810034775852,-0.18088497329512498,0.05656285153763896,0.14117614283313623,-0.12376140360035798,0.04541781155726348,-0.15058650393829653,0.06557554688259191,0.026526633148139737,0.07666975852916746,-0.07986945395694399,-0.010421842257690984,0.00694661489585474,-0.06589615528425605,-0.022183299629484156,-0.004002354103881027,0.033875721118881014,-0.10322288424223465,-0.05650350705205725,0.08203665729463766,0.01682066641248331,-0.04183972443165184,0.11155229083823948,0.04537764607118618,0.044930433158033405,-0.04522387543064218,2
192,sport,-0.0884656834840066,-0.07361607251779825,0.059827673443160805,0.003650507040502219,0.06407805536111442,-0.042059772670524784,0.017831152904617967,0.11082432201419452,0.0387685154771245,-0.03574806265607181,-0.03675578878233901,0.10040686189905225,0.13941100909264303,0.10331754631390057,0.045340786059722436,0.16844732987462516,0.03179012298827273,0.3225926709652766,-0.1820233994965592,0.32515662657394984,0.03676442692691805,0.03758026938391904,-0.24728330232717008,-0.06031541287370742,0.1744609509259617,-0.26564810601656813,0.05210511176093272,0.18009896274063833,-0.15189773366220538,-0.03781957931696234,-0.21780988762463693,0.12579830381481286,0.07705501968116903,0.09465293890986444,-0.05820513319374075,-0.034519666443177645,-0.01810956841268742,-0.023925586255225714,0.018625132098949167,-0.03805650900589719,-0.011074885160795073,-0.11672606468987208,-0.054553128953395036,0.035660813045792245,0.05636008619341893,-0.0167732994421322,-0.04796702850351467,-0.007168727428593895,-0.019197995064390603,0.04203570611256945,2
193,sport,-0.2502157103749369,-0.24630313567368917,-0.17789101690859274,0.04345830196238947,0.05056676661567429,0.03420611402106331,0.047126432197506986,-0.12228903762349748,0.06762025734649117,0.015263057054644171,0.034854529466760174,0.05206073158013329,-0.0006435059653232875,0.06907665013222623,0.0758640022897029,0.08629558299170419,0.025033964973718795,0.004749265422400699,-0.07197913222371749,-0.07235969549145452,0.020529892773197375,-0.02901911114082182,-0.0033076731814137895,-0.04070194176821766,-0.01522442325649256,0.03970592438612253,0.062106498022179935,0.002582384018288026,0.07089238670068906,0.03386113435617948,0.11341875194458124,0.027814759872290668,-0.034574028460049706,-0.05146230949821737,0.01598232346696395,-0.30226936032928614,-0.013055321386671355,-0.1665308588963918,0.24407591089074457,-0.18254895784998973,0.06505651165594449,0.00971336259450967,-0.14669802274235189,0.0390700253373946,0.02825313689698575,-0.01592338258917041,0.06275604031747124,0.03597189713608675,-0.11818602399559791,-0.05867371722729685,2
194,sport,-0.17073943454683943,-0.0045436642957693485,0.24592651455815995,0.038359140115925956,0.35837706882171877,-0.026978474251235254,-0.0820066826935942,-0.08442620905570898,-0.07347310357927024,0.037204370648906526,0.013975597040514013,-0.01707945458767586,-0.10676951511701559,-0.020578145265465777,-0.031650328669900585,-0.011536725111891152,-0.035913831449384905,-0.09552807160468751,-0.07689608970933945,0.045311538160992995,0.02640511145136435,0.14443891406211726,-0.09797543597816004,-0.05243049807071809,-0.09412073551233187,0.1453743350022296,-0.08673504241010083,0.07960441019880743,-0.0877149383459334,-0.023015947330449746,0.01898154961866126,0.031333873579741135,0.006027577594713875,-0.024084132840083147,-0.05184018529382446,0.06737679163604647,0.007642634958265521,-0.05949607322235784,0.02732276665602935,-0.02365866056523506,0.036350904192704335,0.014190120654178602,-0.09442226310791789,0.005110078527678402,0.01719758899612904,0.03732704465361574,-0.048465204777094206,0.006494975636857337,0.012232161532408518,-0.04917853366712695,2
195,sport,-0.19794236439914872,0.08509518574083691,-0.05487912620881359,0.0021441957829466283,-0.019776665092301096,0.07322385641006314,-0.03441154700638642,0.04531596985323935,-0.05828847461214221,0.050530297831332255,-0.0024550085802710524,-0.032186615883415794,-0.12862609374457962,-0.04133423093909474,0.02606785656738522,0.05307886643845575,-0.051414297671515584,-0.06984939214765198,-0.08945976951470154,0.040055277485213814,-0.0378563886238386,-0.03439359671079071,0.18514284584458354,0.13224786631660554,-0.007546710760240941,-0.09540660333150328,-0.07993869941704455,0.01599898116310082,-0.06876331173792857,-0.14897052098202357,-0.03899224035427082,-0.16948317067620988,0.14937518197450164,0.043098784571491286,0.030922546466575558,0.013788879731805944,0.009780099678454958,0.10663175219948684,-0.001099801964763803,-0.020014712308354173,-0.05133370682398148,0.056085395142639785,0.07445801504187084,-0.06982059940507514,-0.08854260307985046,0.09967919931887928,-0.16041447101046702,0.13904738287677007,0.00798209251985025,0.12589416933910624,2
196,sport,-0.31676927170551467,-0.25682820305010073,-0.32343187329164313,0.08246759101628935,-0.01435604149279471,0.05486122948189719,0.018787433089344708,-0.06874887724697694,0.021477046095406092,0.02824403076778037,0.0009077526488552643,-0.04810021936467646,-0.046667794464940085,-0.0030231183451820526,0.056895140214803436,-0.05146735287858098,-0.005651153670917456,-0.09244533606872665,0.06527680784610898,-0.11239176564466803,0.014978971154214586,-0.029378546737334317,-0.0063157971753868775,-0.048823144943030375,0.074291910520735,-0.05866193744590005,-0.02757314239509228,0.05934578220691578,0.03056201104167449,-0.06457344845545186,-0.1407675273336838,0.04060737511266081,0.11187070884724609,0.0182379230059345,-0.01780547966574603,0.1345084857733054,0.06056816831400723,-0.02637151901838187,-0.004033023144608548,0.14711110442700445,0.02021076455867867,0.07994840783316914,-0.001884401918326651,0.06323284135136771,0.01934105277806732,0.03267501872509767,-0.01879946305159992,-0.06806526432473695,-0.03409292695088716,-0.03191350018227349,2
197,sport,-0.01796333629606206,0.131370635733074,-0.013001343373081902,-0.08991555892530766,-0.005813260338270602,0.14835062813811756,-0.14084487578381777,0.07226551250322319,0.11597575253321063,-0.010954865688671739,0.03640627419547268,-0.004415373531210754,-0.14737081379300693,0.036549010181752856,0.07116498246780081,0.10544647114233723,-0.04095348423879608,0.023780686962164035,0.015110338582961062,-0.06217432761803117,0.024324280684931456,0.04900559906281165,0.12004093146844369,0.029015745960635133,-0.10436034180746116,-0.10432977044348694,-0.059780800023978,0.013692923372162479,-0.004665266909665645,-0.018305074616084695,-0.07575073235342579,0.12693153322935255,0.003902369257244205,-0.17088729511637035,-0.22508607160143787,-0.046439736055441064,-0.10251548912270965,-0.13973676224383175,0.11657230011252416,-0.010376896052194736,0.08841714359268313,-0.0129384013566217,-0.1176472094517479,0.02577798368917057,-0.15650864328870526,0.13481234217698324,0.0029158085076316123,-0.12086149923802085,0.11392817118757381,-0.0031819931241878637,2
198,sport,-0.34190300943750834,-0.006185544949634543,0.46242351205586807,0.17298713667944385,-0.2866410892059068,-0.015542889329614663,0.019800024669466263,-0.08169626274853597,0.04479557530594307,0.008264788969395934,-0.007583117611427948,-0.019268114627304343,0.010793852954906513,0.006352257567422674,-0.02791212415672944,-0.036244158110850265,0.015964376589434465,-0.03432486845281928,0.030473803723348326,-0.004891810292385033,0.0030388235445827777,0.002895100048595737,-0.04056204813017609,-0.0010364648525445102,-0.0021536872403032908,0.0034249820372741556,0.000709856170351989,-0.0133265302154316,-0.013930502531441345,0.0128823063149861,0.057053036972065575,0.051937871772465616,0.02865570235606966,-0.01390009670462109,0.05629877897969695,0.040737274405955586,0.017581935812568377,0.04976222392243301,0.020536387560268394,0.0009562723263605837,0.023817407657888763,0.055045642921214735,-0.023373639682187527,0.031225225551586886,0.052569243403666525,-0.038450465149628056,-0.04326644905288208,-0.010145283512764875,0.04740501139244748,-0.028023654859733824,2
199,sport,-0.2348114655828248,-0.09345486735880672,-0.07255281662531547,0.01702509569171477,-0.027328818772713075,-0.017329413820883297,-0.02565779715551771,0.40650675111477735,-0.08034821198445581,-0.09654911254115259,-0.1187825725142181,-0.09227624674831894,-0.01854107337091684,-0.033947078056989176,-0.08520014779452358,-0.07149656939111543,-0.024136510879299723,-0.08214847694950941,0.06724087237801339,-0.06613639968238495,0.00570489639274305,-0.00046153842348947195,-0.056927937094275224,0.0029448178712326778,0.06967273936608841,0.01945737022394026,-0.02811972363346222,0.009556240509897864,0.012858693753485306,0.05364909132016309,-0.010600605459343836,0.12942558524736547,0.010996207795413358,-0.018317481224930984,-0.008125703704181647,0.04145337167558593,-0.01472000563684383,0.00013244819038024937,0.02287342103194856,-0.015733353305250032,0.04223922011650462,0.015159352653988373,-0.030221577571706404,0.05417769537351046,-0.01849417359964901,-0.00816545613341629,-0.06590276066206432,0.01871947028432822,-0.040949981492049654,-0.025157962415169665,2
200,sport,-0.10404058065448384,0.14303790635524485,0.054472093466618306,0.00837477009342784,0.03220088059203225,0.0398688271097712,-0.020393709547169285,0.0383912435770255,0.06438000318490596,-0.02107168554398796,0.006895086143385354,0.03358548029377463,-0.15048076830769874,0.08764589685368099,0.06914306823884891,0.11343003784839127,-0.1049705319032927,-0.043565322510618364,-0.1080451569055999,-0.03681257590908394,0.06848372690685427,0.054545611001715885,0.16829594458737587,0.05286005106610119,-0.14739014548213808,-0.1499610320029459,-0.12614713885175496,-0.05214997594757559,0.005286391783707255,-0.03326756643939528,-0.041617062311994635,0.04762965461656622,0.09633789203746944,-0.14861201086568765,-0.22485476258005715,-0.023976831089960814,-0.0637978370323928,-0.12951272941497646,0.14138594800759488,-0.07775303482548185,0.017459988895199657,0.07610953528992018,-0.1454724874550889,-0.01428026567933445,-0.1332532097995199,0.14672841755125027,0.06904925305838543,-0.0706129952391288,0.09622116547088042,-0.001556458928673627,2
